אבי אילסון,כל המוזיקה\אבי אילסון
אבי הס,כל המוזיקה\אבי הס
אבי מילר,כל המוזיקה\אבי מילר
אביש בראדט,כל המוזיקה\אביש בראדט
אבישי אשל,כל המוזיקה\אבישי אשל
אביתר בנאי,כל המוזיקה\אביתר בנאי
אברהם מרדכי שוורץ,כל המוזיקה\אברהם מרדכי שוורץ
אברהם פריד,כל המוזיקה\אברהם פריד
אברומי ויינברג,כל המוזיקה\אברומי ויינברג
אברימי רוט,כל המוזיקה\אברימי רוט
אהרל'ה וינטרוב,כל המוזיקה\אהרל'ה וינטרוב
אהרל'ה סמט,כל המוזיקה\אהרל'ה סמט
אהרן רזאל,כל המוזיקה\אהרן רזאל
אודי אולמן,כל המוזיקה\אודי אולמן
אודי דוידי,כל המוזיקה\אודי דוידי
אודי דמארי,כל המוזיקה\אודי דמארי
אוהד מושקוביץ,כל המוזיקה\אוהד מושקוביץ
אורי דוידי,כל המוזיקה\אורי דוידי
אידיש נחת,כל המוזיקה\אידיש נחת
אייבי רוטנברג,כל המוזיקה\אייבי רוטנברג
אייזיק האניג,כל המוזיקה\אייזיק האניג
איציק אשל,כל המוזיקה\איציק אשל
איציק דדיה,כל המוזיקה\איציק דדיה
איתן כץ,כל המוזיקה\איתן כץ
אלי הרצליך,כל המוזיקה\אלי הרצליך
אלי מרכוס,כל המוזיקה\אלי מרכוס
אלי פרידמן,כל המוזיקה\אלי פרידמן
אמני ישראל,כל המוזיקה\אמני ישראל
אמנים שונים,כל המוזיקה\אמנים שונים
אפרים מנדלסון,כל המוזיקה\אפרים מנדלסון
ארי גולדוואג,כל המוזיקה\ארי גולדוואג
ארי היל,כל המוזיקה\ארי היל
ארי רייך,כל המוזיקה\ארי רייך
ביני לנדאו,כל המוזיקה\ביני לנדאו
בן ציון שנקר,כל המוזיקה\בן ציון שנקר
בני פרידמן,כל המוזיקה\בני פרידמן
בנצי קלצקין,כל המוזיקה\בנצי קלצקין
בנצי שטיין,כל המוזיקה\בנצי שטיין
בערי וועבר,כל המוזיקה\בערי וועבר
ברוך לוין,כל המוזיקה\ברוך לוין
ברוך נפתל,כל המוזיקה\ברוך נפתל
ברוך שלום,כל המוזיקה\ברוך שלום
גד אלבז,כל המוזיקה\גד אלבז
דב הנדלר,כל המוזיקה\דב הנדלר
דדי גראוכר,כל המוזיקה\דדי גראוכר
דוד בן ארזה,כל המוזיקה\דוד בן ארזה
דוד לואי,כל המוזיקה\דוד לואי
דוד שמחה,כל המוזיקה\דוד שמחה
דודו פישר,כל המוזיקה\דודו פישר
דודי לינקר,כל המוזיקה\דודי לינקר
דודי קאליש,כל המוזיקה\דודי קאליש
דודי קנופלר,כל המוזיקה\דודי קנופלר
דרשו,כל המוזיקה\דרשו
האסק,כל המוזיקה\האסק
היום השמיני,כל המוזיקה\היום השמיני
הלל פלאי,כל המוזיקה\הלל פלאי
המזמרים,כל המוזיקה\המזמרים
המנגנים,כל המוזיקה\המנגנים
הראל טל,כל המוזיקה\הראל טל
ווקאלי,כל המוזיקה\ווקאלי
זאנוויל וינברגר,כל המוזיקה\זאנוויל וינברגר
זהר אגבשוף,כל המוזיקה\זהר אגבשוף
זושא,כל המוזיקה\זושא
חיים גרין,כל המוזיקה\חיים גרין
חיים ישראל,כל המוזיקה\חיים ישראל
חיים שלמה מאייעס,כל המוזיקה\חיים שלמה מאייעס
חיליק פראנק,כל המוזיקה\חיליק פראנק
חנן בן ארי,כל המוזיקה\חנן בן ארי
יהודה גלאנץ,כל המוזיקה\יהודה גלאנץ
יהודה גרין,כל המוזיקה\יהודה גרין
יהודה דים,כל המוזיקה\יהודה דים
יהודה פרוינדליך,כל המוזיקה\יהודה פרוינדליך
יהונתן בן עזרא,כל המוזיקה\יהונתן בן עזרא
יואלי גרינפלד,כל המוזיקה\יואלי גרינפלד
יואלי דיקמן,כל המוזיקה\יואלי דיקמן
יואלי פלקוביץ,כל המוזיקה\יואלי פלקוביץ
יואלי קליין ושייע גראס,כל המוזיקה\יואלי קליין ושייע גראס
יומי לואי,כל המוזיקה\יומי לואי
יונגערליך,כל המוזיקה\יונגערליך
יוני זי,כל המוזיקה\יוני זי
יונתן רזאל,כל המוזיקה\יונתן רזאל
יונתן שיינפלד,כל המוזיקה\יונתן שיינפלד
יוסי גרין,כל המוזיקה\יוסי גרין
יוסף חיים שוואקי,כל המוזיקה\יוסף חיים שוואקי
יוסף משה כהנא,כל המוזיקה\יוסף משה כהנא
יוסף קרדונר,כל המוזיקה\יוסף קרדונר
יידל ורדיגר,כל המוזיקה\יידל ורדיגר
יעקב למר,כל המוזיקה\יעקב למר
יעקב שוואקי,כל המוזיקה\יעקב שוואקי
ישי לפידות,כל המוזיקה\ישי לפידות
ישי ריבו,כל המוזיקה\ישי ריבו
ישיבה בויס,כל המוזיקה\ישיבה בויס
ישראל אדלר,כל המוזיקה\ישראל אדלר
ישראל דגן,כל המוזיקה\ישראל דגן
ישראל ורדיגר,כל המוזיקה\ישראל ורדיגר
כל משפחת ורדיגר,כל המוזיקה\כל משפחת ורדיגר
לוי כהן,כל המוזיקה\לוי כהן
לוי פלקוביץ,כל המוזיקה\לוי פלקוביץ
ליפא שמעלצר,כל המוזיקה\ליפא שמעלצר
מאיר אדלר,כל המוזיקה\מאיר אדלר
מוטי אילוביץ,כל המוזיקה\מוטי אילוביץ
מוטי גרינבוים,כל המוזיקה\מוטי גרינבוים
מוטי וייס,כל המוזיקה\מוטי וייס
מוטי רוטמן,כל המוזיקה\מוטי רוטמן
מוטי שטיינמץ,כל המוזיקה\מוטי שטיינמץ
מונה רוזנבלום,כל המוזיקה\מונה רוזנבלום
מועדי השנה,כל המוזיקה\מועדי השנה
מידד טסה,כל המוזיקה\מידד טסה
מיילך קאהן,כל המוזיקה\מיילך קאהן
מיכאל פרוזנסקי,כל המוזיקה\מיכאל פרוזנסקי
מיכאל שטריכר,כל המוזיקה\מיכאל שטריכר
מיכה גמרמן,כל המוזיקה\מיכה גמרמן
מנגינות וניגונים,כל המוזיקה\מנגינות וניגונים
מנדי ג'רופי,כל המוזיקה\מנדי ג'רופי
מנדי וייס,כל המוזיקה\מנדי וייס
מענדל ראטה,כל המוזיקה\מענדל ראטה
מצעד העשור תשעט-תשפ,כל המוזיקה\מצעד העשור תשעט-תשפ
מקבץ זמרים,כל המוזיקה\מקבץ זמרים
מקהלת מלכות,כל המוזיקה\מקהלת מלכות
מקהלת משאלות,כל המוזיקה\מקהלת משאלות
מרדכי בן דוד,כל המוזיקה\מרדכי בן דוד
מרדכי גוטליב,כל המוזיקה\מרדכי גוטליב
מרדכי שפירא,כל המוזיקה\מרדכי שפירא
מרמ מיוזיק,כל המוזיקה\מרמ מיוזיק
משה גולדמאן,כל המוזיקה\משה גולדמאן
משה לאופר,כל המוזיקה\משה לאופר
משה פלד,כל המוזיקה\משה פלד
משה קליין,כל המוזיקה\משה קליין
משולם גרינברגר,כל המוזיקה\משולם גרינברגר
משפחת מנת,כל המוזיקה\משפחת מנת
נח פלאי,כל המוזיקה\נח פלאי
נחמן גולדברג,כל המוזיקה\נחמן גולדברג
נחת,כל המוזיקה\נחת
ניסים בלאק,כל המוזיקה\ניסים בלאק
נפתלי קמפה,כל המוזיקה\נפתלי קמפה
נפתלי שניצלער,כל המוזיקה\נפתלי שניצלער
סינגלים,כל המוזיקה\סינגלים
סינגלים מצויינים,כל המוזיקה\סינגלים מצויינים
עדי רן,כל המוזיקה\עדי רן
עוזיה צדוק,כל המוזיקה\עוזיה צדוק
עיתוני חג - אלבומים,כל המוזיקה\עיתוני חג - אלבומים
עמירן דביר,כל המוזיקה\עמירן דביר
עמית ליסטוונד,כל המוזיקה\עמית ליסטוונד
עקיבא,כל המוזיקה\עקיבא
עקיבא געלב,כל המוזיקה\עקיבא געלב
פיאמנטה,כל המוזיקה\פיאמנטה
פיני אינהורן,כל המוזיקה\פיני אינהורן
פרויקט קפיצת הדרך,כל המוזיקה\פרויקט קפיצת הדרך
פרחי ירושלים,כל המוזיקה\פרחי ירושלים
פרחי ירושלים - יגאל צאליק,כל המוזיקה\פרחי ירושלים - יגאל צאליק
פרחי לונדון,כל המוזיקה\פרחי לונדון
פרחי מיאמי,כל המוזיקה\פרחי מיאמי
פרחי ניו יורק,כל המוזיקה\פרחי ניו יורק
פרחי ניו יורק - יגאל צאליק,כל המוזיקה\פרחי ניו יורק - יגאל צאליק
פרחי שיר ושבח,כל המוזיקה\פרחי שיר ושבח
צבי זילברשטיין,כל המוזיקה\צבי זילברשטיין
צליל וזמר,כל המוזיקה\צליל וזמר
צמאה,כל המוזיקה\צמאה
צמד ילד,כל המוזיקה\צמד ילד
קובי ברומר,כל המוזיקה\קובי ברומר
קובי גרינבוים,כל המוזיקה\קובי גרינבוים
קינדרלעך,כל המוזיקה\קינדרלעך
רולי דיקמן,כל המוזיקה\רולי דיקמן
שולי רנד,כל המוזיקה\שולי רנד
שוקי,כל המוזיקה\שוקי
שוקי סלומון,כל המוזיקה\שוקי סלומון
שירי רגש,כל המוזיקה\שירי רגש
שירת המונים,כל המוזיקה\שירת המונים
שלהבת,כל המוזיקה\שלהבת
שלוימי גרטנר,כל המוזיקה\שלוימי גרטנר
שלוימי דאסקל,כל המוזיקה\שלוימי דאסקל
שלוימי טויסיג,כל המוזיקה\שלוימי טויסיג
שלום לעמר,כל המוזיקה\שלום לעמר
שלמה יהודה רכניץ,כל המוזיקה\שלמה יהודה רכניץ
שלמה כהן,כל המוזיקה\שלמה כהן
שלמה קרליבך,כל המוזיקה\שלמה קרליבך
שלמה שמחה,כל המוזיקה\שלמה שמחה
שלשלת,כל המוזיקה\שלשלת
שמואל גרינמן,כל המוזיקה\שמואל גרינמן
שמחה ליינר,כל המוזיקה\שמחה ליינר
שמחה פרידמן,כל המוזיקה\שמחה פרידמן
שמחת החיים,כל המוזיקה\שמחת החיים
שמילי אונגר,כל המוזיקה\שמילי אונגר
שמעי ענגל,כל המוזיקה\שמעי ענגל
שרגי,כל המוזיקה\שרגי
שרולי ויליגר,כל המוזיקה\שרולי ויליגר
אוסף מוסיקה מקפיצה,מסודר מחדש\אוספים\אוסף מוסיקה מקפיצה
אוסף שירים תימניים,מסודר מחדש\אוספים\אוסף שירים תימניים
אוספים חסידים,מסודר מחדש\אוספים\אוספים חסידים
האוסף החסידי,מסודר מחדש\אוספים\האוסף החסידי
הרב עובדיה,מסודר מחדש\אוספים\הרב עובדיה
מחרוזות,מסודר מחדש\אוספים\מחרוזות
נחמן פילמר,מסודר מחדש\אוספים\נחמן פילמר
ניסו סלוב,מסודר מחדש\אוספים\ניסו סלוב
רדיו בית ישראל,מסודר מחדש\אוספים\רדיו בית ישראל
רדיו קול חי,מסודר מחדש\אוספים\רדיו קול חי
שירי כיסוי,מסודר מחדש\אוספים\שירי כיסוי
שלומי טויטו,מסודר מחדש\אוספים\שלומי טויטו
שמואל יפת,מסודר מחדש\אוספים\שמואל יפת
אבי דויטש ודור אסרף,מסודר מחדש\דואטים\אבי דויטש ודור אסרף
אביהו מדינה ושימי תבורי,מסודר מחדש\דואטים\אביהו מדינה ושימי תבורי
אברהם ואליהו סילם,מסודר מחדש\דואטים\אברהם ואליהו סילם
אברהם רוזנבלום ולהקת התפוצות,מסודר מחדש\דואטים\אברהם רוזנבלום ולהקת התפוצות
אברומי גענוד ומקהלת שירה,מסודר מחדש\דואטים\אברומי גענוד ומקהלת שירה
אברומי וייס אודי אולמן ויהודה דים,מסודר מחדש\דואטים\אברומי וייס אודי אולמן ויהודה דים
אברומי קאליש וועלוי אדלר,מסודר מחדש\דואטים\אברומי קאליש וועלוי אדלר
אברומי קאליש ותולי ברול,מסודר מחדש\דואטים\אברומי קאליש ותולי ברול
אברומי שטראוס וחיים גולד,מסודר מחדש\דואטים\אברומי שטראוס וחיים גולד
אברימי קלטר ואייבי רוטנברג,מסודר מחדש\דואטים\אברימי קלטר ואייבי רוטנברג
איצי קפולוביץ וצבי דניאל,מסודר מחדש\דואטים\איצי קפולוביץ וצבי דניאל
איציק קרייף וניסים קדוש,מסודר מחדש\דואטים\איציק קרייף וניסים קדוש
איתן יקיר וחיים אורי קוטלר,מסודר מחדש\דואטים\איתן יקיר וחיים אורי קוטלר
אלחי רפואה וגד אלבז,מסודר מחדש\דואטים\אלחי רפואה וגד אלבז
אלחנן הלפגוט מנדי וייס ומקהלת מלכות,מסודר מחדש\דואטים\אלחנן הלפגוט מנדי וייס ומקהלת מלכות
אלחנן מן הבאר וישיבת המקדש,מסודר מחדש\דואטים\אלחנן מן הבאר וישיבת המקדש
אלי רשבש ואודי אולמן,מסודר מחדש\דואטים\אלי רשבש ואודי אולמן
אליה והב ומורי טרדיו,מסודר מחדש\דואטים\אליה והב ומורי טרדיו
אליהו וחיים שלמה ליבוביץ,מסודר מחדש\דואטים\אליהו וחיים שלמה ליבוביץ
אליהו חייט וישראל לאוב,מסודר מחדש\דואטים\אליהו חייט וישראל לאוב
אליהו לייפר ואיתמר שטיין,מסודר מחדש\דואטים\אליהו לייפר ואיתמר שטיין
אליעזר בוצר ומרדכי רוט,מסודר מחדש\דואטים\אליעזר בוצר ומרדכי רוט
אליעזר שוובר ויצחק מאיר,מסודר מחדש\דואטים\אליעזר שוובר ויצחק מאיר
אליקים ביננשטוק-ביום ההוא,מסודר מחדש\דואטים\אליקים ביננשטוק-ביום ההוא
אלירן אלבז ורועי ידיד,מסודר מחדש\דואטים\אלירן אלבז ורועי ידיד
אלעד ורפאל דניאל כהן,מסודר מחדש\דואטים\אלעד ורפאל דניאל כהן
אסף נגל וג'ראר דראי,מסודר מחדש\דואטים\אסף נגל וג'ראר דראי
ארז נטף ואילן דמארי,מסודר מחדש\דואטים\ארז נטף ואילן דמארי
"ארי היל, אלי מרקוס - פרויקט X","מסודר מחדש\דואטים\ארי היל, אלי מרקוס - פרויקט X"
אריה דוד ויוני אליאב,מסודר מחדש\דואטים\אריה דוד ויוני אליאב
אריה פרלמן ושלום ג'קובס,מסודר מחדש\דואטים\אריה פרלמן ושלום ג'קובס
אשר שיק וחילי ריכטר,מסודר מחדש\דואטים\אשר שיק וחילי ריכטר
ברוך כהן ודובי גינז,מסודר מחדש\דואטים\ברוך כהן ודובי גינז
ג'רמי סטיימן ומוטי קורנפלד,מסודר מחדש\דואטים\ג'רמי סטיימן ומוטי קורנפלד
גבריאל טומבק וגד אלבז,מסודר מחדש\דואטים\גבריאל טומבק וגד אלבז
גרשון אורי ואפרים מרקאוויטש,מסודר מחדש\דואטים\גרשון אורי ואפרים מרקאוויטש
גרשון ווראבה דדי דב לוין,מסודר מחדש\דואטים\גרשון ווראבה דדי דב לוין
דוד ועובדיה יוסף חפצדי,מסודר מחדש\דואטים\דוד ועובדיה יוסף חפצדי
דודי ורחמים סויסה,מסודר מחדש\דואטים\דודי ורחמים סויסה
דני ואריה קונסטלר,מסודר מחדש\דואטים\דני ואריה קונסטלר
דני פלגון ויוני זינגלבוים,מסודר מחדש\דואטים\דני פלגון ויוני זינגלבוים
האחים דסקל ולהקת סבבה,מסודר מחדש\דואטים\האחים דסקל ולהקת סבבה
הערשי סגל ומנדי וייס,מסודר מחדש\דואטים\הערשי סגל ומנדי וייס
הערשי סגל ושמילי אונגר,מסודר מחדש\דואטים\הערשי סגל ושמילי אונגר
הראל חדד ואייל כהן,מסודר מחדש\דואטים\הראל חדד ואייל כהן
הרשי סגל מנדי וייס אברימי קלצקין שלוימי ברנשטיין,מסודר מחדש\דואטים\הרשי סגל מנדי וייס אברימי קלצקין שלוימי ברנשטיין
הרשי פוזנר ושלמה טויסיג,מסודר מחדש\דואטים\הרשי פוזנר ושלמה טויסיג
זוהר דוד נועם דוד וארז לונברג,מסודר מחדש\דואטים\זוהר דוד נועם דוד וארז לונברג
חזי פניאן וציון גולן,מסודר מחדש\דואטים\חזי פניאן וציון גולן
חיים ברוין וישעיה מנדלוביץ,מסודר מחדש\דואטים\חיים ברוין וישעיה מנדלוביץ
טל ועקנין וגד אלבז,מסודר מחדש\דואטים\טל ועקנין וגד אלבז
טל שגב ועמיר בניון,מסודר מחדש\דואטים\טל שגב ועמיר בניון
יהודה ואהרון נלברג,מסודר מחדש\דואטים\יהודה ואהרון נלברג
יהודה כץ והמעגל,מסודר מחדש\דואטים\יהודה כץ והמעגל
יהושע בערקא ומקהלת ידידים,מסודר מחדש\דואטים\יהושע בערקא ומקהלת ידידים
יואלי גליק ומקהלת לחיים,מסודר מחדש\דואטים\יואלי גליק ומקהלת לחיים
יוני ומוטי זינגלבוים,מסודר מחדש\דואטים\יוני ומוטי זינגלבוים
יוני יעיש ונדב ביטון,מסודר מחדש\דואטים\יוני יעיש ונדב ביטון
יוני רכטר ועלי מוהר,מסודר מחדש\דואטים\יוני רכטר ועלי מוהר
יוסי לייפר ומקהלת נשמה,מסודר מחדש\דואטים\יוסי לייפר ומקהלת נשמה
יוסי פיאמנטה ואריה קונסטלר,מסודר מחדש\דואטים\יוסי פיאמנטה ואריה קונסטלר
יוסי קליימן וברוך פולק,מסודר מחדש\דואטים\יוסי קליימן וברוך פולק
יוסל רוזנפלד ומוטי שטיינמיץ,מסודר מחדש\דואטים\יוסל רוזנפלד ומוטי שטיינמיץ
יוסף מאיר יואל שווארץ ויואלי גרינפלד,מסודר מחדש\דואטים\יוסף מאיר יואל שווארץ ויואלי גרינפלד
יענקי בריסקמן ומקהלת שירה,מסודר מחדש\דואטים\יענקי בריסקמן ומקהלת שירה
יענקי ודובי ברזיל,מסודר מחדש\דואטים\יענקי ודובי ברזיל
יענקי עקשטיין וארי רוטבלט,מסודר מחדש\דואטים\יענקי עקשטיין וארי רוטבלט
יעקב ויוסף בן שבת,מסודר מחדש\דואטים\יעקב ויוסף בן שבת
יעקב ומנחם שוואקי,מסודר מחדש\דואטים\יעקב ומנחם שוואקי
יצחק מאיר הלפגוט ואידיש נחת,מסודר מחדש\דואטים\יצחק מאיר הלפגוט ואידיש נחת
לוי יצחק כהן ויונה גרינפלד,מסודר מחדש\דואטים\לוי יצחק כהן ויונה גרינפלד
מאיר דב קליין ומקהלת מלכות,מסודר מחדש\דואטים\מאיר דב קליין ומקהלת מלכות
מאיר קליין ויואלי דוידוביץ,מסודר מחדש\דואטים\מאיר קליין ויואלי דוידוביץ
מוטי אברהם ומוטי ברקו,מסודר מחדש\דואטים\מוטי אברהם ומוטי ברקו
מוטי אייננדסון מקהלת יחד ואהרלה נחשוני,מסודר מחדש\דואטים\מוטי אייננדסון מקהלת יחד ואהרלה נחשוני
מוטי ליבוביץ ומקהלת נרננה,מסודר מחדש\דואטים\מוטי ליבוביץ ומקהלת נרננה
מוטי מילר יהושע בערקא ומקהלת ידידים,מסודר מחדש\דואטים\מוטי מילר יהושע בערקא ומקהלת ידידים
מוישי רוזנברג ופרחי שיר ושבח,מסודר מחדש\דואטים\מוישי רוזנברג ופרחי שיר ושבח
"משה דודי, מיר טולידנו ויורם ואזאנה","מסודר מחדש\דואטים\משה דודי, מיר טולידנו ויורם ואזאנה"
משה שטעקל ומקהלת כתר,מסודר מחדש\דואטים\משה שטעקל ומקהלת כתר
נוריאל חדד וישראל דדון,מסודר מחדש\דואטים\נוריאל חדד וישראל דדון
נתי ונחמן פוקס,מסודר מחדש\דואטים\נתי ונחמן פוקס
נתן קוט חזקי גליק ושימשי לעברון,מסודר מחדש\דואטים\נתן קוט חזקי גליק ושימשי לעברון
סנדר געלב ואליעזר וייס,מסודר מחדש\דואטים\סנדר געלב ואליעזר וייס
עדי רן ושרוליק הרשטיק,מסודר מחדש\דואטים\עדי רן ושרוליק הרשטיק
פיני קליין ומקהלת שירה,מסודר מחדש\דואטים\פיני קליין ומקהלת שירה
ציון גולן ואודי דמארי,מסודר מחדש\דואטים\ציון גולן ואודי דמארי
ציון גולן ומידד טסה,מסודר מחדש\דואטים\ציון גולן ומידד טסה
רז חדד ומידד טסה,מסודר מחדש\דואטים\רז חדד ומידד טסה
רפאל בניזרי ומקהלת ערבים,מסודר מחדש\דואטים\רפאל בניזרי ומקהלת ערבים
שולם למר ודוד היל,מסודר מחדש\דואטים\שולם למר ודוד היל
שימי אייזן ויואלי ליסואר,מסודר מחדש\דואטים\שימי אייזן ויואלי ליסואר
שימי סקלר ואברימי לונגר,מסודר מחדש\דואטים\שימי סקלר ואברימי לונגר
שלמה ועמי כהן,מסודר מחדש\דואטים\שלמה ועמי כהן
שלמה יעקב וובר ומקהלת זמירות,מסודר מחדש\דואטים\שלמה יעקב וובר ומקהלת זמירות
שמחה יוסקוביץ ומקהלת ידידים,מסודר מחדש\דואטים\שמחה יוסקוביץ ומקהלת ידידים
שמעון דוידוביץ שלום שטיינברג ומקהלת מלכות,מסודר מחדש\דואטים\שמעון דוידוביץ שלום שטיינברג ומקהלת מלכות
שרולי אלטמן ומקהלת שירה,מסודר מחדש\דואטים\שרולי אלטמן ומקהלת שירה
שרולי טווערסקי ואלי ביער,מסודר מחדש\דואטים\שרולי טווערסקי ואלי ביער
שרוליק דייטל ומנדי וייס,מסודר מחדש\דואטים\שרוליק דייטל ומנדי וייס
תשעד-חיים ברייער ומוטי לייכטער,מסודר מחדש\דואטים\תשעד-חיים ברייער ומוטי לייכטער
אוהל,מסודר מחדש\הופעות ואירועים\אוהל
אוונט,מסודר מחדש\הופעות ואירועים\אוונט
איציק אשל,מסודר מחדש\הופעות ואירועים\איציק אשל
אירוע ערבים תש,מסודר מחדש\הופעות ואירועים\אירוע ערבים תש
ארגון יש תקווה,מסודר מחדש\הופעות ואירועים\ארגון יש תקווה
בלב אחד,מסודר מחדש\הופעות ואירועים\בלב אחד
בלב אחד - ענקי הזמר החסידי 2014,מסודר מחדש\הופעות ואירועים\בלב אחד - ענקי הזמר החסידי 2014
בלב אחד הערשי סגל מנדי וייס סוכות תשע''ז,מסודר מחדש\הופעות ואירועים\בלב אחד הערשי סגל מנדי וייס סוכות תשע''ז
הופעות חיות,מסודר מחדש\הופעות ואירועים\הופעות חיות
הקול הבא 3,מסודר מחדש\הופעות ואירועים\הקול הבא 3
זה לזה עם יענקי לנדאו זאנוויל ויינברגר ומקהלת מלכות סוכות תשע''ז,מסודר מחדש\הופעות ואירועים\זה לזה עם יענקי לנדאו זאנוויל ויינברגר ומקהלת מלכות סוכות תשע''ז
חיים מאיר הירש,מסודר מחדש\הופעות ואירועים\חיים מאיר הירש
לב לחיים,מסודר מחדש\הופעות ואירועים\לב לחיים
מלווה מלכה חספין,מסודר מחדש\הופעות ואירועים\מלווה מלכה חספין
עוז והדר,מסודר מחדש\הופעות ואירועים\עוז והדר
קעמפ באיאן תשע''ג - מגדל העמק,מסודר מחדש\הופעות ואירועים\קעמפ באיאן תשע''ג - מגדל העמק
אליעזר שוובר,מסודר מחדש\זמרי שירים בודדים\אליעזר שוובר
דוד יצחק אמיר,מסודר מחדש\זמרי שירים בודדים\דוד יצחק אמיר
דוד כהן,מסודר מחדש\זמרי שירים בודדים\דוד כהן
דוד לייפער,מסודר מחדש\זמרי שירים בודדים\דוד לייפער
דוד לעוי,מסודר מחדש\זמרי שירים בודדים\דוד לעוי
דוד נחום,מסודר מחדש\זמרי שירים בודדים\דוד נחום
דוד ניר,מסודר מחדש\זמרי שירים בודדים\דוד ניר
דוד סיטבון,מסודר מחדש\זמרי שירים בודדים\דוד סיטבון
דוד סקייסט,מסודר מחדש\זמרי שירים בודדים\דוד סקייסט
דוד סרברו,מסודר מחדש\זמרי שירים בודדים\דוד סרברו
דוד פנחס ראטה,מסודר מחדש\זמרי שירים בודדים\דוד פנחס ראטה
דוד צוברי,מסודר מחדש\זמרי שירים בודדים\דוד צוברי
דוד שאמולא,מסודר מחדש\זמרי שירים בודדים\דוד שאמולא
דוד שוורץ,מסודר מחדש\זמרי שירים בודדים\דוד שוורץ
דוד שליסלברג,מסודר מחדש\זמרי שירים בודדים\דוד שליסלברג
דודי פלדמן,מסודר מחדש\זמרי שירים בודדים\דודי פלדמן
דודי פרישמן,מסודר מחדש\זמרי שירים בודדים\דודי פרישמן
דודי קפלר,מסודר מחדש\זמרי שירים בודדים\דודי קפלר
דודי רוט,מסודר מחדש\זמרי שירים בודדים\דודי רוט
דורון ברדא,מסודר מחדש\זמרי שירים בודדים\דורון ברדא
דינוב,מסודר מחדש\זמרי שירים בודדים\דינוב
דן סלומון,מסודר מחדש\זמרי שירים בודדים\דן סלומון
דן פולייף,מסודר מחדש\זמרי שירים בודדים\דן פולייף
דניאל דהאן,מסודר מחדש\זמרי שירים בודדים\דניאל דהאן
דניאל ישי,מסודר מחדש\זמרי שירים בודדים\דניאל ישי
דניאל ישראל,מסודר מחדש\זמרי שירים בודדים\דניאל ישראל
דניאל מזרחי,מסודר מחדש\זמרי שירים בודדים\דניאל מזרחי
דניאל סעדון,מסודר מחדש\זמרי שירים בודדים\דניאל סעדון
דניאל צאיג,מסודר מחדש\זמרי שירים בודדים\דניאל צאיג
דניאל קרייטנברגר,מסודר מחדש\זמרי שירים בודדים\דניאל קרייטנברגר
דניאל רחמים,מסודר מחדש\זמרי שירים בודדים\דניאל רחמים
דרור יצחק מלמד,מסודר מחדש\זמרי שירים בודדים\דרור יצחק מלמד
דרך אחים,מסודר מחדש\זמרי שירים בודדים\דרך אחים
האחים בוקסבוים,מסודר מחדש\זמרי שירים בודדים\האחים בוקסבוים
האחים ברקו,מסודר מחדש\זמרי שירים בודדים\האחים ברקו
האחים הורביץ,מסודר מחדש\זמרי שירים בודדים\האחים הורביץ
האחים ויינברג,מסודר מחדש\זמרי שירים בודדים\האחים ויינברג
האחים למר,מסודר מחדש\זמרי שירים בודדים\האחים למר
האחים סלומון,מסודר מחדש\זמרי שירים בודדים\האחים סלומון
האחים פורטנוי,מסודר מחדש\זמרי שירים בודדים\האחים פורטנוי
הורה קדצקה,מסודר מחדש\זמרי שירים בודדים\הורה קדצקה
הזולה של חצרוני,מסודר מחדש\זמרי שירים בודדים\הזולה של חצרוני
הלל קפלניק,מסודר מחדש\זמרי שירים בודדים\הלל קפלניק
המאמינים האנונימיים,מסודר מחדש\זמרי שירים בודדים\המאמינים האנונימיים
המכבה,מסודר מחדש\זמרי שירים בודדים\המכבה
המקהלה,מסודר מחדש\זמרי שירים בודדים\המקהלה
הערשי אייזינבך,מסודר מחדש\זמרי שירים בודדים\הערשי אייזינבך
הערשי רוזנבאום,מסודר מחדש\זמרי שירים בודדים\הערשי רוזנבאום
הערשי רוטנברג,מסודר מחדש\זמרי שירים בודדים\הערשי רוטנברג
הקריימרים,מסודר מחדש\זמרי שירים בודדים\הקריימרים
הראל חדד,מסודר מחדש\זמרי שירים בודדים\הראל חדד
הרשי מושקוביץ,מסודר מחדש\זמרי שירים בודדים\הרשי מושקוביץ
השי רובי,מסודר מחדש\זמרי שירים בודדים\השי רובי
השיליצים,מסודר מחדש\זמרי שירים בודדים\השיליצים
זאבי וולס,מסודר מחדש\זמרי שירים בודדים\זאבי וולס
זאנוויל ויינברגר,מסודר מחדש\זמרי שירים בודדים\זאנוויל ויינברגר
זבולון נתנוב,מסודר מחדש\זמרי שירים בודדים\זבולון נתנוב
זושא ולנזבאום,מסודר מחדש\זמרי שירים בודדים\זושא ולנזבאום
זלמן פולק,מסודר מחדש\זמרי שירים בודדים\זלמן פולק
חברים בנוף,מסודר מחדש\זמרי שירים בודדים\חברים בנוף
חגי ימיני,מסודר מחדש\זמרי שירים בודדים\חגי ימיני
חזקי טאלר,מסודר מחדש\זמרי שירים בודדים\חזקי טאלר
חיים איפרגן,מסודר מחדש\זמרי שירים בודדים\חיים איפרגן
חיים אלטמן,מסודר מחדש\זמרי שירים בודדים\חיים אלטמן
חיים אלימלך פישר,מסודר מחדש\זמרי שירים בודדים\חיים אלימלך פישר
חיים ברקוביץ,מסודר מחדש\זמרי שירים בודדים\חיים ברקוביץ
חיים וייס,מסודר מחדש\זמרי שירים בודדים\חיים וייס
חיים חדד,מסודר מחדש\זמרי שירים בודדים\חיים חדד
חיים י. אלפנר,מסודר מחדש\זמרי שירים בודדים\חיים י. אלפנר
חיים נוטוביץ,מסודר מחדש\זמרי שירים בודדים\חיים נוטוביץ
חיים סוזנה,מסודר מחדש\זמרי שירים בודדים\חיים סוזנה
חיים עקשטיין,מסודר מחדש\זמרי שירים בודדים\חיים עקשטיין
חיים צדיק,מסודר מחדש\זמרי שירים בודדים\חיים צדיק
חיים קניג,מסודר מחדש\זמרי שירים בודדים\חיים קניג
חילו גנוט,מסודר מחדש\זמרי שירים בודדים\חילו גנוט
חננאל אוחנה,מסודר מחדש\זמרי שירים בודדים\חננאל אוחנה
חנניה ביגון,מסודר מחדש\זמרי שירים בודדים\חנניה ביגון
טוביה בולטון,מסודר מחדש\זמרי שירים בודדים\טוביה בולטון
טום קשתי,מסודר מחדש\זמרי שירים בודדים\טום קשתי
טל גור,מסודר מחדש\זמרי שירים בודדים\טל גור
טל נאה,מסודר מחדש\זמרי שירים בודדים\טל נאה
יאיר וכטל,מסודר מחדש\זמרי שירים בודדים\יאיר וכטל
יאיר שריון,מסודר מחדש\זמרי שירים בודדים\יאיר שריון
יגל אלנקרי,מסודר מחדש\זמרי שירים בודדים\יגל אלנקרי
יגל צברי,מסודר מחדש\זמרי שירים בודדים\יגל צברי
ידידיה וקסלר,מסודר מחדש\זמרי שירים בודדים\ידידיה וקסלר
ידידיה יהושע,מסודר מחדש\זמרי שירים בודדים\ידידיה יהושע
יהודה בן אריה,מסודר מחדש\זמרי שירים בודדים\יהודה בן אריה
יהודה בן דוד,מסודר מחדש\זמרי שירים בודדים\יהודה בן דוד
יהודה וייס,מסודר מחדש\זמרי שירים בודדים\יהודה וייס
יהודה לויכטר,מסודר מחדש\זמרי שירים בודדים\יהודה לויכטר
יהודה מור,מסודר מחדש\זמרי שירים בודדים\יהודה מור
יהודה ניצן,מסודר מחדש\זמרי שירים בודדים\יהודה ניצן
יהודה סעדו,מסודר מחדש\זמרי שירים בודדים\יהודה סעדו
יהודה פרוינדליך,מסודר מחדש\זמרי שירים בודדים\יהודה פרוינדליך
יהודה קובלסקי,מסודר מחדש\זמרי שירים בודדים\יהודה קובלסקי
יהודה שוקרון,מסודר מחדש\זמרי שירים בודדים\יהודה שוקרון
יהודה שפירו,מסודר מחדש\זמרי שירים בודדים\יהודה שפירו
יהונתן ניצן,מסודר מחדש\זמרי שירים בודדים\יהונתן ניצן
יהושע רוט,מסודר מחדש\זמרי שירים בודדים\יהושע רוט
יואל,מסודר מחדש\זמרי שירים בודדים\יואל
יואל בריזל,מסודר מחדש\זמרי שירים בודדים\יואל בריזל
יואל גליק,מסודר מחדש\זמרי שירים בודדים\יואל גליק
יואל דוד גולדשטיין,מסודר מחדש\זמרי שירים בודדים\יואל דוד גולדשטיין
יואל וייס,מסודר מחדש\זמרי שירים בודדים\יואל וייס
יואל חייבי,מסודר מחדש\זמרי שירים בודדים\יואל חייבי
יואל נפחא,מסודר מחדש\זמרי שירים בודדים\יואל נפחא
יואל פרידמן,מסודר מחדש\זמרי שירים בודדים\יואל פרידמן
יואל רוט,מסודר מחדש\זמרי שירים בודדים\יואל רוט
יואלי שטיינברג,מסודר מחדש\זמרי שירים בודדים\יואלי שטיינברג
יובל מנצורה,מסודר מחדש\זמרי שירים בודדים\יובל מנצורה
יובל פרוינד,מסודר מחדש\זמרי שירים בודדים\יובל פרוינד
יוחאי כהן,מסודר מחדש\זמרי שירים בודדים\יוחאי כהן
יומי ולייזער,מסודר מחדש\זמרי שירים בודדים\יומי ולייזער
יונה קריאף,מסודר מחדש\זמרי שירים בודדים\יונה קריאף
יונתן דרור,מסודר מחדש\זמרי שירים בודדים\יונתן דרור
יונתן ויניק,מסודר מחדש\זמרי שירים בודדים\יונתן ויניק
יונתן זילברשייד,מסודר מחדש\זמרי שירים בודדים\יונתן זילברשייד
יונתן מנת,מסודר מחדש\זמרי שירים בודדים\יונתן מנת
יונתן שחר,מסודר מחדש\זמרי שירים בודדים\יונתן שחר
יונתן שטנצל,מסודר מחדש\זמרי שירים בודדים\יונתן שטנצל
יונתן שלגבוים,מסודר מחדש\זמרי שירים בודדים\יונתן שלגבוים
יוסי אוברמייסטר,מסודר מחדש\זמרי שירים בודדים\יוסי אוברמייסטר
יוסי בלומבערג,מסודר מחדש\זמרי שירים בודדים\יוסי בלומבערג
יוסי ג'ייקובס,מסודר מחדש\זמרי שירים בודדים\יוסי ג'ייקובס
יוסי גרוס,מסודר מחדש\זמרי שירים בודדים\יוסי גרוס
יוסי חגבי,מסודר מחדש\זמרי שירים בודדים\יוסי חגבי
יוסי כהן,מסודר מחדש\זמרי שירים בודדים\יוסי כהן
יוסי לאובר,מסודר מחדש\זמרי שירים בודדים\יוסי לאובר
יוסי לוונבראון,מסודר מחדש\זמרי שירים בודדים\יוסי לוונבראון
יוסלה ורשבסקי,מסודר מחדש\זמרי שירים בודדים\יוסלה ורשבסקי
יוסף ברגר,מסודר מחדש\זמרי שירים בודדים\יוסף ברגר
יוסף וורטלסקי,מסודר מחדש\זמרי שירים בודדים\יוסף וורטלסקי
יוסף מור,מסודר מחדש\זמרי שירים בודדים\יוסף מור
יוסף עבאדי,מסודר מחדש\זמרי שירים בודדים\יוסף עבאדי
יוסף קוגלר,מסודר מחדש\זמרי שירים בודדים\יוסף קוגלר
ינון טייב,מסודר מחדש\זמרי שירים בודדים\ינון טייב
ינון מרדכי,מסודר מחדש\זמרי שירים בודדים\ינון מרדכי
יענקי ברוין,מסודר מחדש\זמרי שירים בודדים\יענקי ברוין
יענקי ומאיר,מסודר מחדש\זמרי שירים בודדים\יענקי ומאיר
יענקי זינגבוים,מסודר מחדש\זמרי שירים בודדים\יענקי זינגבוים
יענקי שטרן,מסודר מחדש\זמרי שירים בודדים\יענקי שטרן
יעקב ברינה,מסודר מחדש\זמרי שירים בודדים\יעקב ברינה
יעקב חיים אינדורסקי,מסודר מחדש\זמרי שירים בודדים\יעקב חיים אינדורסקי
יעקב יוסף עבאדי,מסודר מחדש\זמרי שירים בודדים\יעקב יוסף עבאדי
יעקב יוסף פלברבוים,מסודר מחדש\זמרי שירים בודדים\יעקב יוסף פלברבוים
יעקב כץ,מסודר מחדש\זמרי שירים בודדים\יעקב כץ
יעקב מוצן,מסודר מחדש\זמרי שירים בודדים\יעקב מוצן
יעקב פלדשטיין,מסודר מחדש\זמרי שירים בודדים\יעקב פלדשטיין
יעקב קליין,מסודר מחדש\זמרי שירים בודדים\יעקב קליין
יעקב רוטבלט,מסודר מחדש\זמרי שירים בודדים\יעקב רוטבלט
יפתח דקל,מסודר מחדש\זמרי שירים בודדים\יפתח דקל
יצחק ביטון,מסודר מחדש\זמרי שירים בודדים\יצחק ביטון
יצחק משענייה,מסודר מחדש\זמרי שירים בודדים\יצחק משענייה
יצחק פנחסי,מסודר מחדש\זמרי שירים בודדים\יצחק פנחסי
יצחק רייס,מסודר מחדש\זמרי שירים בודדים\יצחק רייס
יקיר יאיר,מסודר מחדש\זמרי שירים בודדים\יקיר יאיר
ישי ביטון,מסודר מחדש\זמרי שירים בודדים\ישי ביטון
ישי בן חיים,מסודר מחדש\זמרי שירים בודדים\ישי בן חיים
ישי מדר,מסודר מחדש\זמרי שירים בודדים\ישי מדר
ישי סיידוף,מסודר מחדש\זמרי שירים בודדים\ישי סיידוף
ישיבת אש קודש,מסודר מחדש\זמרי שירים בודדים\ישיבת אש קודש
ישיבת אשרינו,מסודר מחדש\זמרי שירים בודדים\ישיבת אשרינו
ישיבת וואטרברי,מסודר מחדש\זמרי שירים בודדים\ישיבת וואטרברי
ישיבת משכנותיך,מסודר מחדש\זמרי שירים בודדים\ישיבת משכנותיך
ישיבת תפארת יהודה,מסודר מחדש\זמרי שירים בודדים\ישיבת תפארת יהודה
ישעי לברון,מסודר מחדש\זמרי שירים בודדים\ישעי לברון
ישעיה אילאוויטש,מסודר מחדש\זמרי שירים בודדים\ישעיה אילאוויטש
ישראל אליאס,מסודר מחדש\זמרי שירים בודדים\ישראל אליאס
ישראל ברגמן,מסודר מחדש\זמרי שירים בודדים\ישראל ברגמן
ישראל ג'רופי,מסודר מחדש\זמרי שירים בודדים\ישראל ג'רופי
ישראל גינסברג,מסודר מחדש\זמרי שירים בודדים\ישראל גינסברג
ישראל דנגר,מסודר מחדש\זמרי שירים בודדים\ישראל דנגר
ישראל וקסלמן,מסודר מחדש\זמרי שירים בודדים\ישראל וקסלמן
ישראל חיים רייזמאן,מסודר מחדש\זמרי שירים בודדים\ישראל חיים רייזמאן
ישראל לאוב,מסודר מחדש\זמרי שירים בודדים\ישראל לאוב
ישראל מאיר שוויד,מסודר מחדש\זמרי שירים בודדים\ישראל מאיר שוויד
ישראל מן,מסודר מחדש\זמרי שירים בודדים\ישראל מן
ישראל נחמן,מסודר מחדש\זמרי שירים בודדים\ישראל נחמן
ישראל שטרן,מסודר מחדש\זמרי שירים בודדים\ישראל שטרן
ישראל שכטר,מסודר מחדש\זמרי שירים בודדים\ישראל שכטר
כץ,מסודר מחדש\זמרי שירים בודדים\כץ
ליאור דוד,מסודר מחדש\זמרי שירים בודדים\ליאור דוד
לידור בן ישי,מסודר מחדש\זמרי שירים בודדים\לידור בן ישי
ליפא חממי,מסודר מחדש\זמרי שירים בודדים\ליפא חממי
מאיר אמסילי,מסודר מחדש\זמרי שירים בודדים\מאיר אמסילי
מאיר בורשטיין,מסודר מחדש\זמרי שירים בודדים\מאיר בורשטיין
מאיר בן דרור,מסודר מחדש\זמרי שירים בודדים\מאיר בן דרור
מאיר גרינוולד,מסודר מחדש\זמרי שירים בודדים\מאיר גרינוולד
מאיר ישראל,מסודר מחדש\זמרי שירים בודדים\מאיר ישראל
מאיר ישראל דדון,מסודר מחדש\זמרי שירים בודדים\מאיר ישראל דדון
מאיר מסוארי,מסודר מחדש\זמרי שירים בודדים\מאיר מסוארי
מאיר מרטין וידרקר,מסודר מחדש\זמרי שירים בודדים\מאיר מרטין וידרקר
מאיר צ'טרקוב,מסודר מחדש\זמרי שירים בודדים\מאיר צ'טרקוב
מאיר רוזבלום,מסודר מחדש\זמרי שירים בודדים\מאיר רוזבלום
מוטי כץ,מסודר מחדש\זמרי שירים בודדים\מוטי כץ
מוטי פלדמן,מסודר מחדש\זמרי שירים בודדים\מוטי פלדמן
מוטי רוטלר,מסודר מחדש\זמרי שירים בודדים\מוטי רוטלר
מוטי שטרן,מסודר מחדש\זמרי שירים בודדים\מוטי שטרן
מוישי גרין,מסודר מחדש\זמרי שירים בודדים\מוישי גרין
מוישי ניילנדר,מסודר מחדש\זמרי שירים בודדים\מוישי ניילנדר
מוקי,מסודר מחדש\זמרי שירים בודדים\מוקי
מורן קריטי,מסודר מחדש\זמרי שירים בודדים\מורן קריטי
מושמוש,מסודר מחדש\זמרי שירים בודדים\מושמוש
מיכאל נדטה,מסודר מחדש\זמרי שירים בודדים\מיכאל נדטה
מיכאל פרץ,מסודר מחדש\זמרי שירים בודדים\מיכאל פרץ
מיכאל צידון,מסודר מחדש\זמרי שירים בודדים\מיכאל צידון
מיכה שקד,מסודר מחדש\זמרי שירים בודדים\מיכה שקד
מיקי מוקטון,מסודר מחדש\זמרי שירים בודדים\מיקי מוקטון
מישל פרדס,מסודר מחדש\זמרי שירים בודדים\מישל פרדס
מלך זילברשלג,מסודר מחדש\זמרי שירים בודדים\מלך זילברשלג
מנדי ג'יי,מסודר מחדש\זמרי שירים בודדים\מנדי ג'יי
מנדי ג'קובס,מסודר מחדש\זמרי שירים בודדים\מנדי ג'קובס
מנדי ווארש,מסודר מחדש\זמרי שירים בודדים\מנדי ווארש
מנדי וורך,מסודר מחדש\זמרי שירים בודדים\מנדי וורך
מנדי ויינרב,מסודר מחדש\זמרי שירים בודדים\מנדי ויינרב
מנדי פורטנוי,מסודר מחדש\זמרי שירים בודדים\מנדי פורטנוי
מנדי שפירא,מסודר מחדש\זמרי שירים בודדים\מנדי שפירא
מנדל גולדמן,מסודר מחדש\זמרי שירים בודדים\מנדל גולדמן
מנחם בלוי,מסודר מחדש\זמרי שירים בודדים\מנחם בלוי
מנחם לוי,מסודר מחדש\זמרי שירים בודדים\מנחם לוי
מרדכי ארבל,מסודר מחדש\זמרי שירים בודדים\מרדכי ארבל
מרדכי גרנביץ,מסודר מחדש\זמרי שירים בודדים\מרדכי גרנביץ
מרדכי דוד כץ,מסודר מחדש\זמרי שירים בודדים\מרדכי דוד כץ
מרדכי כהן,מסודר מחדש\זמרי שירים בודדים\מרדכי כהן
מרדכי צבי איצקוביץ,מסודר מחדש\זמרי שירים בודדים\מרדכי צבי איצקוביץ
מריו חקשור,מסודר מחדש\זמרי שירים בודדים\מריו חקשור
מרניק סמאק,מסודר מחדש\זמרי שירים בודדים\מרניק סמאק
משה אברמוב,מסודר מחדש\זמרי שירים בודדים\משה אברמוב
משה ביטון,מסודר מחדש\זמרי שירים בודדים\משה ביטון
משה גרין,מסודר מחדש\זמרי שירים בודדים\משה גרין
משה דאודי,מסודר מחדש\זמרי שירים בודדים\משה דאודי
משה הומינר,מסודר מחדש\זמרי שירים בודדים\משה הומינר
משה טבקולי,מסודר מחדש\זמרי שירים בודדים\משה טבקולי
משה יודא גולדברגר,מסודר מחדש\זמרי שירים בודדים\משה יודא גולדברגר
משה יעקב,מסודר מחדש\זמרי שירים בודדים\משה יעקב
משה כורסיה,מסודר מחדש\זמרי שירים בודדים\משה כורסיה
משה סילבר,מסודר מחדש\זמרי שירים בודדים\משה סילבר
משה פלייב,מסודר מחדש\זמרי שירים בודדים\משה פלייב
משה פרץ,מסודר מחדש\זמרי שירים בודדים\משה פרץ
משפחת ברונר,מסודר מחדש\זמרי שירים בודדים\משפחת ברונר
משפחת דיקמן,מסודר מחדש\זמרי שירים בודדים\משפחת דיקמן
מתיסיהו,מסודר מחדש\זמרי שירים בודדים\מתיסיהו
נאור אלחדד,מסודר מחדש\זמרי שירים בודדים\נאור אלחדד
נאור כהן,מסודר מחדש\זמרי שירים בודדים\נאור כהן
נדב גדליה,מסודר מחדש\זמרי שירים בודדים\נדב גדליה
נדב מירנדה,מסודר מחדש\זמרי שירים בודדים\נדב מירנדה
נותי,מסודר מחדש\זמרי שירים בודדים\נותי
נחמן זלטא,מסודר מחדש\זמרי שירים בודדים\נחמן זלטא
נחמן לייפר,מסודר מחדש\זמרי שירים בודדים\נחמן לייפר
ניסים ברוך,מסודר מחדש\זמרי שירים בודדים\ניסים ברוך
ניר וגיל קפטן,מסודר מחדש\זמרי שירים בודדים\ניר וגיל קפטן
ניר ומשה,מסודר מחדש\זמרי שירים בודדים\ניר ומשה
ניר קפטן,מסודר מחדש\זמרי שירים בודדים\ניר קפטן
נשמה,מסודר מחדש\זמרי שירים בודדים\נשמה
נתי אביבי,מסודר מחדש\זמרי שירים בודדים\נתי אביבי
נתי חדד,מסודר מחדש\זמרי שירים בודדים\נתי חדד
נתי לוי,מסודר מחדש\זמרי שירים בודדים\נתי לוי
נתי לוין,מסודר מחדש\זמרי שירים בודדים\נתי לוין
נתן שטיינברג,מסודר מחדש\זמרי שירים בודדים\נתן שטיינברג
נתנאל אילוביצקי,מסודר מחדש\זמרי שירים בודדים\נתנאל אילוביצקי
נתנאל בר יוחאי,מסודר מחדש\זמרי שירים בודדים\נתנאל בר יוחאי
נתנאל גנץ,מסודר מחדש\זמרי שירים בודדים\נתנאל גנץ
נתנאל מרשל,מסודר מחדש\זמרי שירים בודדים\נתנאל מרשל
סהר אתירם,מסודר מחדש\זמרי שירים בודדים\סהר אתירם
סטרומז באנד,מסודר מחדש\זמרי שירים בודדים\סטרומז באנד
סינגלים,מסודר מחדש\זמרי שירים בודדים\סינגלים
סנדי אופמן,מסודר מחדש\זמרי שירים בודדים\סנדי אופמן
ספיריט,מסודר מחדש\זמרי שירים בודדים\ספיריט
עדי גביסון,מסודר מחדש\זמרי שירים בודדים\עדי גביסון
עודד מנשרי,מסודר מחדש\זמרי שירים בודדים\עודד מנשרי
עוזי נעים,מסודר מחדש\זמרי שירים בודדים\עוזי נעים
עומרי זליג,מסודר מחדש\זמרי שירים בודדים\עומרי זליג
עידו בן גל,מסודר מחדש\זמרי שירים בודדים\עידו בן גל
עידו פורטל,מסודר מחדש\זמרי שירים בודדים\עידו פורטל
עידו קפטן,מסודר מחדש\זמרי שירים בודדים\עידו קפטן
עידן יניב,מסודר מחדש\זמרי שירים בודדים\עידן יניב
עמי אור,מסודר מחדש\זמרי שירים בודדים\עמי אור
עמי הלר,מסודר מחדש\זמרי שירים בודדים\עמי הלר
עמי שער,מסודר מחדש\זמרי שירים בודדים\עמי שער
עמיחי סובר,מסודר מחדש\זמרי שירים בודדים\עמיחי סובר
עמיחי שפיגלר,מסודר מחדש\זמרי שירים בודדים\עמיחי שפיגלר
עמיר כהן,מסודר מחדש\זמרי שירים בודדים\עמיר כהן
עמית סופר,מסודר מחדש\זמרי שירים בודדים\עמית סופר
עמנואל טוביאנה,מסודר מחדש\זמרי שירים בודדים\עמנואל טוביאנה
עמרם ביטון,מסודר מחדש\זמרי שירים בודדים\עמרם ביטון
עקיבא גרומן,מסודר מחדש\זמרי שירים בודדים\עקיבא גרומן
עקיבא רוט,מסודר מחדש\זמרי שירים בודדים\עקיבא רוט
ערן אברג'ל,מסודר מחדש\זמרי שירים בודדים\ערן אברג'ל
ערן קליין,מסודר מחדש\זמרי שירים בודדים\ערן קליין
פ. אספיס,מסודר מחדש\זמרי שירים בודדים\פ. אספיס
פיני ודוד פולק,מסודר מחדש\זמרי שירים בודדים\פיני ודוד פולק
פיני שכטר,מסודר מחדש\זמרי שירים בודדים\פיני שכטר
פיניע שטיינווארצעל,מסודר מחדש\זמרי שירים בודדים\פיניע שטיינווארצעל
פנחס ברייער,מסודר מחדש\זמרי שירים בודדים\פנחס ברייער
פנחס דוליסקי,מסודר מחדש\זמרי שירים בודדים\פנחס דוליסקי
פנחס הלוי,מסודר מחדש\זמרי שירים בודדים\פנחס הלוי
פנחס פאמפ,מסודר מחדש\זמרי שירים בודדים\פנחס פאמפ
פסח ג'וסף,מסודר מחדש\זמרי שירים בודדים\פסח ג'וסף
פענסערל -מניגוני ר' הערשי וינברגר,מסודר מחדש\זמרי שירים בודדים\פענסערל -מניגוני ר' הערשי וינברגר
צבי גרינהיים,מסודר מחדש\זמרי שירים בודדים\צבי גרינהיים
צבי וייס,מסודר מחדש\זמרי שירים בודדים\צבי וייס
צבי סילברשטיין,מסודר מחדש\זמרי שירים בודדים\צבי סילברשטיין
צודיק גרינוולד,מסודר מחדש\זמרי שירים בודדים\צודיק גרינוולד
צפריר יפרח,מסודר מחדש\זמרי שירים בודדים\צפריר יפרח
קובי אפללו,מסודר מחדש\זמרי שירים בודדים\קובי אפללו
קובי פרץ,מסודר מחדש\זמרי שירים בודדים\קובי פרץ
רועי הרוש,מסודר מחדש\זמרי שירים בודדים\רועי הרוש
רועי חתן,מסודר מחדש\זמרי שירים בודדים\רועי חתן
רועי לביא,מסודר מחדש\זמרי שירים בודדים\רועי לביא
רועי פיינמן,מסודר מחדש\זמרי שירים בודדים\רועי פיינמן
רזיאל חי,מסודר מחדש\זמרי שירים בודדים\רזיאל חי
רמי קלינשטיין,מסודר מחדש\זמרי שירים בודדים\רמי קלינשטיין
רפאל בן,מסודר מחדש\זמרי שירים בודדים\רפאל בן
רפאל דוד,מסודר מחדש\זמרי שירים בודדים\רפאל דוד
רפאל זמיר,מסודר מחדש\זמרי שירים בודדים\רפאל זמיר
שאול חיון,מסודר מחדש\זמרי שירים בודדים\שאול חיון
שאולי,מסודר מחדש\זמרי שירים בודדים\שאולי
שאולי וולדנר,מסודר מחדש\זמרי שירים בודדים\שאולי וולדנר
שגיא שלום,מסודר מחדש\זמרי שירים בודדים\שגיא שלום
שוכי גולדשטיין,מסודר מחדש\זמרי שירים בודדים\שוכי גולדשטיין
שוע קסין,מסודר מחדש\זמרי שירים בודדים\שוע קסין
שוקי סעדון,מסודר מחדש\זמרי שירים בודדים\שוקי סעדון
שי ברק,מסודר מחדש\זמרי שירים בודדים\שי ברק
שי גבסו,מסודר מחדש\זמרי שירים בודדים\שי גבסו
שי דיבו,מסודר מחדש\זמרי שירים בודדים\שי דיבו
שי לייכטמן,מסודר מחדש\זמרי שירים בודדים\שי לייכטמן
שי עמר,מסודר מחדש\זמרי שירים בודדים\שי עמר
שי צברי,מסודר מחדש\זמרי שירים בודדים\שי צברי
שייע אילוביץ,מסודר מחדש\זמרי שירים בודדים\שייע אילוביץ
שייע ברקו,מסודר מחדש\זמרי שירים בודדים\שייע ברקו
שימי אפשטיין,מסודר מחדש\זמרי שירים בודדים\שימי אפשטיין
שימי דיאי,מסודר מחדש\זמרי שירים בודדים\שימי דיאי
שימי יונייב,מסודר מחדש\זמרי שירים בודדים\שימי יונייב
שימי לוי,מסודר מחדש\זמרי שירים בודדים\שימי לוי
שימי רבינוביץ,מסודר מחדש\זמרי שירים בודדים\שימי רבינוביץ
שירים  על  הרב,מסודר מחדש\זמרי שירים בודדים\שירים  על  הרב
שלום משה פריינד,מסודר מחדש\זמרי שירים בודדים\שלום משה פריינד
שלום סאל,מסודר מחדש\זמרי שירים בודדים\שלום סאל
שלום פרוינד,מסודר מחדש\זמרי שירים בודדים\שלום פרוינד
שלומי ברנשטיין,מסודר מחדש\זמרי שירים בודדים\שלומי ברנשטיין
שלומי ורצברג,מסודר מחדש\זמרי שירים בודדים\שלומי ורצברג
שלומי יפרח,מסודר מחדש\זמרי שירים בודדים\שלומי יפרח
שלומי סלמן,מסודר מחדש\זמרי שירים בודדים\שלומי סלמן
שלומי קצנלבוגן,מסודר מחדש\זמרי שירים בודדים\שלומי קצנלבוגן
שלומי שטויבר,מסודר מחדש\זמרי שירים בודדים\שלומי שטויבר
שלמה ארצי,מסודר מחדש\זמרי שירים בודדים\שלמה ארצי
שלמה גליק,מסודר מחדש\זמרי שירים בודדים\שלמה גליק
שלמה גרוניך,מסודר מחדש\זמרי שירים בודדים\שלמה גרוניך
שלמה זלמן הורביץ,מסודר מחדש\זמרי שירים בודדים\שלמה זלמן הורביץ
שמואלי הורביץ,מסודר מחדש\זמרי שירים בודדים\שמואלי הורביץ
שמוליק ישורון,מסודר מחדש\זמרי שירים בודדים\שמוליק ישורון
שמוליק לוטרמן,מסודר מחדש\זמרי שירים בודדים\שמוליק לוטרמן
שמוליק קלוסקי,מסודר מחדש\זמרי שירים בודדים\שמוליק קלוסקי
שמחה ורדיגר,מסודר מחדש\זמרי שירים בודדים\שמחה ורדיגר
שמחה יעקובי,מסודר מחדש\זמרי שירים בודדים\שמחה יעקובי
שמי מרציאנו,מסודר מחדש\זמרי שירים בודדים\שמי מרציאנו
שמילי קליין,מסודר מחדש\זמרי שירים בודדים\שמילי קליין
שמעון בר יוחאי שער,מסודר מחדש\זמרי שירים בודדים\שמעון בר יוחאי שער
שניאור אוחיון,מסודר מחדש\זמרי שירים בודדים\שניאור אוחיון
שעיה אליוביץ,מסודר מחדש\זמרי שירים בודדים\שעיה אליוביץ
שעיה ברים,מסודר מחדש\זמרי שירים בודדים\שעיה ברים
שרגי גרסטנר,מסודר מחדש\זמרי שירים בודדים\שרגי גרסטנר
שרון אביחלק,מסודר מחדש\זמרי שירים בודדים\שרון אביחלק
תחנת רוח,מסודר מחדש\זמרי שירים בודדים\תחנת רוח
אברהם יעקב טיילור,מסודר מחדש\חזנות\אברהם יעקב טיילור
אברומי פרייליך,מסודר מחדש\חזנות\אברומי פרייליך
אהרן שלמה וייסמן,מסודר מחדש\חזנות\אהרן שלמה וייסמן
אוסף חזנות באידיש,מסודר מחדש\חזנות\אוסף חזנות באידיש
אלי יפה,מסודר מחדש\חזנות\אלי יפה
אליעזר חרל''פ,מסודר מחדש\חזנות\אליעזר חרל''פ
ארבעת האחים קוסוביצקי,מסודר מחדש\חזנות\ארבעת האחים קוסוביצקי
אריה גולדברג,מסודר מחדש\חזנות\אריה גולדברג
אריק וולהיים,מסודר מחדש\חזנות\אריק וולהיים
אריק רודיך,מסודר מחדש\חזנות\אריק רודיך
אשר היינוביץ,מסודר מחדש\חזנות\אשר היינוביץ
בן ציון ויטלר,מסודר מחדש\חזנות\בן ציון ויטלר
בן ציון מילר,מסודר מחדש\חזנות\בן ציון מילר
בן ציון מילר ויעקב מוצן,מסודר מחדש\חזנות\בן ציון מילר ויעקב מוצן
בן ציון קופב-קגן,מסודר מחדש\חזנות\בן ציון קופב-קגן
בנימין מולר,מסודר מחדש\חזנות\בנימין מולר
בקול,מסודר מחדש\חזנות\בקול
ברל חגי,מסודר מחדש\חזנות\ברל חגי
גרשון סירוטה,מסודר מחדש\חזנות\גרשון סירוטה
דוד ויינבך,מסודר מחדש\חזנות\דוד ויינבך
דוד ורדיגר,מסודר מחדש\חזנות\דוד ורדיגר
דוד קוסביצקי,מסודר מחדש\חזנות\דוד קוסביצקי
דוד קלצקין,מסודר מחדש\חזנות\דוד קלצקין
דוד רויטמן,מסודר מחדש\חזנות\דוד רויטמן
הקונצרט השנתי במגדל דוד,מסודר מחדש\חזנות\הקונצרט השנתי במגדל דוד
התזמורת הפילהרמונית ניו יורק,מסודר מחדש\חזנות\התזמורת הפילהרמונית ניו יורק
חזנות שבת,מסודר מחדש\חזנות\חזנות שבת
חיים אדלר,מסודר מחדש\חזנות\חיים אדלר
חיים אדלר א. היינוביץ נ. הרשטיק,מסודר מחדש\חזנות\חיים אדלר א. היינוביץ נ. הרשטיק
חיים אליעזר הרשטיק,מסודר מחדש\חזנות\חיים אליעזר הרשטיק
יאן פריס,מסודר מחדש\חזנות\יאן פריס
יהודה רוטנר,מסודר מחדש\חזנות\יהודה רוטנר
יהושע ווידער,מסודר מחדש\חזנות\יהושע ווידער
יונתן חן,מסודר מחדש\חזנות\יונתן חן
יוסלה רוזנבלט,מסודר מחדש\חזנות\יוסלה רוזנבלט
יוסלה רוזנבלט חדש,מסודר מחדש\חזנות\יוסלה רוזנבלט חדש
יוסף דוד גוטסמן,מסודר מחדש\חזנות\יוסף דוד גוטסמן
יוסף מלובני,מסודר מחדש\חזנות\יוסף מלובני
יוסף שילסקי,מסודר מחדש\חזנות\יוסף שילסקי
יחזקאל בראון,מסודר מחדש\חזנות\יחזקאל בראון
יחזקאל קלאנג,מסודר מחדש\חזנות\יחזקאל קלאנג
יעקב אונגר,מסודר מחדש\חזנות\יעקב אונגר
יעקב הערבליך,מסודר מחדש\חזנות\יעקב הערבליך
יעקב יוסף שטארק,מסודר מחדש\חזנות\יעקב יוסף שטארק
יעקב יצחק רויזנפלד,מסודר מחדש\חזנות\יעקב יצחק רויזנפלד
יעקב מוצן,מסודר מחדש\חזנות\יעקב מוצן
יצחק דוד ברייטשטין,מסודר מחדש\חזנות\יצחק דוד ברייטשטין
יצחק הלוי,מסודר מחדש\חזנות\יצחק הלוי
יצחק מאיר הלפגוט,מסודר מחדש\חזנות\יצחק מאיר הלפגוט
ישראל ראנד,מסודר מחדש\חזנות\ישראל ראנד
ישראל רנד,מסודר מחדש\חזנות\ישראל רנד
ישראל שאר,מסודר מחדש\חזנות\ישראל שאר
כלל החזנים,מסודר מחדש\חזנות\כלל החזנים
לייבלה גלאנץ,מסודר מחדש\חזנות\לייבלה גלאנץ
לייבלה ולדמן,מסודר מחדש\חזנות\לייבלה ולדמן
לייזר ברוק,מסודר מחדש\חזנות\לייזר ברוק
ליפא גלנץ,מסודר מחדש\חזנות\ליפא גלנץ
מאיר הופשטטר,מסודר מחדש\חזנות\מאיר הופשטטר
מבחרי חזנות,מסודר מחדש\חזנות\מבחרי חזנות
מזמור הפקות,מסודר מחדש\חזנות\מזמור הפקות
מלבסקי (שמואל) ומשפחתו,מסודר מחדש\חזנות\מלבסקי (שמואל) ומשפחתו
מרדכי אשכנזי,מסודר מחדש\חזנות\מרדכי אשכנזי
מרדכי הרשמן,מסודר מחדש\חזנות\מרדכי הרשמן
מרדכי סובול,מסודר מחדש\חזנות\מרדכי סובול
משה אדוריאן,מסודר מחדש\חזנות\משה אדוריאן
משה אוישר,מסודר מחדש\חזנות\משה אוישר
משה מנדלסון,מסודר מחדש\חזנות\משה מנדלסון
משה סקאלר,מסודר מחדש\חזנות\משה סקאלר
משה קוסביצקי,מסודר מחדש\חזנות\משה קוסביצקי
משה שולהוף,מסודר מחדש\חזנות\משה שולהוף
משה שטרן,מסודר מחדש\חזנות\משה שטרן
משפחת מלבסקי,מסודר מחדש\חזנות\משפחת מלבסקי
נפתלי הרשטיק,מסודר מחדש\חזנות\נפתלי הרשטיק
נתן מרדכי הרשטיק,מסודר מחדש\חזנות\נתן מרדכי הרשטיק
נתנאל הרשטיק,מסודר מחדש\חזנות\נתנאל הרשטיק
עזי שוורץ,מסודר מחדש\חזנות\עזי שוורץ
פיניעלע,מסודר מחדש\חזנות\פיניעלע
פינצ'יק,מסודר מחדש\חזנות\פינצ'יק
פנחס בראון,מסודר מחדש\חזנות\פנחס בראון
פנחס כהן,מסודר מחדש\חזנות\פנחס כהן
פניני חזנות,מסודר מחדש\חזנות\פניני חזנות
פרקי חזנות,מסודר מחדש\חזנות\פרקי חזנות
צבי הורוביץ,מסודר מחדש\חזנות\צבי הורוביץ
צודיק גרינוולד,מסודר מחדש\חזנות\צודיק גרינוולד
קוורטין,מסודר מחדש\חזנות\קוורטין
קולות הזהב מבית הכנסת,מסודר מחדש\חזנות\קולות הזהב מבית הכנסת
קולות הזהב של האופרה,מסודר מחדש\חזנות\קולות הזהב של האופרה
קולות הזהב של ישראל,מסודר מחדש\חזנות\קולות הזהב של ישראל
קולין שחט,מסודר מחדש\חזנות\קולין שחט
קונצרט חזנות,מסודר מחדש\חזנות\קונצרט חזנות
ריצ'רד טאקר,מסודר מחדש\חזנות\ריצ'רד טאקר
רפאל פרידר,מסודר מחדש\חזנות\רפאל פרידר
שלום כץ,מסודר מחדש\חזנות\שלום כץ
שלום קליינלרר,מסודר מחדש\חזנות\שלום קליינלרר
שלמה אייזנבך,מסודר מחדש\חזנות\שלמה אייזנבך
שלמה גליק,מסודר מחדש\חזנות\שלמה גליק
שמואל ברזילי,מסודר מחדש\חזנות\שמואל ברזילי
שמואל ויגודה,מסודר מחדש\חזנות\שמואל ויגודה
שמואל רודענסקי,מסודר מחדש\חזנות\שמואל רודענסקי
שמחה לוונשטיין,מסודר מחדש\חזנות\שמחה לוונשטיין
שרוליק הרשטיק,מסודר מחדש\חזנות\שרוליק הרשטיק
תיאודור ביקל,מסודר מחדש\חזנות\תיאודור ביקל
אלכסנדר,מסודר מחדש\חסידויות\אלכסנדר
אשלג,מסודר מחדש\חסידויות\אשלג
באבוב,מסודר מחדש\חסידויות\באבוב
בעלזא,מסודר מחדש\חסידויות\בעלזא
ברסלב,מסודר מחדש\חסידויות\ברסלב
גור,מסודר מחדש\חסידויות\גור
דושינסקיא,מסודר מחדש\חסידויות\דושינסקיא
דז'יקוב,מסודר מחדש\חסידויות\דז'יקוב
ויזניץ,מסודר מחדש\חסידויות\ויזניץ
חבד,מסודר מחדש\חסידויות\חבד
טאהש,מסודר מחדש\חסידויות\טאהש
טשערנוביל,מסודר מחדש\חסידויות\טשערנוביל
ליסקא,מסודר מחדש\חסידויות\ליסקא
מודזיץ,מסודר מחדש\חסידויות\מודזיץ
מישקולץ,מסודר מחדש\חסידויות\מישקולץ
משכנות הרועים,מסודר מחדש\חסידויות\משכנות הרועים
מתמידים,מסודר מחדש\חסידויות\מתמידים
נדבורנה,מסודר מחדש\חסידויות\נדבורנה
סאטמאר,מסודר מחדש\חסידויות\סאטמאר
סדיגורא,מסודר מחדש\חסידויות\סדיגורא
סדיגורה,מסודר מחדש\חסידויות\סדיגורה
סלונים,מסודר מחדש\חסידויות\סלונים
סערט ויזניץ,מסודר מחדש\חסידויות\סערט ויזניץ
ספינקא,מסודר מחדש\חסידויות\ספינקא
סקווירא,מסודר מחדש\חסידויות\סקווירא
סקולען,מסודר מחדש\חסידויות\סקולען
פינסק קרלין,מסודר מחדש\חסידויות\פינסק קרלין
פרמישלאן,מסודר מחדש\חסידויות\פרמישלאן
צאנז,מסודר מחדש\חסידויות\צאנז
קארלין סטאלין,מסודר מחדש\חסידויות\קארלין סטאלין
קרלין,מסודר מחדש\חסידויות\קרלין
קרעטשניף,מסודר מחדש\חסידויות\קרעטשניף
ראדאמסק,מסודר מחדש\חסידויות\ראדאמסק
שומרי אמונים,מסודר מחדש\חסידויות\שומרי אמונים
תולדות אברהם יצחק,מסודר מחדש\חסידויות\תולדות אברהם יצחק
תולדות אהרן,מסודר מחדש\חסידויות\תולדות אהרן
אבי שרון,מסודר מחדש\ילדי פלא\אבי שרון
אבישי רוזן,מסודר מחדש\ילדי פלא\אבישי רוזן
אברהם חיים גרין,מסודר מחדש\ילדי פלא\אברהם חיים גרין
אהרן הלוי,מסודר מחדש\ילדי פלא\אהרן הלוי
אוראל כהן,מסודר מחדש\ילדי פלא\אוראל כהן
אורי אל,מסודר מחדש\ילדי פלא\אורי אל
אורי גברא,מסודר מחדש\ילדי פלא\אורי גברא
אידן ודותן,מסודר מחדש\ילדי פלא\אידן ודותן
אילון גלזר,מסודר מחדש\ילדי פלא\אילון גלזר
אלון מיטב,מסודר מחדש\ילדי פלא\אלון מיטב
אלחנן נגר,מסודר מחדש\ילדי פלא\אלחנן נגר
אליאב שבו,מסודר מחדש\ילדי פלא\אליאב שבו
אלעזר פודור,מסודר מחדש\ילדי פלא\אלעזר פודור
אריאל,מסודר מחדש\ילדי פלא\אריאל
בית ספר למוסיקה,מסודר מחדש\ילדי פלא\בית ספר למוסיקה
בנימין אצרף,מסודר מחדש\ילדי פלא\בנימין אצרף
דוד מושקוביץ,מסודר מחדש\ילדי פלא\דוד מושקוביץ
דוד פרלמן,מסודר מחדש\ילדי פלא\דוד פרלמן
דודי הרץ,מסודר מחדש\ילדי פלא\דודי הרץ
דודי הרשקופ,מסודר מחדש\ילדי פלא\דודי הרשקופ
דודי לינקר,מסודר מחדש\ילדי פלא\דודי לינקר
דניאל לוי,מסודר מחדש\ילדי פלא\דניאל לוי
חיים ציפל,מסודר מחדש\ילדי פלא\חיים ציפל
יהודה מעטוף,מסודר מחדש\ילדי פלא\יהודה מעטוף
יואל טייכמן,מסודר מחדש\ילדי פלא\יואל טייכמן
יוסף אלחנן,מסודר מחדש\ילדי פלא\יוסף אלחנן
ילדי הפלא מכל הזמנים,מסודר מחדש\ילדי פלא\ילדי הפלא מכל הזמנים
יעקב בן חמו,מסודר מחדש\ילדי פלא\יעקב בן חמו
מיטב ילדי הפלא,מסודר מחדש\ילדי פלא\מיטב ילדי הפלא
מישל כהן,מסודר מחדש\ילדי פלא\מישל כהן
נהוראי תורג'מן,מסודר מחדש\ילדי פלא\נהוראי תורג'מן
ניתאי מאיר,מסודר מחדש\ילדי פלא\ניתאי מאיר
נריה עוקבי,מסודר מחדש\ילדי פלא\נריה עוקבי
עילי אבידני,מסודר מחדש\ילדי פלא\עילי אבידני
עמנואל שלום,מסודר מחדש\ילדי פלא\עמנואל שלום
שלום בראדט,מסודר מחדש\ילדי פלא\שלום בראדט
'ezche,מסודר מחדש\לא מוגדר\'ezche
א.ב.ד,מסודר מחדש\לא מוגדר\א.ב.ד
אבי דבלנטי,מסודר מחדש\לא מוגדר\אבי דבלנטי
אבי נקש,מסודר מחדש\לא מוגדר\אבי נקש
אביחי פז גרינוולד,מסודר מחדש\לא מוגדר\אביחי פז גרינוולד
איתן פרייליך,מסודר מחדש\לא מוגדר\איתן פרייליך
אליהו חיים,מסודר מחדש\לא מוגדר\אליהו חיים
אליהו משענייה,מסודר מחדש\לא מוגדר\אליהו משענייה
אמני דוד פדידה,מסודר מחדש\לא מוגדר\אמני דוד פדידה
הרב שושן,מסודר מחדש\לא מוגדר\הרב שושן
שבעה שירים,מסודר מחדש\לא מוגדר\שבעה שירים
שלום למר ועוד,מסודר מחדש\לא מוגדר\שלום למר ועוד
אבנר דניאל,מסודר מחדש\מוזיקה אלטרנטיבית\אבנר דניאל
אברהם אריה תורג'מן,מסודר מחדש\מוזיקה אלטרנטיבית\אברהם אריה תורג'מן
אברהם יצחק רוזנצווייג,מסודר מחדש\מוזיקה אלטרנטיבית\אברהם יצחק רוזנצווייג
אברומי שפיץ,מסודר מחדש\מוזיקה אלטרנטיבית\אברומי שפיץ
אהבת ישראל,מסודר מחדש\מוזיקה אלטרנטיבית\אהבת ישראל
אהוד חמו,מסודר מחדש\מוזיקה אלטרנטיבית\אהוד חמו
אהרן דנין,מסודר מחדש\מוזיקה אלטרנטיבית\אהרן דנין
אהרן סגל,מסודר מחדש\מוזיקה אלטרנטיבית\אהרן סגל
אהרן פרוכטר,מסודר מחדש\מוזיקה אלטרנטיבית\אהרן פרוכטר
אהרן שם טוב,מסודר מחדש\מוזיקה אלטרנטיבית\אהרן שם טוב
אודי טופלברג,מסודר מחדש\מוזיקה אלטרנטיבית\אודי טופלברג
אוהד חתוכה,מסודר מחדש\מוזיקה אלטרנטיבית\אוהד חתוכה
אוהד משיח,מסודר מחדש\מוזיקה אלטרנטיבית\אוהד משיח
אור מויאל,מסודר מחדש\מוזיקה אלטרנטיבית\אור מויאל
אוריאל לוי,מסודר מחדש\מוזיקה אלטרנטיבית\אוריאל לוי
אורן צור,מסודר מחדש\מוזיקה אלטרנטיבית\אורן צור
איזי,מסודר מחדש\מוזיקה אלטרנטיבית\איזי
אייל ישראל שטרנליב,מסודר מחדש\מוזיקה אלטרנטיבית\אייל ישראל שטרנליב
אילן אטדגי,מסודר מחדש\מוזיקה אלטרנטיבית\אילן אטדגי
איתן קלינמן,מסודר מחדש\מוזיקה אלטרנטיבית\איתן קלינמן
אלי ביער,מסודר מחדש\מוזיקה אלטרנטיבית\אלי ביער
אלי מנדלבאום,מסודר מחדש\מוזיקה אלטרנטיבית\אלי מנדלבאום
אלי ציון,מסודר מחדש\מוזיקה אלטרנטיבית\אלי ציון
אליהו צ'ייט,מסודר מחדש\מוזיקה אלטרנטיבית\אליהו צ'ייט
אליעזר בלומן,מסודר מחדש\מוזיקה אלטרנטיבית\אליעזר בלומן
אלנתן,מסודר מחדש\מוזיקה אלטרנטיבית\אלנתן
אסף נגל,מסודר מחדש\מוזיקה אלטרנטיבית\אסף נגל
אסף נוה שלום,מסודר מחדש\מוזיקה אלטרנטיבית\אסף נוה שלום
אפי גרין,מסודר מחדש\מוזיקה אלטרנטיבית\אפי גרין
ארז לב ארי,מסודר מחדש\מוזיקה אלטרנטיבית\ארז לב ארי
אריאל זילבר,מסודר מחדש\מוזיקה אלטרנטיבית\אריאל זילבר
אשר אלפסי,מסודר מחדש\מוזיקה אלטרנטיבית\אשר אלפסי
אשר בנשעיה,מסודר מחדש\מוזיקה אלטרנטיבית\אשר בנשעיה
אתניקס,מסודר מחדש\מוזיקה אלטרנטיבית\אתניקס
בין השמשות,מסודר מחדש\מוזיקה אלטרנטיבית\בין השמשות
בן סנוף,מסודר מחדש\מוזיקה אלטרנטיבית\בן סנוף
ברק גרוסברג,מסודר מחדש\מוזיקה אלטרנטיבית\ברק גרוסברג
גבריאל חסון,מסודר מחדש\מוזיקה אלטרנטיבית\גבריאל חסון
גד ליאור,מסודר מחדש\מוזיקה אלטרנטיבית\גד ליאור
גיל עקביוב,מסודר מחדש\מוזיקה אלטרנטיבית\גיל עקביוב
גרוב סגול,מסודר מחדש\מוזיקה אלטרנטיבית\גרוב סגול
דב שורין,מסודר מחדש\מוזיקה אלטרנטיבית\דב שורין
דובי ברסטון,מסודר מחדש\מוזיקה אלטרנטיבית\דובי ברסטון
דוד אבבו,מסודר מחדש\מוזיקה אלטרנטיבית\דוד אבבו
דוד אשר,מסודר מחדש\מוזיקה אלטרנטיבית\דוד אשר
דוד חזיזה,מסודר מחדש\מוזיקה אלטרנטיבית\דוד חזיזה
דוד חכם הרסון,מסודר מחדש\מוזיקה אלטרנטיבית\דוד חכם הרסון
דוד רפאל בן-עמי,מסודר מחדש\מוזיקה אלטרנטיבית\דוד רפאל בן-עמי
דני גולן,מסודר מחדש\מוזיקה אלטרנטיבית\דני גולן
דני ממן,מסודר מחדש\מוזיקה אלטרנטיבית\דני ממן
דניאל אדמון,מסודר מחדש\מוזיקה אלטרנטיבית\דניאל אדמון
דניאל גרינוואוד,מסודר מחדש\מוזיקה אלטרנטיבית\דניאל גרינוואוד
הזמיר,מסודר מחדש\מוזיקה אלטרנטיבית\הזמיר
המחוזקים,מסודר מחדש\מוזיקה אלטרנטיבית\המחוזקים
המנגן,מסודר מחדש\מוזיקה אלטרנטיבית\המנגן
העקבות,מסודר מחדש\מוזיקה אלטרנטיבית\העקבות
הרמיקסים,מסודר מחדש\מוזיקה אלטרנטיבית\הרמיקסים
התחדשות,מסודר מחדש\מוזיקה אלטרנטיבית\התחדשות
זלמן שטוב,מסודר מחדש\מוזיקה אלטרנטיבית\זלמן שטוב
חוני מילקי,מסודר מחדש\מוזיקה אלטרנטיבית\חוני מילקי
חיים דוד,מסודר מחדש\מוזיקה אלטרנטיבית\חיים דוד
חיים דוד ברסון,מסודר מחדש\מוזיקה אלטרנטיבית\חיים דוד ברסון
חיים דוד סרצ'יק,מסודר מחדש\מוזיקה אלטרנטיבית\חיים דוד סרצ'יק
חנניה אלמליח,מסודר מחדש\מוזיקה אלטרנטיבית\חנניה אלמליח
טנק יו השם,מסודר מחדש\מוזיקה אלטרנטיבית\טנק יו השם
יאיר אליצור,מסודר מחדש\מוזיקה אלטרנטיבית\יאיר אליצור
יהודה ברוך,מסודר מחדש\מוזיקה אלטרנטיבית\יהודה ברוך
יוסף בן הטוב,מסודר מחדש\מוזיקה אלטרנטיבית\יוסף בן הטוב
יוסף ויטל,מסודר מחדש\מוזיקה אלטרנטיבית\יוסף ויטל
יערות דבש,מסודר מחדש\מוזיקה אלטרנטיבית\יערות דבש
יצחק פוקס,מסודר מחדש\מוזיקה אלטרנטיבית\יצחק פוקס
ירון בר,מסודר מחדש\מוזיקה אלטרנטיבית\ירון בר
ישעיה חסיד,מסודר מחדש\מוזיקה אלטרנטיבית\ישעיה חסיד
ישראל נחמן חזין,מסודר מחדש\מוזיקה אלטרנטיבית\ישראל נחמן חזין
לויתן,מסודר מחדש\מוזיקה אלטרנטיבית\לויתן
מאט דאב,מסודר מחדש\מוזיקה אלטרנטיבית\מאט דאב
מאיר רוזנברג,מסודר מחדש\מוזיקה אלטרנטיבית\מאיר רוזנברג
מטליש,מסודר מחדש\מוזיקה אלטרנטיבית\מטליש
מייק טויבר,מסודר מחדש\מוזיקה אלטרנטיבית\מייק טויבר
מיכאל עובד,מסודר מחדש\מוזיקה אלטרנטיבית\מיכאל עובד
מיקי רוזנבאום,מסודר מחדש\מוזיקה אלטרנטיבית\מיקי רוזנבאום
מנחם אסף,מסודר מחדש\מוזיקה אלטרנטיבית\מנחם אסף
מרדכי יצהר,מסודר מחדש\מוזיקה אלטרנטיבית\מרדכי יצהר
משה לוי,מסודר מחדש\מוזיקה אלטרנטיבית\משה לוי
נפתלי ארנפלד,מסודר מחדש\מוזיקה אלטרנטיבית\נפתלי ארנפלד
נפתלי גולד,מסודר מחדש\מוזיקה אלטרנטיבית\נפתלי גולד
נריה אנג'ל,מסודר מחדש\מוזיקה אלטרנטיבית\נריה אנג'ל
נתי לוי וחברים,מסודר מחדש\מוזיקה אלטרנטיבית\נתי לוי וחברים
נתן אביעד,מסודר מחדש\מוזיקה אלטרנטיבית\נתן אביעד
סימפלי צפת,מסודר מחדש\מוזיקה אלטרנטיבית\סימפלי צפת
עוזי חיטמן,מסודר מחדש\מוזיקה אלטרנטיבית\עוזי חיטמן
עידן דוד,מסודר מחדש\מוזיקה אלטרנטיבית\עידן דוד
עידן פורטל,מסודר מחדש\מוזיקה אלטרנטיבית\עידן פורטל
עלמא,מסודר מחדש\מוזיקה אלטרנטיבית\עלמא
עניין אחר,מסודר מחדש\מוזיקה אלטרנטיבית\עניין אחר
פרה אדומה,מסודר מחדש\מוזיקה אלטרנטיבית\פרה אדומה
צבי זלבסקי,מסודר מחדש\מוזיקה אלטרנטיבית\צבי זלבסקי
ציון אזרד,מסודר מחדש\מוזיקה אלטרנטיבית\ציון אזרד
קול אחיי,מסודר מחדש\מוזיקה אלטרנטיבית\קול אחיי
רוני רומי,מסודר מחדש\מוזיקה אלטרנטיבית\רוני רומי
רונן חזיזה,מסודר מחדש\מוזיקה אלטרנטיבית\רונן חזיזה
ריש לקיש,מסודר מחדש\מוזיקה אלטרנטיבית\ריש לקיש
שיבי קלר,מסודר מחדש\מוזיקה אלטרנטיבית\שיבי קלר
שלמה מינס,מסודר מחדש\מוזיקה אלטרנטיבית\שלמה מינס
שלמה רג'ה,מסודר מחדש\מוזיקה אלטרנטיבית\שלמה רג'ה
שמוליק אינדיג,מסודר מחדש\מוזיקה אלטרנטיבית\שמוליק אינדיג
שמש מיוזיק,מסודר מחדש\מוזיקה אלטרנטיבית\שמש מיוזיק
שרולי ברונכר,מסודר מחדש\מוזיקה אלטרנטיבית\שרולי ברונכר
RJ2,מסודר מחדש\מוזיקה אמריקאית\RJ2
אבי ביר,מסודר מחדש\מוזיקה אמריקאית\אבי ביר
אבי פרייר,מסודר מחדש\מוזיקה אמריקאית\אבי פרייר
אבי קונטנר,מסודר מחדש\מוזיקה אמריקאית\אבי קונטנר
אבי קראוס,מסודר מחדש\מוזיקה אמריקאית\אבי קראוס
אברהם יצחק בוזגלו,מסודר מחדש\מוזיקה אמריקאית\אברהם יצחק בוזגלו
אברומי ספיץ,מסודר מחדש\מוזיקה אמריקאית\אברומי ספיץ
אהרן ויין,מסודר מחדש\מוזיקה אמריקאית\אהרן ויין
אהרן מיכאל,מסודר מחדש\מוזיקה אמריקאית\אהרן מיכאל
איצי וולדנר,מסודר מחדש\מוזיקה אמריקאית\איצי וולדנר
אלי ביגון,מסודר מחדש\מוזיקה אמריקאית\אלי ביגון
אלי שוובל,מסודר מחדש\מוזיקה אמריקאית\אלי שוובל
אליהו,מסודר מחדש\מוזיקה אמריקאית\אליהו
אליהו חייט,מסודר מחדש\מוזיקה אמריקאית\אליהו חייט
אלכס קלייר,מסודר מחדש\מוזיקה אמריקאית\אלכס קלייר
אריה קונסטלר,מסודר מחדש\מוזיקה אמריקאית\אריה קונסטלר
בי-אונד עדן,מסודר מחדש\מוזיקה אמריקאית\בי-אונד עדן
בנג'ו בילי,מסודר מחדש\מוזיקה אמריקאית\בנג'ו בילי
בנימין שרף,מסודר מחדש\מוזיקה אמריקאית\בנימין שרף
בנצי טאבאק,מסודר מחדש\מוזיקה אמריקאית\בנצי טאבאק
ברוך אביטן,מסודר מחדש\מוזיקה אמריקאית\ברוך אביטן
גבי כהן,מסודר מחדש\מוזיקה אמריקאית\גבי כהן
גבריאל כהנא,מסודר מחדש\מוזיקה אמריקאית\גבריאל כהנא
גדליה סלושי,מסודר מחדש\מוזיקה אמריקאית\גדליה סלושי
גדעון אנה,מסודר מחדש\מוזיקה אמריקאית\גדעון אנה
גרשון ורובה,מסודר מחדש\מוזיקה אמריקאית\גרשון ורובה
דוד גרוס,מסודר מחדש\מוזיקה אמריקאית\דוד גרוס
דוד גרין,מסודר מחדש\מוזיקה אמריקאית\דוד גרין
דוד יהושע,מסודר מחדש\מוזיקה אמריקאית\דוד יהושע
דני פלגון,מסודר מחדש\מוזיקה אמריקאית\דני פלגון
דני קונסטלר,מסודר מחדש\מוזיקה אמריקאית\דני קונסטלר
החברה,מסודר מחדש\מוזיקה אמריקאית\החברה
הלל זכאי,מסודר מחדש\מוזיקה אמריקאית\הלל זכאי
זאבי קאופמן,מסודר מחדש\מוזיקה אמריקאית\זאבי קאופמן
יונתן היל,מסודר מחדש\מוזיקה אמריקאית\יונתן היל
יוסי טויב,מסודר מחדש\מוזיקה אמריקאית\יוסי טויב
יוסף ניוקומב,מסודר מחדש\מוזיקה אמריקאית\יוסף ניוקומב
יחיאל שרון,מסודר מחדש\מוזיקה אמריקאית\יחיאל שרון
יצחק שמחה,מסודר מחדש\מוזיקה אמריקאית\יצחק שמחה
ירחמיאל ביגון,מסודר מחדש\מוזיקה אמריקאית\ירחמיאל ביגון
לנזבאום,מסודר מחדש\מוזיקה אמריקאית\לנזבאום
לני סלומון,מסודר מחדש\מוזיקה אמריקאית\לני סלומון
משפחת קלצקו,מסודר מחדש\מוזיקה אמריקאית\משפחת קלצקו
מתתיהו,מסודר מחדש\מוזיקה אמריקאית\מתתיהו
נוחי קרון,מסודר מחדש\מוזיקה אמריקאית\נוחי קרון
נחמן ברגמן,מסודר מחדש\מוזיקה אמריקאית\נחמן ברגמן
נפתלי בלומנטל,מסודר מחדש\מוזיקה אמריקאית\נפתלי בלומנטל
עומק הדבר,מסודר מחדש\מוזיקה אמריקאית\עומק הדבר
עורה,מסודר מחדש\מוזיקה אמריקאית\עורה
פעטערבורג,מסודר מחדש\מוזיקה אמריקאית\פעטערבורג
קן ברג'ס,מסודר מחדש\מוזיקה אמריקאית\קן ברג'ס
שירי הלויים,מסודר מחדש\מוזיקה אמריקאית\שירי הלויים
שלוק רוק,מסודר מחדש\מוזיקה אמריקאית\שלוק רוק
שמעון קוגל,מסודר מחדש\מוזיקה אמריקאית\שמעון קוגל
שמעיה סילברמן,מסודר מחדש\מוזיקה אמריקאית\שמעיה סילברמן
אבי ברק,מסודר מחדש\מוזיקה חסידית\אבי ברק
אבי זוהר,מסודר מחדש\מוזיקה חסידית\אבי זוהר
אבי לרנר,מסודר מחדש\מוזיקה חסידית\אבי לרנר
אבי מן,מסודר מחדש\מוזיקה חסידית\אבי מן
אביגדור רוט,מסודר מחדש\מוזיקה חסידית\אביגדור רוט
אביחי דרף,מסודר מחדש\מוזיקה חסידית\אביחי דרף
אברהם דוד,מסודר מחדש\מוזיקה חסידית\אברהם דוד
אברהם וויליג,מסודר מחדש\מוזיקה חסידית\אברהם וויליג
אברהם מרדכי שווארץ,מסודר מחדש\מוזיקה חסידית\אברהם מרדכי שווארץ
אברהם משה ברדוגו,מסודר מחדש\מוזיקה חסידית\אברהם משה ברדוגו
אברהם סאמעט,מסודר מחדש\מוזיקה חסידית\אברהם סאמעט
אברומי סאמט,מסודר מחדש\מוזיקה חסידית\אברומי סאמט
אברומי פלאם,מסודר מחדש\מוזיקה חסידית\אברומי פלאם
אברימי גולדשטיין,מסודר מחדש\מוזיקה חסידית\אברימי גולדשטיין
אברימי לונגר,מסודר מחדש\מוזיקה חסידית\אברימי לונגר
אברימי שטראוס,מסודר מחדש\מוזיקה חסידית\אברימי שטראוס
אהרן דויטש,מסודר מחדש\מוזיקה חסידית\אהרן דויטש
אהרן יוסף שפילמאן,מסודר מחדש\מוזיקה חסידית\אהרן יוסף שפילמאן
אהרן מיללער ובניו,מסודר מחדש\מוזיקה חסידית\אהרן מיללער ובניו
אהרן שלמה כץ,מסודר מחדש\מוזיקה חסידית\אהרן שלמה כץ
אוהד בר לוי,מסודר מחדש\מוזיקה חסידית\אוהד בר לוי
אורי הלר,מסודר מחדש\מוזיקה חסידית\אורי הלר
אחיה אשר כהן,מסודר מחדש\מוזיקה חסידית\אחיה אשר כהן
אחיה רובין,מסודר מחדש\מוזיקה חסידית\אחיה רובין
איצי ספינר,מסודר מחדש\מוזיקה חסידית\איצי ספינר
איצי קופולוביץ,מסודר מחדש\מוזיקה חסידית\איצי קופולוביץ
איצי קליין,מסודר מחדש\מוזיקה חסידית\איצי קליין
איצי שווארץ,מסודר מחדש\מוזיקה חסידית\איצי שווארץ
איתמר ארגעל,מסודר מחדש\מוזיקה חסידית\איתמר ארגעל
איתמר שטיין,מסודר מחדש\מוזיקה חסידית\איתמר שטיין
איתן כהן,מסודר מחדש\מוזיקה חסידית\איתן כהן
איתן לאופר,מסודר מחדש\מוזיקה חסידית\איתן לאופר
אלחנן ענבל,מסודר מחדש\מוזיקה חסידית\אלחנן ענבל
אלי אטיאס,מסודר מחדש\מוזיקה חסידית\אלי אטיאס
אלי גרשטנר,מסודר מחדש\מוזיקה חסידית\אלי גרשטנר
אלי וייס,מסודר מחדש\מוזיקה חסידית\אלי וייס
אלי כהן,מסודר מחדש\מוזיקה חסידית\אלי כהן
אלי לאופר,מסודר מחדש\מוזיקה חסידית\אלי לאופר
אלי ליפסקר,מסודר מחדש\מוזיקה חסידית\אלי ליפסקר
אלי מילר,מסודר מחדש\מוזיקה חסידית\אלי מילר
אלי קליין,מסודר מחדש\מוזיקה חסידית\אלי קליין
אלי שוובר,מסודר מחדש\מוזיקה חסידית\אלי שוובר
אליהו שטיין,מסודר מחדש\מוזיקה חסידית\אליהו שטיין
אלימלך זינגער,מסודר מחדש\מוזיקה חסידית\אלימלך זינגער
אליסף חפץ,מסודר מחדש\מוזיקה חסידית\אליסף חפץ
אליעזר אוירבך,מסודר מחדש\מוזיקה חסידית\אליעזר אוירבך
אליעזר מרדכי שווארץ,מסודר מחדש\מוזיקה חסידית\אליעזר מרדכי שווארץ
אליעזר קאליש,מסודר מחדש\מוזיקה חסידית\אליעזר קאליש
אליקים ביננשטוק,מסודר מחדש\מוזיקה חסידית\אליקים ביננשטוק
אלעזר אסתרון,מסודר מחדש\מוזיקה חסידית\אלעזר אסתרון
אלעזר ולדמן,מסודר מחדש\מוזיקה חסידית\אלעזר ולדמן
אלעזר פרץ,מסודר מחדש\מוזיקה חסידית\אלעזר פרץ
אנדי פרידמן,מסודר מחדש\מוזיקה חסידית\אנדי פרידמן
אנשי עקשטיין,מסודר מחדש\מוזיקה חסידית\אנשי עקשטיין
אפרים מרקוביץ,מסודר מחדש\מוזיקה חסידית\אפרים מרקוביץ
ארי גולד,מסודר מחדש\מוזיקה חסידית\ארי גולד
ארי קליין,מסודר מחדש\מוזיקה חסידית\ארי קליין
אריה ברגר,מסודר מחדש\מוזיקה חסידית\אריה ברגר
אריה ברונר,מסודר מחדש\מוזיקה חסידית\אריה ברונר
אריה קרלינסקי,מסודר מחדש\מוזיקה חסידית\אריה קרלינסקי
אריק דביר,מסודר מחדש\מוזיקה חסידית\אריק דביר
אשר ברדה,מסודר מחדש\מוזיקה חסידית\אשר ברדה
אשר קרמר,מסודר מחדש\מוזיקה חסידית\אשר קרמר
אשר שארף ובניו,מסודר מחדש\מוזיקה חסידית\אשר שארף ובניו
בוכי גליק,מסודר מחדש\מוזיקה חסידית\בוכי גליק
בן ציון ברכר,מסודר מחדש\מוזיקה חסידית\בן ציון ברכר
בן ציון סלומון ובניו,מסודר מחדש\מוזיקה חסידית\בן ציון סלומון ובניו
בני הרבנים,מסודר מחדש\מוזיקה חסידית\בני הרבנים
בני עמר,מסודר מחדש\מוזיקה חסידית\בני עמר
בני קטן,מסודר מחדש\מוזיקה חסידית\בני קטן
בני רבינוביץ,מסודר מחדש\מוזיקה חסידית\בני רבינוביץ
בערל צוקר,מסודר מחדש\מוזיקה חסידית\בערל צוקר
בצלאל גולד,מסודר מחדש\מוזיקה חסידית\בצלאל גולד
ברוך אקשטיין,מסודר מחדש\מוזיקה חסידית\ברוך אקשטיין
ברוך ויזל,מסודר מחדש\מוזיקה חסידית\ברוך ויזל
ברוך חייט,מסודר מחדש\מוזיקה חסידית\ברוך חייט
ברוך כהן,מסודר מחדש\מוזיקה חסידית\ברוך כהן
ברוך נפתלי,מסודר מחדש\מוזיקה חסידית\ברוך נפתלי
ברוך עבוד,מסודר מחדש\מוזיקה חסידית\ברוך עבוד
בריו חקשור,מסודר מחדש\מוזיקה חסידית\בריו חקשור
ג' ג' הופמאן,מסודר מחדש\מוזיקה חסידית\ג' ג' הופמאן
ג'פ,מסודר מחדש\מוזיקה חסידית\ג'פ
גבי אהרון,מסודר מחדש\מוזיקה חסידית\גבי אהרון
גבי שטרנגר,מסודר מחדש\מוזיקה חסידית\גבי שטרנגר
גד פוריזן,מסודר מחדש\מוזיקה חסידית\גד פוריזן
גדעון לוין,מסודר מחדש\מוזיקה חסידית\גדעון לוין
גלעד פוטולסקי,מסודר מחדש\מוזיקה חסידית\גלעד פוטולסקי
גרשון פריישטט,מסודר מחדש\מוזיקה חסידית\גרשון פריישטט
גרשי אורי,מסודר מחדש\מוזיקה חסידית\גרשי אורי
גרשי שווארץ,מסודר מחדש\מוזיקה חסידית\גרשי שווארץ
דב בער אהרמן,מסודר מחדש\מוזיקה חסידית\דב בער אהרמן
דב הופמאן,מסודר מחדש\מוזיקה חסידית\דב הופמאן
דב לוין,מסודר מחדש\מוזיקה חסידית\דב לוין
דב פרקש,מסודר מחדש\מוזיקה חסידית\דב פרקש
דובי דוד,מסודר מחדש\מוזיקה חסידית\דובי דוד
דובי מייזלס,מסודר מחדש\מוזיקה חסידית\דובי מייזלס
דוד אולמן,מסודר מחדש\מוזיקה חסידית\דוד אולמן
דוד בארי,מסודר מחדש\מוזיקה חסידית\דוד בארי
דוד ברג,מסודר מחדש\מוזיקה חסידית\דוד ברג
דוד גבאי,מסודר מחדש\מוזיקה חסידית\דוד גבאי
דוד האניג,מסודר מחדש\מוזיקה חסידית\דוד האניג
דוד היל,מסודר מחדש\מוזיקה חסידית\דוד היל
דוד מרגליות,מסודר מחדש\מוזיקה חסידית\דוד מרגליות
דוד פרופיס,מסודר מחדש\מוזיקה חסידית\דוד פרופיס
דוד שטיין,מסודר מחדש\מוזיקה חסידית\דוד שטיין
דודי קנפלר,מסודר מחדש\מוזיקה חסידית\דודי קנפלר
דייויד טויב,מסודר מחדש\מוזיקה חסידית\דייויד טויב
דניאל וולדמן,מסודר מחדש\מוזיקה חסידית\דניאל וולדמן
דניאל קדוש,מסודר מחדש\מוזיקה חסידית\דניאל קדוש
האחים ברונר,מסודר מחדש\מוזיקה חסידית\האחים ברונר
האחים שפירא,מסודר מחדש\מוזיקה חסידית\האחים שפירא
הלל - דב הופמן,מסודר מחדש\מוזיקה חסידית\הלל - דב הופמן
הלל מאיר,מסודר מחדש\מוזיקה חסידית\הלל מאיר
הלל פולק,מסודר מחדש\מוזיקה חסידית\הלל פולק
וולוול מרנץ,מסודר מחדש\מוזיקה חסידית\וולוול מרנץ
זאבי קראושר,מסודר מחדש\מוזיקה חסידית\זאבי קראושר
זושא שמעלצר,מסודר מחדש\מוזיקה חסידית\זושא שמעלצר
זמר הפקות,מסודר מחדש\מוזיקה חסידית\זמר הפקות
חבריה,מסודר מחדש\מוזיקה חסידית\חבריה
חיים בלומפלד,מסודר מחדש\מוזיקה חסידית\חיים בלומפלד
חיים בנט,מסודר מחדש\מוזיקה חסידית\חיים בנט
חיים גרין,מסודר מחדש\מוזיקה חסידית\חיים גרין
חיים י. היילפרן,מסודר מחדש\מוזיקה חסידית\חיים י. היילפרן
חיים מאיר ערפס,מסודר מחדש\מוזיקה חסידית\חיים מאיר ערפס
חיים קוזוכוביץ,מסודר מחדש\מוזיקה חסידית\חיים קוזוכוביץ
יאיר כלב,מסודר מחדש\מוזיקה חסידית\יאיר כלב
יגאל צליק,מסודר מחדש\מוזיקה חסידית\יגאל צליק
יהודה,מסודר מחדש\מוזיקה חסידית\יהודה
יהודה וחבריו,מסודר מחדש\מוזיקה חסידית\יהודה וחבריו
יהודה פליישמן,מסודר מחדש\מוזיקה חסידית\יהודה פליישמן
יהודה צ'יק,מסודר מחדש\מוזיקה חסידית\יהודה צ'יק
יהושע האנשטטר,מסודר מחדש\מוזיקה חסידית\יהושע האנשטטר
יהושע מנדלוביץ,מסודר מחדש\מוזיקה חסידית\יהושע מנדלוביץ
יואל דוד,מסודר מחדש\מוזיקה חסידית\יואל דוד
יואל פאלקוויטש,מסודר מחדש\מוזיקה חסידית\יואל פאלקוויטש
יואל ראטה,מסודר מחדש\מוזיקה חסידית\יואל ראטה
יואלי וייס,מסודר מחדש\מוזיקה חסידית\יואלי וייס
יודי ביאלוסטוצקי,מסודר מחדש\מוזיקה חסידית\יודי ביאלוסטוצקי
יוהן מיכאל,מסודר מחדש\מוזיקה חסידית\יוהן מיכאל
יוחי בריסקמן,מסודר מחדש\מוזיקה חסידית\יוחי בריסקמן
יום טוב ערליך,מסודר מחדש\מוזיקה חסידית\יום טוב ערליך
יומי רוזנבאום,מסודר מחדש\מוזיקה חסידית\יומי רוזנבאום
יוני שלמה,מסודר מחדש\מוזיקה חסידית\יוני שלמה
יונתן ווייס,מסודר מחדש\מוזיקה חסידית\יונתן ווייס
יונתן שווארץ,מסודר מחדש\מוזיקה חסידית\יונתן שווארץ
יוסי ברגר,מסודר מחדש\מוזיקה חסידית\יוסי ברגר
יוסי גולדשטיין,מסודר מחדש\מוזיקה חסידית\יוסי גולדשטיין
יוסי גורביץ,מסודר מחדש\מוזיקה חסידית\יוסי גורביץ
יוסי גיל,מסודר מחדש\מוזיקה חסידית\יוסי גיל
יוסי הופמן,מסודר מחדש\מוזיקה חסידית\יוסי הופמן
יוסי ורסאנו,מסודר מחדש\מוזיקה חסידית\יוסי ורסאנו
יוסי טויטו,מסודר מחדש\מוזיקה חסידית\יוסי טויטו
יוסי ליבוביץ,מסודר מחדש\מוזיקה חסידית\יוסי ליבוביץ
יוסי מאיר,מסודר מחדש\מוזיקה חסידית\יוסי מאיר
יוסי רוז,מסודר מחדש\מוזיקה חסידית\יוסי רוז
יוסי רוזנברג,מסודר מחדש\מוזיקה חסידית\יוסי רוזנברג
יוסף זאב בראווער,מסודר מחדש\מוזיקה חסידית\יוסף זאב בראווער
יוסף חיים בלוך,מסודר מחדש\מוזיקה חסידית\יוסף חיים בלוך
יחיאל אריה פליגמן,מסודר מחדש\מוזיקה חסידית\יחיאל אריה פליגמן
יחיאל ליכטיגר,מסודר מחדש\מוזיקה חסידית\יחיאל ליכטיגר
ינון צדוק,מסודר מחדש\מוזיקה חסידית\ינון צדוק
יניב,מסודר מחדש\מוזיקה חסידית\יניב
יענקי דסקל,מסודר מחדש\מוזיקה חסידית\יענקי דסקל
יעקב זינגבוים,מסודר מחדש\מוזיקה חסידית\יעקב זינגבוים
יעקב יאנג,מסודר מחדש\מוזיקה חסידית\יעקב יאנג
יעקב סגל,מסודר מחדש\מוזיקה חסידית\יעקב סגל
יצחק אונגר,מסודר מחדש\מוזיקה חסידית\יצחק אונגר
יצחק וועבערמאן,מסודר מחדש\מוזיקה חסידית\יצחק וועבערמאן
יצחק רוזנטל,מסודר מחדש\מוזיקה חסידית\יצחק רוזנטל
יצחק רייס,מסודר מחדש\מוזיקה חסידית\יצחק רייס
יצחק ריס,מסודר מחדש\מוזיקה חסידית\יצחק ריס
יצי ספינר,מסודר מחדש\מוזיקה חסידית\יצי ספינר
ירמיה דמן,מסודר מחדש\מוזיקה חסידית\ירמיה דמן
ישוב הדעת,מסודר מחדש\מוזיקה חסידית\ישוב הדעת
ישי ברסלוייר,מסודר מחדש\מוזיקה חסידית\ישי ברסלוייר
ישי שלר,מסודר מחדש\מוזיקה חסידית\ישי שלר
ישראל אזרחי,מסודר מחדש\מוזיקה חסידית\ישראל אזרחי
ישראל בורוכוב,מסודר מחדש\מוזיקה חסידית\ישראל בורוכוב
ישראל מאיר פרידברג,מסודר מחדש\מוזיקה חסידית\ישראל מאיר פרידברג
ישראל פרנס,מסודר מחדש\מוזיקה חסידית\ישראל פרנס
ליונל מזרחי,מסודר מחדש\מוזיקה חסידית\ליונל מזרחי
לייבי ווידער,מסודר מחדש\מוזיקה חסידית\לייבי ווידער
לייבלה השל,מסודר מחדש\מוזיקה חסידית\לייבלה השל
מאיר גלבר,מסודר מחדש\מוזיקה חסידית\מאיר גלבר
מאיר גפני,מסודר מחדש\מוזיקה חסידית\מאיר גפני
מאיר דוד פרקש,מסודר מחדש\מוזיקה חסידית\מאיר דוד פרקש
מוטי גולדמן,מסודר מחדש\מוזיקה חסידית\מוטי גולדמן
מוטי ויזל,מסודר מחדש\מוזיקה חסידית\מוטי ויזל
מוטי זינגבוים,מסודר מחדש\מוזיקה חסידית\מוטי זינגבוים
מוטי מונק,מסודר מחדש\מוזיקה חסידית\מוטי מונק
מוישי בורגר,מסודר מחדש\מוזיקה חסידית\מוישי בורגר
מזמור הפקות,מסודר מחדש\מוזיקה חסידית\מזמור הפקות
מיכאל אזולאי,מסודר מחדש\מוזיקה חסידית\מיכאל אזולאי
מיכאל טברסקי,מסודר מחדש\מוזיקה חסידית\מיכאל טברסקי
מיכאל נועם,מסודר מחדש\מוזיקה חסידית\מיכאל נועם
מיכאל סורה,מסודר מחדש\מוזיקה חסידית\מיכאל סורה
מיכאל סקופסקי,מסודר מחדש\מוזיקה חסידית\מיכאל סקופסקי
מיכאל שטרייכר,מסודר מחדש\מוזיקה חסידית\מיכאל שטרייכר
מיכאל שניצלר,מסודר מחדש\מוזיקה חסידית\מיכאל שניצלר
מכון שירת היראה  - נובהרדוק,מסודר מחדש\מוזיקה חסידית\מכון שירת היראה  - נובהרדוק
מנדי וולד,מסודר מחדש\מוזיקה חסידית\מנדי וולד
מנדי ורדיגר,מסודר מחדש\מוזיקה חסידית\מנדי ורדיגר
מנחם לוק,מסודר מחדש\מוזיקה חסידית\מנחם לוק
מנחם מוסקאוויטש,מסודר מחדש\מוזיקה חסידית\מנחם מוסקאוויטש
מנחם מושקוביץ,מסודר מחדש\מוזיקה חסידית\מנחם מושקוביץ
מנחם פיליפ,מסודר מחדש\מוזיקה חסידית\מנחם פיליפ
מנשה פטמן,מסודר מחדש\מוזיקה חסידית\מנשה פטמן
מענדי וואלד,מסודר מחדש\מוזיקה חסידית\מענדי וואלד
מרדכי פוקס,מסודר מחדש\מוזיקה חסידית\מרדכי פוקס
מרטין דוידסון,מסודר מחדש\מוזיקה חסידית\מרטין דוידסון
משה אילוביץ,מסודר מחדש\מוזיקה חסידית\משה אילוביץ
משה גוטמן,מסודר מחדש\מוזיקה חסידית\משה גוטמן
משה דוד וייסמנדל,מסודר מחדש\מוזיקה חסידית\משה דוד וייסמנדל
משה וינטרוב,מסודר מחדש\מוזיקה חסידית\משה וינטרוב
משה כהן,מסודר מחדש\מוזיקה חסידית\משה כהן
משה מנדלוביץ,מסודר מחדש\מוזיקה חסידית\משה מנדלוביץ
משה קרויס,מסודר מחדש\מוזיקה חסידית\משה קרויס
משה רוזנברג,מסודר מחדש\מוזיקה חסידית\משה רוזנברג
משיח אביבי,מסודר מחדש\מוזיקה חסידית\משיח אביבי
משפחת פאסטן,מסודר מחדש\מוזיקה חסידית\משפחת פאסטן
נובהרדוק,מסודר מחדש\מוזיקה חסידית\נובהרדוק
נועם חייט,מסודר מחדש\מוזיקה חסידית\נועם חייט
נועם מיכאל,מסודר מחדש\מוזיקה חסידית\נועם מיכאל
נחום סטארק,מסודר מחדש\מוזיקה חסידית\נחום סטארק
נחמן בוימל,מסודר מחדש\מוזיקה חסידית\נחמן בוימל
נחמן כהן,מסודר מחדש\מוזיקה חסידית\נחמן כהן
ניסים דורך,מסודר מחדש\מוזיקה חסידית\ניסים דורך
ניסן,מסודר מחדש\מוזיקה חסידית\ניסן
נמואל הרוש,מסודר מחדש\מוזיקה חסידית\נמואל הרוש
נפתלי י. מנדלאוויטש,מסודר מחדש\מוזיקה חסידית\נפתלי י. מנדלאוויטש
נשמהלה,מסודר מחדש\מוזיקה חסידית\נשמהלה
נתי ברזילי,מסודר מחדש\מוזיקה חסידית\נתי ברזילי
סוליד גולד,מסודר מחדש\מוזיקה חסידית\סוליד גולד
סוקי ברי,מסודר מחדש\מוזיקה חסידית\סוקי ברי
סוקי ודינג,מסודר מחדש\מוזיקה חסידית\סוקי ודינג
סיני,מסודר מחדש\מוזיקה חסידית\סיני
סיני מעודה,מסודר מחדש\מוזיקה חסידית\סיני מעודה
עוזי בודנר,מסודר מחדש\מוזיקה חסידית\עוזי בודנר
עמית ליאני,מסודר מחדש\מוזיקה חסידית\עמית ליאני
עקיבא מרגליות,מסודר מחדש\מוזיקה חסידית\עקיבא מרגליות
פיטסבורג,מסודר מחדש\מוזיקה חסידית\פיטסבורג
פינקי וועבר,מסודר מחדש\מוזיקה חסידית\פינקי וועבר
פנחס וולף,מסודר מחדש\מוזיקה חסידית\פנחס וולף
צבי זילברברג,מסודר מחדש\מוזיקה חסידית\צבי זילברברג
צבי טוקצינסקי,מסודר מחדש\מוזיקה חסידית\צבי טוקצינסקי
צלי שטרן,מסודר מחדש\מוזיקה חסידית\צלי שטרן
קאפי עלנבויגן,מסודר מחדש\מוזיקה חסידית\קאפי עלנבויגן
קובי,מסודר מחדש\מוזיקה חסידית\קובי
קול סלוניקה,מסודר מחדש\מוזיקה חסידית\קול סלוניקה
קראלע,מסודר מחדש\מוזיקה חסידית\קראלע
ראובן בקר,מסודר מחדש\מוזיקה חסידית\ראובן בקר
רובי בנט,מסודר מחדש\מוזיקה חסידית\רובי בנט
שדי חמד,מסודר מחדש\מוזיקה חסידית\שדי חמד
שי זולטי,מסודר מחדש\מוזיקה חסידית\שי זולטי
שייע רובינשטיין,מסודר מחדש\מוזיקה חסידית\שייע רובינשטיין
שימשי ניימן,מסודר מחדש\מוזיקה חסידית\שימשי ניימן
שלום ברנהולץ,מסודר מחדש\מוזיקה חסידית\שלום ברנהולץ
שלום מורגנשטרן,מסודר מחדש\מוזיקה חסידית\שלום מורגנשטרן
שלומי דקס,מסודר מחדש\מוזיקה חסידית\שלומי דקס
שלומי קאופמן,מסודר מחדש\מוזיקה חסידית\שלומי קאופמן
שלמה ברונר,מסודר מחדש\מוזיקה חסידית\שלמה ברונר
שלמה ואיתן כץ,מסודר מחדש\מוזיקה חסידית\שלמה ואיתן כץ
שלמה נחמיה ראזענבערג,מסודר מחדש\מוזיקה חסידית\שלמה נחמיה ראזענבערג
שלמה קאליש,מסודר מחדש\מוזיקה חסידית\שלמה קאליש
שמואל ארהנטל,מסודר מחדש\מוזיקה חסידית\שמואל ארהנטל
שמואל ברונר,מסודר מחדש\מוזיקה חסידית\שמואל ברונר
שמואל ברזיל,מסודר מחדש\מוזיקה חסידית\שמואל ברזיל
שמואל הררי,מסודר מחדש\מוזיקה חסידית\שמואל הררי
שמוליק גפנר,מסודר מחדש\מוזיקה חסידית\שמוליק גפנר
שמוליק סוכות,מסודר מחדש\מוזיקה חסידית\שמוליק סוכות
שמוליק קליין,מסודר מחדש\מוזיקה חסידית\שמוליק קליין
שמחה ובר,מסודר מחדש\מוזיקה חסידית\שמחה ובר
שמחה קנטר,מסודר מחדש\מוזיקה חסידית\שמחה קנטר
שמילו רוזנברג,מסודר מחדש\מוזיקה חסידית\שמילו רוזנברג
שמילי שטיינמץ,מסודר מחדש\מוזיקה חסידית\שמילי שטיינמץ
שמיליק בנדיקט,מסודר מחדש\מוזיקה חסידית\שמיליק בנדיקט
שמעון טובול,מסודר מחדש\מוזיקה חסידית\שמעון טובול
שמעון קרמר,מסודר מחדש\מוזיקה חסידית\שמעון קרמר
שמשון דלקוביץ,מסודר מחדש\מוזיקה חסידית\שמשון דלקוביץ
שניאור זלמן לוין,מסודר מחדש\מוזיקה חסידית\שניאור זלמן לוין
שעיה רובנשטיין,מסודר מחדש\מוזיקה חסידית\שעיה רובנשטיין
שרולי גינסברג,מסודר מחדש\מוזיקה חסידית\שרולי גינסברג
שרולי גרין,מסודר מחדש\מוזיקה חסידית\שרולי גרין
שרולי וייס,מסודר מחדש\מוזיקה חסידית\שרולי וייס
שרולי שטרייכר,מסודר מחדש\מוזיקה חסידית\שרולי שטרייכר
אבי פדולינסקי,מסודר מחדש\מוזיקה ישראלית\אבי פדולינסקי
אביגדור גביש,מסודר מחדש\מוזיקה ישראלית\אביגדור גביש
אביחי נזרי,מסודר מחדש\מוזיקה ישראלית\אביחי נזרי
אבישי בדין,מסודר מחדש\מוזיקה ישראלית\אבישי בדין
אברהם טל,מסודר מחדש\מוזיקה ישראלית\אברהם טל
אברומי וינברג,מסודר מחדש\מוזיקה ישראלית\אברומי וינברג
אהוד בנאי,מסודר מחדש\מוזיקה ישראלית\אהוד בנאי
אהרן סיטבון,מסודר מחדש\מוזיקה ישראלית\אהרן סיטבון
אוהד כהן,מסודר מחדש\מוזיקה ישראלית\אוהד כהן
אופיר בן אהרון,מסודר מחדש\מוזיקה ישראלית\אופיר בן אהרון
אוצר,מסודר מחדש\מוזיקה ישראלית\אוצר
אורי אליאב,מסודר מחדש\מוזיקה ישראלית\אורי אליאב
אורי פרג'ון,מסודר מחדש\מוזיקה ישראלית\אורי פרג'ון
אוריאל מאור,מסודר מחדש\מוזיקה ישראלית\אוריאל מאור
אורן ארנון,מסודר מחדש\מוזיקה ישראלית\אורן ארנון
אורן ברג,מסודר מחדש\מוזיקה ישראלית\אורן ברג
אייל דביר,מסודר מחדש\מוזיקה ישראלית\אייל דביר
אייל כהן,מסודר מחדש\מוזיקה ישראלית\אייל כהן
אייל עובד,מסודר מחדש\מוזיקה ישראלית\אייל עובד
איל טהר,מסודר מחדש\מוזיקה ישראלית\איל טהר
אילן דמרי,מסודר מחדש\מוזיקה ישראלית\אילן דמרי
איציק אורלב,מסודר מחדש\מוזיקה ישראלית\איציק אורלב
איציק וינגרטן,מסודר מחדש\מוזיקה ישראלית\איציק וינגרטן
איציק כהן,מסודר מחדש\מוזיקה ישראלית\איציק כהן
איציק ליפסקר,מסודר מחדש\מוזיקה ישראלית\איציק ליפסקר
איציק קלה,מסודר מחדש\מוזיקה ישראלית\איציק קלה
אלחי,מסודר מחדש\מוזיקה ישראלית\אלחי
אלי בן ארי,מסודר מחדש\מוזיקה ישראלית\אלי בן ארי
אלי דן,מסודר מחדש\מוזיקה ישראלית\אלי דן
אלי לוין,מסודר מחדש\מוזיקה ישראלית\אלי לוין
אלי סלומון,מסודר מחדש\מוזיקה ישראלית\אלי סלומון
אליה גבאי,מסודר מחדש\מוזיקה ישראלית\אליה גבאי
אלימלך כהן,מסודר מחדש\מוזיקה ישראלית\אלימלך כהן
אליעד אליהו,מסודר מחדש\מוזיקה ישראלית\אליעד אליהו
אליעד נחום,מסודר מחדש\מוזיקה ישראלית\אליעד נחום
אליעד ספיר,מסודר מחדש\מוזיקה ישראלית\אליעד ספיר
אלישיב כהן,מסודר מחדש\מוזיקה ישראלית\אלישיב כהן
אלעד כהן,מסודר מחדש\מוזיקה ישראלית\אלעד כהן
אמיר דדון,מסודר מחדש\מוזיקה ישראלית\אמיר דדון
אמיתי צדוק,מסודר מחדש\מוזיקה ישראלית\אמיתי צדוק
אסף הרוש,מסודר מחדש\מוזיקה ישראלית\אסף הרוש
אסף שלום ליבוביץ,מסודר מחדש\מוזיקה ישראלית\אסף שלום ליבוביץ
אסף שפר,מסודר מחדש\מוזיקה ישראלית\אסף שפר
אפרים דוד,מסודר מחדש\מוזיקה ישראלית\אפרים דוד
ארי בן-ים,מסודר מחדש\מוזיקה ישראלית\ארי בן-ים
ארי הרמן,מסודר מחדש\מוזיקה ישראלית\ארי הרמן
אריק איינשטיין,מסודר מחדש\מוזיקה ישראלית\אריק איינשטיין
ביטדוס,מסודר מחדש\מוזיקה ישראלית\ביטדוס
בן ציון בורובסקי,מסודר מחדש\מוזיקה ישראלית\בן ציון בורובסקי
בנגי רפאל,מסודר מחדש\מוזיקה ישראלית\בנגי רפאל
בני אלבז,מסודר מחדש\מוזיקה ישראלית\בני אלבז
בניה ברבי,מסודר מחדש\מוזיקה ישראלית\בניה ברבי
בנימין כהן,מסודר מחדש\מוזיקה ישראלית\בנימין כהן
בנימין פייל,מסודר מחדש\מוזיקה ישראלית\בנימין פייל
ברק קרמר,מסודר מחדש\מוזיקה ישראלית\ברק קרמר
גדי פייגולד,מסודר מחדש\מוזיקה ישראלית\גדי פייגולד
גדעון בר,מסודר מחדש\מוזיקה ישראלית\גדעון בר
גידי דבוש,מסודר מחדש\מוזיקה ישראלית\גידי דבוש
גיל ישראלוב,מסודר מחדש\מוזיקה ישראלית\גיל ישראלוב
גלעד בראונשטיין,מסודר מחדש\מוזיקה ישראלית\גלעד בראונשטיין
דב אינדיג,מסודר מחדש\מוזיקה ישראלית\דב אינדיג
דוד דאור,מסודר מחדש\מוזיקה ישראלית\דוד דאור
דוד שפירא,מסודר מחדש\מוזיקה ישראלית\דוד שפירא
האחים אזולאי,מסודר מחדש\מוזיקה ישראלית\האחים אזולאי
הראל מויאל,מסודר מחדש\מוזיקה ישראלית\הראל מויאל
הראל סקעת,מסודר מחדש\מוזיקה ישראלית\הראל סקעת
חיים גולד,מסודר מחדש\מוזיקה ישראלית\חיים גולד
ידידיה חייט,מסודר מחדש\מוזיקה ישראלית\ידידיה חייט
ידן כהן,מסודר מחדש\מוזיקה ישראלית\ידן כהן
יהושע אנגלמן,מסודר מחדש\מוזיקה ישראלית\יהושע אנגלמן
יוחאי בן אבי,מסודר מחדש\מוזיקה ישראלית\יוחאי בן אבי
יוני גנוט,מסודר מחדש\מוזיקה ישראלית\יוני גנוט
יונתן שטרן,מסודר מחדש\מוזיקה ישראלית\יונתן שטרן
יוסף נטיב,מסודר מחדש\מוזיקה ישראלית\יוסף נטיב
יצחק מאיר,מסודר מחדש\מוזיקה ישראלית\יצחק מאיר
יצחק שדהו,מסודר מחדש\מוזיקה ישראלית\יצחק שדהו
ישי שין,מסודר מחדש\מוזיקה ישראלית\ישי שין
ישראל זינגר,מסודר מחדש\מוזיקה ישראלית\ישראל זינגר
מאיר בנאי,מסודר מחדש\מוזיקה ישראלית\מאיר בנאי
מאיר גרין,מסודר מחדש\מוזיקה ישראלית\מאיר גרין
מירי ישראלי (מלחינה),מסודר מחדש\מוזיקה ישראלית\מירי ישראלי (מלחינה)
מישקין אייזנטל,מסודר מחדש\מוזיקה ישראלית\מישקין אייזנטל
מרדכי רוט,מסודר מחדש\מוזיקה ישראלית\מרדכי רוט
משה טישלער,מסודר מחדש\מוזיקה ישראלית\משה טישלער
משה פפירוב,מסודר מחדש\מוזיקה ישראלית\משה פפירוב
משפחת ואך,מסודר מחדש\מוזיקה ישראלית\משפחת ואך
מתי שריקי,מסודר מחדש\מוזיקה ישראלית\מתי שריקי
מתניה שבתאי,מסודר מחדש\מוזיקה ישראלית\מתניה שבתאי
נהוראי אריאלי,מסודר מחדש\מוזיקה ישראלית\נהוראי אריאלי
נוי לביא,מסודר מחדש\מוזיקה ישראלית\נוי לביא
נותי ליברמן,מסודר מחדש\מוזיקה ישראלית\נותי ליברמן
נפתלי אברמסון,מסודר מחדש\מוזיקה ישראלית\נפתלי אברמסון
נתנאל ישראל,מסודר מחדש\מוזיקה ישראלית\נתנאל ישראל
סיני אביאל,מסודר מחדש\מוזיקה ישראלית\סיני אביאל
סיני תור,מסודר מחדש\מוזיקה ישראלית\סיני תור
סנדי שמואלי,מסודר מחדש\מוזיקה ישראלית\סנדי שמואלי
עובדיה חממה,מסודר מחדש\מוזיקה ישראלית\עובדיה חממה
עופר הלוי,מסודר מחדש\מוזיקה ישראלית\עופר הלוי
עמיחי פלסר,מסודר מחדש\מוזיקה ישראלית\עמיחי פלסר
עמיר בניון,מסודר מחדש\מוזיקה ישראלית\עמיר בניון
עמרם אדר,מסודר מחדש\מוזיקה ישראלית\עמרם אדר
צמד רעים,מסודר מחדש\מוזיקה ישראלית\צמד רעים
רועי ידיד,מסודר מחדש\מוזיקה ישראלית\רועי ידיד
רפאל מלול,מסודר מחדש\מוזיקה ישראלית\רפאל מלול
שוהם שמחי,מסודר מחדש\מוזיקה ישראלית\שוהם שמחי
שלומי שבת,מסודר מחדש\מוזיקה ישראלית\שלומי שבת
שלמה זוהר,מסודר מחדש\מוזיקה ישראלית\שלמה זוהר
שמואל יונה,מסודר מחדש\מוזיקה ישראלית\שמואל יונה
שמואל פרדניק,מסודר מחדש\מוזיקה ישראלית\שמואל פרדניק
שמוליק,מסודר מחדש\מוזיקה ישראלית\שמוליק
תומר חתוכה,מסודר מחדש\מוזיקה ישראלית\תומר חתוכה
אבי בבאי,מסודר מחדש\מוזיקה מזרחית\אבי בבאי
אבי בן ישראל,מסודר מחדש\מוזיקה מזרחית\אבי בן ישראל
אבי בניון,מסודר מחדש\מוזיקה מזרחית\אבי בניון
אבי חן,מסודר מחדש\מוזיקה מזרחית\אבי חן
אבי לנקרי,מסודר מחדש\מוזיקה מזרחית\אבי לנקרי
אבי פרץ,מסודר מחדש\מוזיקה מזרחית\אבי פרץ
אבי צליח,מסודר מחדש\מוזיקה מזרחית\אבי צליח
אביב צורף,מסודר מחדש\מוזיקה מזרחית\אביב צורף
אביחי חגג,מסודר מחדש\מוזיקה מזרחית\אביחי חגג
אביחי חדד,מסודר מחדש\מוזיקה מזרחית\אביחי חדד
אביחי צנעני,מסודר מחדש\מוזיקה מזרחית\אביחי צנעני
אביעד גיל,מסודר מחדש\מוזיקה מזרחית\אביעד גיל
אבירם שוקרון,מסודר מחדש\מוזיקה מזרחית\אבירם שוקרון
אבירן אהרון,מסודר מחדש\מוזיקה מזרחית\אבירן אהרון
אבישי לוי,מסודר מחדש\מוזיקה מזרחית\אבישי לוי
אביתר צדוק,מסודר מחדש\מוזיקה מזרחית\אביתר צדוק
אברהם אבוטבול,מסודר מחדש\מוזיקה מזרחית\אברהם אבוטבול
אברהם דהאן,מסודר מחדש\מוזיקה מזרחית\אברהם דהאן
אדיר גץ,מסודר מחדש\מוזיקה מזרחית\אדיר גץ
אהרן אהרוני,מסודר מחדש\מוזיקה מזרחית\אהרן אהרוני
אהרן עמרם,מסודר מחדש\מוזיקה מזרחית\אהרן עמרם
אוהד עוזרי,מסודר מחדש\מוזיקה מזרחית\אוהד עוזרי
אופיר אלבז,מסודר מחדש\מוזיקה מזרחית\אופיר אלבז
אופיר סלומון,מסודר מחדש\מוזיקה מזרחית\אופיר סלומון
אורי זר,מסודר מחדש\מוזיקה מזרחית\אורי זר
אורי שבח,מסודר מחדש\מוזיקה מזרחית\אורי שבח
אוריאל אלבליה,מסודר מחדש\מוזיקה מזרחית\אוריאל אלבליה
אורן דוד,מסודר מחדש\מוזיקה מזרחית\אורן דוד
אורן תורג'מן,מסודר מחדש\מוזיקה מזרחית\אורן תורג'מן
אושרי טויטו,מסודר מחדש\מוזיקה מזרחית\אושרי טויטו
אחיעד חודפי,מסודר מחדש\מוזיקה מזרחית\אחיעד חודפי
אייל ימין,מסודר מחדש\מוזיקה מזרחית\אייל ימין
אייל עמרם,מסודר מחדש\מוזיקה מזרחית\אייל עמרם
אילן כהן צדק,מסודר מחדש\מוזיקה מזרחית\אילן כהן צדק
איתי עמרן,מסודר מחדש\מוזיקה מזרחית\איתי עמרן
איתן רבני,מסודר מחדש\מוזיקה מזרחית\איתן רבני
אלי בן הרוש,מסודר מחדש\מוזיקה מזרחית\אלי בן הרוש
אליה ביתן,מסודר מחדש\מוזיקה מזרחית\אליה ביתן
אליה והב,מסודר מחדש\מוזיקה מזרחית\אליה והב
אליהו בוזגלו,מסודר מחדש\מוזיקה מזרחית\אליהו בוזגלו
אליקם בוטה,מסודר מחדש\מוזיקה מזרחית\אליקם בוטה
אלירן D,מסודר מחדש\מוזיקה מזרחית\אלירן D
אלנתן אברג'ל,מסודר מחדש\מוזיקה מזרחית\אלנתן אברג'ל
אלעד גבאי,מסודר מחדש\מוזיקה מזרחית\אלעד גבאי
אלעד גפרי,מסודר מחדש\מוזיקה מזרחית\אלעד גפרי
אלעד שער,מסודר מחדש\מוזיקה מזרחית\אלעד שער
אלקנה מרציאנו,מסודר מחדש\מוזיקה מזרחית\אלקנה מרציאנו
אמיל זריהן,מסודר מחדש\מוזיקה מזרחית\אמיל זריהן
אמיר אליהו,מסודר מחדש\מוזיקה מזרחית\אמיר אליהו
אסף לוי,מסודר מחדש\מוזיקה מזרחית\אסף לוי
אסף משיח,מסודר מחדש\מוזיקה מזרחית\אסף משיח
ארז יחיאל,מסודר מחדש\מוזיקה מזרחית\ארז יחיאל
אריאל כהן,מסודר מחדש\מוזיקה מזרחית\אריאל כהן
אריה דרעי,מסודר מחדש\מוזיקה מזרחית\אריה דרעי
אריין טירי,מסודר מחדש\מוזיקה מזרחית\אריין טירי
ארמונד סוסנה,מסודר מחדש\מוזיקה מזרחית\ארמונד סוסנה
בהרוז אהרוני,מסודר מחדש\מוזיקה מזרחית\בהרוז אהרוני
בועז גדקה,מסודר מחדש\מוזיקה מזרחית\בועז גדקה
בני מזרחי,מסודר מחדש\מוזיקה מזרחית\בני מזרחי
בנימין יפת,מסודר מחדש\מוזיקה מזרחית\בנימין יפת
בנימין ישראל,מסודר מחדש\מוזיקה מזרחית\בנימין ישראל
ברק כהן,מסודר מחדש\מוזיקה מזרחית\ברק כהן
ג'ו עמר,מסודר מחדש\מוזיקה מזרחית\ג'ו עמר
ג'ורג' בר,מסודר מחדש\מוזיקה מזרחית\ג'ורג' בר
ג'וש,מסודר מחדש\מוזיקה מזרחית\ג'וש
ג'קי אליהו,מסודר מחדש\מוזיקה מזרחית\ג'קי אליהו
גדעון פריזנט,מסודר מחדש\מוזיקה מזרחית\גדעון פריזנט
גולן יונתן,מסודר מחדש\מוזיקה מזרחית\גולן יונתן
גיל רבי,מסודר מחדש\מוזיקה מזרחית\גיל רבי
גל אורן,מסודר מחדש\מוזיקה מזרחית\גל אורן
גל חייק,מסודר מחדש\מוזיקה מזרחית\גל חייק
גקי אלקים,מסודר מחדש\מוזיקה מזרחית\גקי אלקים
דוד אצרף,מסודר מחדש\מוזיקה מזרחית\דוד אצרף
דוד בן ישי,מסודר מחדש\מוזיקה מזרחית\דוד בן ישי
דוד חפצדי,מסודר מחדש\מוזיקה מזרחית\דוד חפצדי
דוד יצחק,מסודר מחדש\מוזיקה מזרחית\דוד יצחק
דוד ריימונד,מסודר מחדש\מוזיקה מזרחית\דוד ריימונד
דוד שירו,מסודר מחדש\מוזיקה מזרחית\דוד שירו
דודו אהרון,מסודר מחדש\מוזיקה מזרחית\דודו אהרון
דודו דרעי,מסודר מחדש\מוזיקה מזרחית\דודו דרעי
דקלון,מסודר מחדש\מוזיקה מזרחית\דקלון
האחים ראובני הפקות,מסודר מחדש\מוזיקה מזרחית\האחים ראובני הפקות
הינדיק הפקות,מסודר מחדש\מוזיקה מזרחית\הינדיק הפקות
הפרויקט של רביבו,מסודר מחדש\מוזיקה מזרחית\הפרויקט של רביבו
זכריה מקייטן,מסודר מחדש\מוזיקה מזרחית\זכריה מקייטן
חיים בר,מסודר מחדש\מוזיקה מזרחית\חיים בר
חיים ג'רבי,מסודר מחדש\מוזיקה מזרחית\חיים ג'רבי
חיים דבש,מסודר מחדש\מוזיקה מזרחית\חיים דבש
חיים רביבו,מסודר מחדש\מוזיקה מזרחית\חיים רביבו
יאיר גדסי,מסודר מחדש\מוזיקה מזרחית\יאיר גדסי
יאיר דוד,מסודר מחדש\מוזיקה מזרחית\יאיר דוד
יהודה זיתון,מסודר מחדש\מוזיקה מזרחית\יהודה זיתון
יהודה שובל,מסודר מחדש\מוזיקה מזרחית\יהודה שובל
יובל טייב,מסודר מחדש\מוזיקה מזרחית\יובל טייב
יוסי אזולאי,מסודר מחדש\מוזיקה מזרחית\יוסי אזולאי
יוסי ברדא,מסודר מחדש\מוזיקה מזרחית\יוסי ברדא
יוסי ניאזוב,מסודר מחדש\מוזיקה מזרחית\יוסי ניאזוב
יוסף מזרחי,מסודר מחדש\מוזיקה מזרחית\יוסף מזרחי
יורם צוברי,מסודר מחדש\מוזיקה מזרחית\יורם צוברי
יחזקאל ציון,מסודר מחדש\מוזיקה מזרחית\יחזקאל ציון
יחיאל נהרי,מסודר מחדש\מוזיקה מזרחית\יחיאל נהרי
יחיאל נחום,מסודר מחדש\מוזיקה מזרחית\יחיאל נחום
יניב בן משיח,מסודר מחדש\מוזיקה מזרחית\יניב בן משיח
יניב מדר,מסודר מחדש\מוזיקה מזרחית\יניב מדר
ישי אביבי,מסודר מחדש\מוזיקה מזרחית\ישי אביבי
ישי לוי,מסודר מחדש\מוזיקה מזרחית\ישי לוי
ישי מעודה,מסודר מחדש\מוזיקה מזרחית\ישי מעודה
ישי רביבו,מסודר מחדש\מוזיקה מזרחית\ישי רביבו
ישראל אדרי,מסודר מחדש\מוזיקה מזרחית\ישראל אדרי
ישראל צוברי,מסודר מחדש\מוזיקה מזרחית\ישראל צוברי
כפיר ואריה פרטוש,מסודר מחדש\מוזיקה מזרחית\כפיר ואריה פרטוש
ליאור  גריידי,מסודר מחדש\מוזיקה מזרחית\ליאור  גריידי
ליאור פרחי,מסודר מחדש\מוזיקה מזרחית\ליאור פרחי
לירון דקל,מסודר מחדש\מוזיקה מזרחית\לירון דקל
מאור אדרי,מסודר מחדש\מוזיקה מזרחית\מאור אדרי
מאור אשואל,מסודר מחדש\מוזיקה מזרחית\מאור אשואל
מאור נוף,מסודר מחדש\מוזיקה מזרחית\מאור נוף
מאיר חג'בי,מסודר מחדש\מוזיקה מזרחית\מאיר חג'בי
מיכאל סיאני,מסודר מחדש\מוזיקה מזרחית\מיכאל סיאני
מנחם דנינו,מסודר מחדש\מוזיקה מזרחית\מנחם דנינו
מרדכי מושיא,מסודר מחדש\מוזיקה מזרחית\מרדכי מושיא
משה בן מור,מסודר מחדש\מוזיקה מזרחית\משה בן מור
משה גברא,מסודר מחדש\מוזיקה מזרחית\משה גברא
משה גיאת,מסודר מחדש\מוזיקה מזרחית\משה גיאת
משה דוויק,מסודר מחדש\מוזיקה מזרחית\משה דוויק
משה ויצמן,מסודר מחדש\מוזיקה מזרחית\משה ויצמן
משה חבושה,מסודר מחדש\מוזיקה מזרחית\משה חבושה
משה כהן ספרדי,מסודר מחדש\מוזיקה מזרחית\משה כהן ספרדי
משה לוק,מסודר מחדש\מוזיקה מזרחית\משה לוק
משה ערוסי,מסודר מחדש\מוזיקה מזרחית\משה ערוסי
סגיב כהן,מסודר מחדש\מוזיקה מזרחית\סגיב כהן
עופר לוי,מסודר מחדש\מוזיקה מזרחית\עופר לוי
עמי מימון,מסודר מחדש\מוזיקה מזרחית\עמי מימון
עמי שמעוני וחברים,מסודר מחדש\מוזיקה מזרחית\עמי שמעוני וחברים
ציון גולן,מסודר מחדש\מוזיקה מזרחית\ציון גולן
רוני בוסי,מסודר מחדש\מוזיקה מזרחית\רוני בוסי
רועי עטיה,מסודר מחדש\מוזיקה מזרחית\רועי עטיה
רמי דנוך,מסודר מחדש\מוזיקה מזרחית\רמי דנוך
רפאל חכמון,מסודר מחדש\מוזיקה מזרחית\רפאל חכמון
שמואל בוקרה,מסודר מחדש\מוזיקה מזרחית\שמואל בוקרה
שמואל מלאכי,מסודר מחדש\מוזיקה מזרחית\שמואל מלאכי
שמעון משעלי,מסודר מחדש\מוזיקה מזרחית\שמעון משעלי
אבי זלינגר,מסודר מחדש\מנגינות ומחרוזות\אבי זלינגר
אבי רופל,מסודר מחדש\מנגינות ומחרוזות\אבי רופל
אברהם לייב בורשטיין,מסודר מחדש\מנגינות ומחרוזות\אברהם לייב בורשטיין
אברהם שמואל ווידער,מסודר מחדש\מנגינות ומחרוזות\אברהם שמואל ווידער
אברומי ברקו,מסודר מחדש\מנגינות ומחרוזות\אברומי ברקו
אברימי העלצאר,מסודר מחדש\מנגינות ומחרוזות\אברימי העלצאר
אהרלה בנדר,מסודר מחדש\מנגינות ומחרוזות\אהרלה בנדר
אהרן גולדברג,מסודר מחדש\מנגינות ומחרוזות\אהרן גולדברג
אוסף ניגונים,מסודר מחדש\מנגינות ומחרוזות\אוסף ניגונים
אייל טויטו,מסודר מחדש\מנגינות ומחרוזות\אייל טויטו
אייל שילוח וחברים,מסודר מחדש\מנגינות ומחרוזות\אייל שילוח וחברים
אנסמבל - תכלת,מסודר מחדש\מנגינות ומחרוזות\אנסמבל - תכלת
אריאל שולדמן,מסודר מחדש\מנגינות ומחרוזות\אריאל שולדמן
אשי ספר,מסודר מחדש\מנגינות ומחרוזות\אשי ספר
בודדים,מסודר מחדש\מנגינות ומחרוזות\בודדים
ברוך דים,מסודר מחדש\מנגינות ומחרוזות\ברוך דים
ברני מרינבך,מסודר מחדש\מנגינות ומחרוזות\ברני מרינבך
ג'ף הורביץ,מסודר מחדש\מנגינות ומחרוזות\ג'ף הורביץ
גיורא פיידמן,מסודר מחדש\מנגינות ומחרוזות\גיורא פיידמן
גרשון לב,מסודר מחדש\מנגינות ומחרוזות\גרשון לב
דב טאראס,מסודר מחדש\מנגינות ומחרוזות\דב טאראס
דוד בלמס,מסודר מחדש\מנגינות ומחרוזות\דוד בלמס
דוד הלר,מסודר מחדש\מנגינות ומחרוזות\דוד הלר
דוד קליגר,מסודר מחדש\מנגינות ומחרוזות\דוד קליגר
דוידי נחשון,מסודר מחדש\מנגינות ומחרוזות\דוידי נחשון
דור אסרף,מסודר מחדש\מנגינות ומחרוזות\דור אסרף
דן גידסון,מסודר מחדש\מנגינות ומחרוזות\דן גידסון
דני אבידני,מסודר מחדש\מנגינות ומחרוזות\דני אבידני
דניאל אהביאל,מסודר מחדש\מנגינות ומחרוזות\דניאל אהביאל
דניאל זמיר,מסודר מחדש\מנגינות ומחרוזות\דניאל זמיר
הגדולים של הכליזמר,מסודר מחדש\מנגינות ומחרוזות\הגדולים של הכליזמר
הורה ומירון,מסודר מחדש\מנגינות ומחרוזות\הורה ומירון
הזמן לרקוד,מסודר מחדש\מנגינות ומחרוזות\הזמן לרקוד
הפי בייבי,מסודר מחדש\מנגינות ומחרוזות\הפי בייבי
הפינגוינים,מסודר מחדש\מנגינות ומחרוזות\הפינגוינים
ווברמן,מסודר מחדש\מנגינות ומחרוזות\ווברמן
זאב וינדיש,מסודר מחדש\מנגינות ומחרוזות\זאב וינדיש
זלמן גולדשטיין,מסודר מחדש\מנגינות ומחרוזות\זלמן גולדשטיין
חן אורקסטרה,מסודר מחדש\מנגינות ומחרוזות\חן אורקסטרה
חנן בר סלע,מסודר מחדש\מנגינות ומחרוזות\חנן בר סלע
טיטניק,מסודר מחדש\מנגינות ומחרוזות\טיטניק
טראנסים,מסודר מחדש\מנגינות ומחרוזות\טראנסים
יוני אליאב,מסודר מחדש\מנגינות ומחרוזות\יוני אליאב
יוסי דיין,מסודר מחדש\מנגינות ומחרוזות\יוסי דיין
יוסף גוטמן לוויט,מסודר מחדש\מנגינות ומחרוזות\יוסף גוטמן לוויט
יעקב אבני,מסודר מחדש\מנגינות ומחרוזות\יעקב אבני
יצירות,מסודר מחדש\מנגינות ומחרוזות\יצירות
ירון גרשובסקי,מסודר מחדש\מנגינות ומחרוזות\ירון גרשובסקי
ירמיהו,מסודר מחדש\מנגינות ומחרוזות\ירמיהו
ישראל לאם,מסודר מחדש\מנגינות ומחרוזות\ישראל לאם
כלים,מסודר מחדש\מנגינות ומחרוזות\כלים
לייבדיק,מסודר מחדש\מנגינות ומחרוזות\לייבדיק
לריקודים,מסודר מחדש\מנגינות ומחרוזות\לריקודים
מארשים,מסודר מחדש\מנגינות ומחרוזות\מארשים
מוסא ברלין,מסודר מחדש\מנגינות ומחרוזות\מוסא ברלין
מחרוזות וצלצולים,מסודר מחדש\מנגינות ומחרוזות\מחרוזות וצלצולים
מייקל רזניק,מסודר מחדש\מנגינות ומחרוזות\מייקל רזניק
מנגינות חופה,מסודר מחדש\מנגינות ומחרוזות\מנגינות חופה
מני גורמן,מסודר מחדש\מנגינות ומחרוזות\מני גורמן
מרגוע 2,מסודר מחדש\מנגינות ומחרוזות\מרגוע 2
נעימות,מסודר מחדש\מנגינות ומחרוזות\נעימות
נעימות אולקתום,מסודר מחדש\מנגינות ומחרוזות\נעימות אולקתום
נעימות סופרן,מסודר מחדש\מנגינות ומחרוזות\נעימות סופרן
נתן קורל,מסודר מחדש\מנגינות ומחרוזות\נתן קורל
נתנאל לייפר,מסודר מחדש\מנגינות ומחרוזות\נתנאל לייפר
עדי נתנאלי - אשירה,מסודר מחדש\מנגינות ומחרוזות\עדי נתנאלי - אשירה
עמוסי דיקן,מסודר מחדש\מנגינות ומחרוזות\עמוסי דיקן
עקיבא בן חורין,מסודר מחדש\מנגינות ומחרוזות\עקיבא בן חורין
צלצולים לפלאפון,מסודר מחדש\מנגינות ומחרוזות\צלצולים לפלאפון
קלאסי,מסודר מחדש\מנגינות ומחרוזות\קלאסי
רוגע,מסודר מחדש\מנגינות ומחרוזות\רוגע
רותם הפקות,מסודר מחדש\מנגינות ומחרוזות\רותם הפקות
רפאל (רומן) קונסמן,מסודר מחדש\מנגינות ומחרוזות\רפאל (רומן) קונסמן
שלומי זייגר,מסודר מחדש\מנגינות ומחרוזות\שלומי זייגר
שמואל אחיעזר,מסודר מחדש\מנגינות ומחרוזות\שמואל אחיעזר
שמואל בצלאל אלטהויז,מסודר מחדש\מנגינות ומחרוזות\שמואל בצלאל אלטהויז
שמואל ניימאן,מסודר מחדש\מנגינות ומחרוזות\שמואל ניימאן
שמחה מידלי,מסודר מחדש\מנגינות ומחרוזות\שמחה מידלי
תחית המתים,מסודר מחדש\מנגינות ומחרוזות\תחית המתים
גל סטאר הפקות,מסודר מחדש\מקבצי זמרים\גל סטאר הפקות
גל פז הפקות,מסודר מחדש\מקבצי זמרים\גל פז הפקות
הידברות,מסודר מחדש\מקבצי זמרים\הידברות
המניין,מסודר מחדש\מקבצי זמרים\המניין
הפרוייקט של שלאגר,מסודר מחדש\מקבצי זמרים\הפרוייקט של שלאגר
התעוררות,מסודר מחדש\מקבצי זמרים\התעוררות
יהודה גילדן,מסודר מחדש\מקבצי זמרים\יהודה גילדן
יהושע פריד,מסודר מחדש\מקבצי זמרים\יהושע פריד
מאמא רחל,מסודר מחדש\מקבצי זמרים\מאמא רחל
מתנה - יצחק האניג,מסודר מחדש\מקבצי זמרים\מתנה - יצחק האניג
נגינה אורקסטרה,מסודר מחדש\מקבצי זמרים\נגינה אורקסטרה
נועם הפקות,מסודר מחדש\מקבצי זמרים\נועם הפקות
נשמה אורקסטרה,מסודר מחדש\מקבצי זמרים\נשמה אורקסטרה
סונולהיט 1,מסודר מחדש\מקבצי זמרים\סונולהיט 1
סינגלים,מסודר מחדש\מקבצי זמרים\סינגלים
סלקום,מסודר מחדש\מקבצי זמרים\סלקום
פיס זהב,מסודר מחדש\מקבצי זמרים\פיס זהב
פירסט קלאס,מסודר מחדש\מקבצי זמרים\פירסט קלאס
קוקה קולה שירי שבת,מסודר מחדש\מקבצי זמרים\קוקה קולה שירי שבת
רדיו קול ברמה,מסודר מחדש\מקבצי זמרים\רדיו קול ברמה
שלאגרים,מסודר מחדש\מקבצי זמרים\שלאגרים
שמחה מיוזיק,מסודר מחדש\מקבצי זמרים\שמחה מיוזיק
תפארת ירושלים,מסודר מחדש\מקבצי זמרים\תפארת ירושלים
להקות,מסודר מחדש\מקהלות ותזמורות\להקות
מקהלות גברים,מסודר מחדש\מקהלות ותזמורות\מקהלות גברים
מקהלות ילדים,מסודר מחדש\מקהלות ותזמורות\מקהלות ילדים
תזמורות,מסודר מחדש\מקהלות ותזמורות\תזמורות
