שירת המונים,1-GsqPR-jgskhItym0iIKyg9SUuBGeJCP
זהר אגבשוף,1h4sW5GfeV1cgJZVSc6yLRqH5KEfeVoTI
ברוך נפתל,1Sh9iXw0mWCpLn_anCIMR5TGdZMmGePIC
הראל טל,1MSxTI_Jl06JI1iIJgnGYVrvlbXBIDlLw
שמחה פרידמן,1WNTvccFL-jK2LnoUFJRXrIsw8vAUvHZO
איתן כץ,1l3AWqnQ2aK1WUwfQs_ITYvdBCea3CwQx
אייבי רוטנברג,1D9T8bf-SSBSAhgnprMuswSJ6eBOACefj
צמאה,1u8cuB3K-uk5dliARC_z-RY_j6-ovyPD7
שרולי ויליגר,19r9mgJjMAjBCmIkBHHRWfYx1Gb6CYd2m
היום השמיני,1MOqTMWQwbaetqkZgHlejg6sK_pshj9jW
האסק,1MPGRIbbP6-duszFRy2bOaKA6zXUabUna
דרשו,1MPTectHWd8o7YJAV7Cgux_f7V5GwttrU
חיליק פראנק,1MRI9DS_xsnBX2DzI3izpYPVrh8L4Rnao
מרדכי שפירא,1nCKn_Qd1kLnc3R4SY0FbXFChAmDjD15e
פרחי שיר ושבח,1mThllsH9unt_p5Rd4zKk-8_kegkFFJcM
פרחי ניו יורק - יגאל צאליק,1QYrishR5R71r1IBTcJnb-NqJR7nsgpVv
מועדי השנה,12QhvH2ru7NzyKcpEf8VvtzQqtjdRsy9j
עוזיה צדוק,1PEk5jX2R5vnc42DrFnB7W86JIJtVJzK8
עדי רן,1mw28ehuhk5GIo3WXfTCWWCgVgCAOTiPh
עיתוני חג - אלבומים,1uGFud8GaB-AntcVj21BamWJNrFWvGgs4
שלוימי גרטנר,1AG7DtgEEeJn3XgEhAbU6YRgbMEUngHIG
שלוימי דאסקל,1v16uykBLDTVblCRfXnoXK7quLE-gSkRp
פיסטבורג,1ZBlRPL0MEZTaUw-f5INIBivZ4yYgbdtu
פיני אינהורן,1h78029xz772ndJfDF7iGph1DdfVC-9zR
פיאמנטה,1FzvdHD7yT3JWvLYxFtqEfnWBIvbQTzEt
עקיבא געלב,1piy6jiAIgNMBnp7PwnzvacvP76KghUiG
עקיבא,1ypGL48Q98LEuDf0esJDCDRBCMYIwprvk
עמית ליסטוונד,1Lur3e5zszjheZLzlGD2-i1yO0Vlo88IS
עמירן דביר,16X5M_Dbc4wl2SmFFo0NI9HgQoZxEhAGD
שלהבת,1NOVU74nFnuniy9awuAy5HCwkl0Oiyppu
שירי רגש,1aiTNZPxvCd5SQiBdWZFdaX5X_jbEHxRd
שוקי סלומון,1Mmk_qgwKrbFAfTZntTDMokXHzKhOYkKg
שוקי,1tSyZ3imGWJaDZpYBMauaqla5hnki4KpD
שולי רנד,1bONyXRcjJL8ASW84P76noU1KXod1iwTH
קינדרלעך,1V0VfMTe61E2Lzs6c9bVHDwBQpLFa6NRy
רולי דיקמן,1Qeh5_1rD9f-VbHJi_bjHsHQMJeYzBR2s
קובי ברומר,1QSKRsWZM6V83pXpizpYM8uCWM79xZxhl
קובי גרינבוים,1gM4yc9Gx0AM-Famk_NMR_khz34Anr3lM
צמד ילד,1ELZLumAMamXCASs8-Q2ZTX2-SCCZVCLs
צליל וזמר,1EWtcH4hZhi5SFbEeAX0IB6bRUTDd8Uky
צבי זילברשטיין,1glzJsAAnshKmN3uJB21Q68kOAFAjJ_9A
פרחי מיאמי,1BK2xCr3HeTP9Jd6CnUYrjk9bXZ5Wda3z
פרחי לונדון,1DZbo74Bvt-3V7H204CzoVrkdHWQrDiY3
פרויקט קפיצת הדרך,1NXLwV0u9XwLnwegRy_dAaNl0U1CRbtwq
פרחי ירושלים - יגאל צאליק,1dwzo8wrMJNJiAjXLqeJFhCUytqBuBPZz
פרחי ירושלים,1sAoveGuFjmNsXgCnRx4eksdX6Blq1wbd
פרחי ניו יורק,1yUtiUaITvrCaQXnjkmaYbsD-1bd9gaOx
נפתלי שניצלער,198cdmfsqQMK1Ai5mZNWdjqtVXt5vPkAo
סינגלים,1IaY575jJbvaNWCjR8EIzgmdDJv0XtLYS
נחת,1Of452HffnxrMTrgvNvnajWPULYrXDIo1
סינגלים מצויינים,1OgcTUm1UA78gTAuJj_5W8u-X7UhaNrtP
ניסים בלאק,1gzYBiLneTMnyntYsLmiSU6ZjO77NyoUr
נפתלי קמפה,1m7yliYlRAepaB1pYJauC1YdmugIHyGcR
נחמן גולדברג,1tU9Nj5sSEXQnG0Zkq2FzmjshqzZ7bW_Z
משפחת מנת,124Ae7IVHv5dtZP2HB74p8YExwIrzfevY
נח פלאי,1fgXNahucTMenfXdQOkJetj7jTIJhcYz8
שלום לעמר,15LEXp7P5h5QV646gLQWjlq7TgmlXGaKB
שלמה יהודה רכניץ,16Ja8slgme8ZBBSiboLFRyoor95e9TZ2T
שלמה קרליבך,1CEXZsecGfYUWVzLRCUnFZJE8SI-U3sTm
שלוימי טויסיג,1KA7GNfXmDfLSMxaO_DC-ubBxhpjp6E2U
שלמה כהן,1KZKaUq9EBEIkj3ZlMO8E6tEQlnnXtxS1
שלמה שמחה,1PZRLWET0zYEBE9k8G5tlE9IvCGLixy5k
שלשלת,1ZwVGZ4x-BySrfMbMaVvPuMvmp32Dqeiu
שרגי,19_FRV_DVd7mhU14E52o8g3StVz-D3BN5
שמילי אונגר,1S4kT014KF8j5aQJEENKRM6F6xZ54iGhH
שמעי ענגל,1hRkq6o3I_FfyYGWg9I-C4x6K8y2x8-ZL
שמחה ליינר,1G65i1P7dxKVRK58PtfhQHDPWcAQ_KcPs
שמחת החיים,1agV5pvLmwSH7Omzz0XecI5AVJDKvy9cY
ארי רייך,1ykZ009H6QMbo_3kzi2_f-GNWpA4dB34M
ארי היל,1yV_4tayamCYPGP-MUOXVOhQ9RZXBIOko
ארי גולדוואג,1ygcm1gvG3k0Yev2CShBbW1R1HE4NT50t
אפרים מנדלסון,1yiKrv22iWE3BOuOoYzM9oNywL5wiRLgv
אמני ישראל,1yLyz7uEj9Njgn3_ZoJzq_B27LekQJKpA
אלי פרידמן,1yOJ-Jhf7PGRTXOZFISp72x9vEg0d9sOC
אלי מרכוס,1y1ZSooVVTpWFhAXGXIQxpCFUr1TP8pFv
אלי הרצליך,1yD7R_sfeVnMCcAqMcx3ZIepWqCncySYR
איציק דדיה,1yE1SMlTVaMDBBYM0GlXw3bt4co3JwMCj
איציק אשל,1xnO9fWqTpK7P6FXU3qv6e1WVGjA4hLBa
אייזיק האניג,1xuM2LAgXRh405nHwe2avdUUjEApGNEGa
אידיש נחת,1xw35NBap1i_D6ox_LVKVry1q1BFVT2Fz
אורי דוידי,1xj3Yq5KS_ic61afwxpAa82U2Fg3ed4r5
אוהד מושקוביץ,1xjt00fu9vqSBJlxM2r208YaHOjT3TY6X
אודי דמארי,1xfX12IFyXp2EQn2Z6d-TzZATzpljMzKC
אודי דוידי,1xhwoYtZbGAWPkIVpZNWKL8JEuYtKyZ0h
אודי אולמן,1xf40G5DvFUpKUj-_7FdcHlYC6s6uCiBI
אהרן רזאל,1yOb4a82i-IV4Muj84fpej-e8xdpZY0Qr
שמואל גרינמן,1MSzhAABSdNSZGvD_LjWHUp0I-c1AfqeV
אברומי ויינברג,19-1Cx26XUXNHJaFZQDTboiMSWIEDD-hY
אברהם מרדכי שוורץ,18kMXX1ScwI0RXMkgk8_SboWMQtltrNDV
אביתר בנאי,18rzQSHBUONi-xN1mMQH1wP76-y8wzwQt
אהרל'ה סמט,18uwK3QF_AQ-QpayKG93jiQH54G8lYIul
אברימי רוט,18xHmZDWhmn9bQBcoXKtmpuB0v7rCaAY-
אהרלה וינטרוב,1OHg5Ss2RWe6h4tPF5VJOsdXrCx9__yjl
אביש בראדט,17ej-r250U7ci4VLJfuwnm5VVMu6Gdb2P
אבי מילר,17lNWaxaxu4I2shPp_fSD2oEBSQTH11b-
אבי הס,17lj3cNLNbWj3rUnKAxSjbgB7lx2Kenk8
אבי אילסון,17XQMhzvvU-dWy394NnEHlU6A3zXUgjjS
אבישי אשל,18tFXAzYPbBTvcRCkQqv3t7Bw7BMOKjhN
מקבץ זמרים,1McKXtQ7M0AyEEqGr2jLffy5Zugee9dKo
ברוך שלום,1MKInpe4QYWexqpFyihmTJcjtzLZt2Czq
בנצי שטיין,1MKwOk79XsvNmey6rd8UPKWXR_qaYMAiH
יוסי גרין,1MUGmVBIk6byfqqbfRzlPvRC9S2nfz5Tv
מקהלת מלכות,1MbmNMPJljY0Af9BjB4k5rVx6LzLTX7kj
חנן בן ארי,1MRGMY2fHFCFOVAmcH2KPriZKzS8Tc3VS
יוסף קרדונר,1MTflFNFdPElboR0g6506-90DRSl93LxF
מוטי וייס,1MZO_gClcZ66VO0CAWOmWZy82lFhN_Kxd
משולם גרינברגר,1MbM9BdeLbElzJgZrwPd-qHGPvKNX3qyR
משה קליין,1MbSXXpKIMtB5AwKSE2ScYza9DVtGQ470
משה פלד,1jKr37kP02XkQ7lAVFbyKbUdNqAhAfMj3
משה לאופר,1jHvU3kvzEWNeLzGaMs9o56Tp6Y1F7-4G
משה גולדמאן,1jJkZulHTjlm7Zli6CVSxLIu-HV7fOuMp
מרמ מיוזיק,1Map2XM8NE1t8fBXDYsDLRxoaTr7DQvYc
מרדכי גוטליב,1MbE3SItaGl4iBlREsxQwe8H9eKMO6xFr
מרדכי בן דוד,1MbeSZg0t5NJYL9ath7CzRJiU1ans4Axj
מקהלת משאלות,1MbiyAVk-eE06RGT2P_GC0Dc7uzsQSlW6
מצעד העשור תשעט-תשפ,1McOZMOYrtLvs9s-Tckn2mrO_ZK7_Tew5
מענדל ראטה,1McbRt9oaTNA4w4pOsABB3mwcDCpxXhkn
מנדי וייס,1Md7xl8J8T5xfpoC8vxb8lkD4uoGwMhm1
מנדי ג'רופי,1MdD8QDk_zKwt_abWghCY_pSl7TRru4lv
מנגינות וניגונים,1Mdb6IRs9Hj_5M5nG3OQAFGvViKcmCo_9
מיכה גמרמן,1Mdr__mdJaSxDMyC9Art4gtgmew3h70eX
מיכאל שטריכר,1MXVlIZFgmQ704VzbYpJRG9ZOATt-2p6o
מיכאל פרוזנסקי,1MXfr1WpNqM9fuEGl-5BV0gNc9EDz3Tj5
מיילך קאהן,1MXvnBvptOsEOVxDc1UWSMQqJad6zzb0a
מידד טסה,1MYn-OsHAgti9pYHO-RHsXDYg9fFQ6lmA
מונה רוזנבלום,1MZ0eo8kpJgyDXl_IX_DiOnDm3nw5LmLC
מוטי שטיינמץ,1MZAxl4atSEqj-ugUxbv3AK7dEdK2Gt0V
מוטי רוטמן,1MZGORsK6o7gkR3STAZlSVXcsGuMuCRKr
מוטי גרינבוים,1MZXPXCwqQSDQCqzsMF2WxsS27tLkmwWF
מוטי אילוביץ,1MZs7JiNn8tCqe5GJusOgCbhU3kmzehdP
מאיר אדלר,1BVKjXxumeJ1c40SR435hVeTzYU72cK5X
ליפא שמעלצר,1BVMBIY7MLuDv9MJ67lqo_DIUXLbUZdR0
לוי פלקוביץ,1BWRYcYuqM_anDh_Evdb3PDxkGQgUoqqS
לוי כהן,1BWkXQRZC-zoMpx2H1c0KN8fr6jKU7W3d
כל משפחת ורדיגר,1BU-JARkx8I7olIxXOjHcVy85uI1UDWfd
ישראל ורדיגר,1BU4g77bPHSgw4qFV246aIYR8Y3K9AZA8
ישראל דגן,19rCSyeixXUgzloJleMogzpiDj9MT82sA
ישראל אדלר,19ql8aiS96-K_W2e18E8ZrHWmiVV9lgkI
ישיבה בויס,1MZzlFhe8tZ6t-ljNqXEo01Y3xelqP0Vz
ישי ריבו,1M_CGuxTWKLJgcXCTwgkNsbO5zc0yn3V-
ישי לפידות,1M_RzXNRBllj2u8rfvzVvClTm6_A87mOd
יעקב שוואקי,1MaEG_orM7bpBuWW2oXSizKY0Vzx-fRt9
יעקב למר,1MaIS1t4-GkILfsjS-T4XBGqieh10CuUt
יידל ורדיגר,1MTTy3Hmhm9q8bjkaL26xDrvX84vbUaW2
יוסף משה כהנא,1MU7nE8UwbjEVULWqqR7zhuCHwHivesFH
יוסף חיים שוואקי,1MUA5y5fGs3EAGj6Nd0IF6bAJq3_ui51D
יונתן שיינפלד,1MUdpru90C2QGT1a7_A07yc-9iO2IbklE
יונתן רזאל,1MVGe_c_g5oVqFsiHDNxGOH7TnIP3dOBm
יוני זי,1MVIxpI9L3ANh31I1LgL8193hWC76aH_R
יונגערליך,1MWX4jqaVmIyaHgPSrUosvrHocNaALHnj
יומי לואי,1MWl3jgYZDf7Cf_pTdX0I0SKy9YfE8xPO
יואלי קליין ושייע גראס,1MX-35THGlgbgx57LXUErI5CMMW9wgXeY
יואלי פלקוביץ,1MX3DvZoP65khhuY-zJpD9ySmR2ZMlNeC
יואלי דיקמן,1MX4bfHeNDRDPkA7l3VTj2It1CMIDT17s
יואלי גרינפלד,1MX9UCndWupFKm7dpca72uQXQ8ye1mXJS
יהונתן בן עזרא,1MQbSq4x1IW6UoY3XeUjzeVR-pdv1WawE
יהודה דים,1MQoln3k2PyqJDghYuRcLLViY61pRbhaI
יהודה גרין,1MR6Y8mCZvFxeIXqNTpd1BuBk-800NKXs
יהודה גלאנץ,1MR75ri8QOuhVFDe31qVaE5I6UrtifJ8x
יאני,1MR9xYZRo3DBoRKUdTRSkalnojbnUjWBW
חיים שלמה מאייעס,1MRsl2A1y-qpxSFuL9JanXrN9du3slYgI
חיים ישראל,1MRt-Dcf8lLxfWZunE1LU3ELjpk-KQVGE
זושא,1MS4qY45eKLiebWBAgCveHogFs2Oyijls
זאנוויל וינברגר,1MSaP-v2TBcsY7w0d0IBTeNZRdh7fL8p6
ווקאלי,1MSqtFMDQqR7Z8zAylsifMMonttf2L6lS
הקינדרלעך,1MMg-E0fD0u9KJ79e6HEtT84uG-ReSYUY
המנגנים,1MNyqdBLwwHHyydx04YnAth42HED0siTd
המזמרים,1MOJW8SUUuqTAvEXT9PjtxVjcDOI5ibzg
הלל פלאי,1MOVlozRCz_-hp8d29mg4EIZf8aRwJM_D
דודי קנופלר,1MPbJY7tGicvg_KIZXUg3JoJKToExcQD6
דודי קאליש,1MQ-LjDMEidu0XJ0kwt8Nx74NEDS1iaAr
דודו פישר,1MQR3PfRTSf8z99sSA7BXzfiLKyIfz-61
דוד שמחה,1MQa7YfvXPlH0umw6kSPdymRVr-s5ltWm
דוד לואי,1MJAibkxgw_PGuGqHSXUJ_JqEqImS5jjn
דוד בן ארזה,1MJjYJzadLaERscnJl4I3FRCMVYMAwU6c
דדי גראוכר,1MJrngQIug_mEc_tjjdOroItqe_QmtXuF
דביקות,1MJtwsUEso7X8lpg70zJGGikxdthYP3nf
דב הנדלר,1MKAFZ0YJqP68c7unGQFaCsMBv3EGg4DK
גד אלבז,1MKD8njuzB1bGlJlPRmuKhVyBlpAAYIPB
ברוך לוין,1MKS3xrVBaxtPjeONk-24-zHasC-cDEpJ
בערי וועבר,1MKokACqlrbD2zzV6Yyr6XbeDZGroeNDY
בנצי קלצקין,1MKwpzxV0YEwR7dxlMvb5bVDR7zxYD1Jw
בני פרידמן,1BX00YVjFwqpQjZswnWAlhFDdT7wOvqVw
בן ציון שנקר,1BXIXqVJctRjyrnMIbO3_3oSnLKDJ70by
ביני לנדאו,1BXfhhjF4ZBxbMMa0Dmvz4b7Cc3y6yQsK
אברהם פריד,1BV4MTynFMu48HAWwwj3qCT5UijczrE1p
האוסף החסידי,1ziX5_GEYSl7oKGRlMXkITnyF-zdbl6jl
הרב עובדיה,10mmQVBrdzBsl5vwkbRSETjzuGTK5fk7r
שלומי טויטו,1ebLB1b_xslRl7ynmRv00Hwr3nD64yW67
מחרוזות,1CImpXiZhjCiO35SVon0RpbNupSYZyw_d
אוספים חסידים,1LCyDIs_qyxiUzq7kHtrcRciNCBiZCkJD
אוסף שירים תימניים,1wugJ_RLLb-w0DFkXdbpx_AKzs2eqKWNy
אוסף מוסיקה מקפיצה,1SKdJO8Up4DXbG2RY1p1DqHRU3i_4o0ty
שמואל יפת,1V0ZjXBzHDw6H_PmPir7bHTjng1GGEzdr
שירי כיסוי,1SsFeek6yd10XMmfss6nbXQdHZO88kV7w
רדיו קול חי,1ORSShYzNUFjfAnJmOKJc8QODScp4ap-z
רדיו בית ישראל,1ORoFASkO48sKnK6hfWiyqCuOCcunAlE_
ניסו סלוב,1g3P2LRTa3vZNZGCIFG-qzxnFZVs9G7iR
נחמן פילמר,179za0oFPVejuEAKELmFm0Nj73GMB1sTK
שרוליק דייטל ומנדי וייס,1zkPiHJC8a2XVaHkHu_ITDLjpvY4u5itD
שרולי טווערסקי ואלי ביער,1TuDCKZDpr1uujZk9NMszWkK1rGurvwfr
גרשון ווראבה דדי דב לוין,1KaVLPzqZon1-7GkduobeIsZRYVBjCcyB
גרשון אורי ואפרים מרקאוויטש,1a7UlLmRApIHmvaPouZqVAJpufwmkZMDg
גבריאל טומבק וגד אלבז,1fUS-3UceANpSGj_-ANVypi_p98iSzR1S
ג'רמי סטיימן ומוטי קורנפלד,1kJane_0LP85aFd-tA1SErT7jYn6I1ddd
ברוך כהן ודובי גינז,11vJ_rCh7L3Bi1RQRuWaDG3OMAWPiCezh
אליהו לייפר ואיתמר שטיין,1K_kCuAj-IUuTZwiNlBu_qndpErEgTZ6y
אליהו חייט וישראל לאוב,13EHusbbilkGZtvQlo58GHvCej9GtkHeU
אליהו וחיים שלמה ליבוביץ,1l3cSBwzNa5jYcxRw90h07lVaehWFAf6B
אליעזר בוצר ומרדכי רוט,1PLXR9mgbT2o0K37wh9hUSPu9Kz-1Elux
אליה והב ומורי טרדיו,1_xikXeycWn5jjbxoSJLlaZYCK_sCCFit
אלירן אלבז ורועי ידיד,1aGdbihsRgkxaAz_hdeO7Bc1SiUJTM53t
יצחק מאיר הלפגוט ואידיש נחת,1Dy8G9DztXHp7xfZ3oPmK2OkX7gLFvoFk
יענקי בריסקמן ומקהלת שירה,1csKmuUeEbReUqdZ3Yc2eAzRftzZWK7Bj
יעקב ויוסף בן שבת,1kqVB7BmrLEh-NEjZhPZcqwFoVNFktqfT
יעקב ומנחם שוואקי,1-wErU-Z-n3ybmCxWr3HkJKuz-P0Qa5DL
יוסף מאיר יואל שווארץ ויואלי גרינפלד,1NyblFz-Yp7BHLWBHOUAc_prVSggHYKl2
יוסל רוזנפלד ומוטי שטיינמיץ,15YRftdomLI-ppgAXsTW4c4XOAxBNnj-r
יוסי לייפר ומקהלת נשמה,1vNC3GFjPZRI6O5NJSktobMRILaclVcfC
יוסי קליימן וברוך פולק,1fSU9SWdyVrxVjQCgHjFICtYGkgkM9Wez
יוסי פיאמנטה ואריה קונסטלר,1jOPyXQoykVW__XkHFtzQdkDeEXUq_1RW
זוהר דוד נועם דוד וארז לונברג,1ZBsyTIHJNwfdkWKt8MZFsYP7HjMuqK4f
הערשי סגל ושמילי אונגר,1-dyA41eZOHiR9_6PSF4DuZYkOheTzWL5
הרשי פוזנר ושלמה טויסיג,1BJb5sk1uCISVQA2TF5ApYmHTlz22VYAK
הרשי סגל מנדי וייס אברימי קלצקין שלוימי ברנשטיין,1UiO4sPmkBkmShTt9PaZmJpR2qK8kfFCy
הערשי סגל ומנדי וייס,11XDgVFQr8SmFY4UyPRqUtq26TWLTUxeK
הראל חדד ואייל כהן,1D5xyXwydMLP3NEKMjmgMWHZ-vncUlh11
לוי יצחק כהן ויונה גרינפלד,1H9u-S6YQugqfO2BFyGCtsobCUk_o06e4
נתן קוט חזקי גליק ושימשי לעברון,138BbS_0zaFIXe8wvICe-VpG-pay4Jo46
מאיר דב קליין ומקהלת מלכות,1SaUJDd3MKX0OJ08GBLTBu3VemjjwTM0L
מוטי אברהם ומוטי ברקו,1pCTjujYtkU1JGxkEWbcXbjAwHxayXrTs
מוטי מילר יהושע בערקא ומקהלת ידידים,1PlzTpyjF45O4VZr0s7Gamj9dD83lP7Fj
מוטי ליבוביץ ומקהלת נרננה,1VuKbX9jX_jYpwoGLmiV2rXxvWHA0r24N
מוטי אייננדסון מקהלת יחד ואהרלה נחשוני,1fZa6fI3fbGkvTXLBPt8NIEkq2TWgltt_
מוישי רוזנברג ופרחי שיר ושבח,1p75AT7dsHZg5O-pJNVWrTSNG9-6NmyHb
משה דודי, מיר טולידנו ויורם ואזאנה,1Ol3iaHn5eXotY5QdaFTwH4XtLd8rFEQa
משה שטעקל ומקהלת כתר,1ADHRA6HS6ZzYNMiw42SpZSro0UfSMPEW
נוריאל חדד וישראל דדון,19u3Cq1ETjOcofJHRjFt-lkMQksl2W8Xy
ציון גולן ומידד טסה,1JbVNmg6BMkdxX9hWtabiViZuiVOXtvkM
ציון גולן ואודי דמארי,1JaKbz2vEQ1nrvI5qvcXjAltzZ-ySTguL
רפאל בניזרי ומקהלת ערבים,1QF42lU90c8t-AidmssxZoaO_zQquKVAJ
שמעון דוידוביץ שלום שטיינברג ומקהלת מלכות,1WQv0BG83ztmWVNtz3LWSKK8mNQxlcQbx
תשעד-חיים ברייער ומוטי לייכטער,1ZtThYz6E0s0FdN_SZtAl8xKQcVQUT-4I
שרולי אלטמן ומקהלת שירה,1WVahrf6Mtp7KAjeBzKUT00w_QKiCYVmj
שלמה יעקב וובר ומקהלת זמירות,1UxcCJPuekeAURIMcvcuODoHhAqFJujqs
שימי אייזן ויואלי ליסואר,1SPk_muxv1DFTThU3nIQumXLibgHoBalH
שימי סקלר ואברימי לונגר,1SpywHgjY1Pi43-xo5E-eWSUKvojep6y7
ארי היל, אלי מרקוס - פרויקט X,16M5uy3umo66KMYx0JBD_ObTTEs-FtneA
אלעד ורפאל דניאל כהן,1DAR2E5l_c5-QOZQT01SSyRzFQB8xSj_H
אליקים ביננשטוק-ביום ההוא,16NcVf7ATyyn0zNK9WlghT94N7EC-II1r
אליעזר שוובר ויצחק מאיר,1L4WnZfhjmi0ka4H0QwrQfvvgbwlu75-q
אלחי רפואה וגד אלבז,1WXbpaRao6KtEMC3I4nMi9FpxCJEAdF8R
אלחנן מן הבאר וישיבת המקדש,1BFwqhlZ94HOK6-8LT4Riux7DwStkRXQ8
אלחנן הלפגוט מנדי וייס ומקהלת מלכות,1h1g1ihN8h-DopSl1t5D0LADj9BpGTwLG
איציק קרייף וניסים קדוש,1KjJ8go3-CHyEXjkzpq8l5wOhWaGdoScg
איצי קפולוביץ וצבי דניאל,163kDQrHX9M4J3D-SsdjusZ-GF0EJVsjE
אהרן ופנחס ברייער,1bnR5nWCJMhQru8GhwCUr8KeOonXihzQT
אברימי קלטר ואייבי רוטנברג,1dhbNa3tYBHkbmxXDtIdjnU4ygT_YLWCj
אבי דויטש ודור אסרף,1z7bSN-qCymONA3bqqnWkknTKyOx0shLY
אביהו מדינה ושימי תבורי,1ZFQ5BqafEJ8qtN6YZpkcZjbBlXWI9Mys
אברהם ואליהו סילם,1QX8v_AP2r6i29vpSc_lBRMCyR6BGJKHj
אברומי קאליש וועלוי אדלר,15-esudCcLsUVzTOojEM5gJbj9NvphxhC
אברומי שטראוס וחיים גולד,1GbDzwHIItIAJ0dZi6_VPjU9RMvyCYihR
אברהם רוזנבלום ולהקת התפוצות,1a4WUuVL0p3NGxxDLzyrikzBU2K2ZaMaP
אברומי וייס אודי אולמן ויהודה דים,1zJqYSPLNwbGHZHFxpGsKydrkdQwWsaTT
אברומי גענוד ומקהלת שירה,1dsVyiaf5I9-Gtjmwl9ORxUE_kd5XsXEr
אברומי קאליש ותולי ברול,1mgT7JQYaXzTr_7zmFd4V5Q4Kj-0dPNuH
דוד ועובדיה יוסף חפצדי,1Yk2Nwtsmf6H8thzh9N2fTN8XC9rJNG5l
עדי רן ושרוליק הרשטיק,19mR_VwfgXX7rR8zK69PiuAczVyPANF6Z
סנדר געלב ואליעזר וייס,14uG0_7a0cbdXugf6uxZYpejkAUJSgL8U
אשר שיק וחילי ריכטר,1UEUQM0DXmSAQLe9jqh__x0Y2xKTtUg74
אריה פרלמן ושלום ג'קובס,13c4QeaEgdxhoaGcGtVm8zGEN9vWIKGPg
אריה דוד ויוני אליאב,16n8GtRZ7cYr8T3MxqexlTe28gZHASe-T
ארז נטף ואילן דמארי,11pBFEuVshj8ODcUmd5ZwOnHlc2GbB8vu
אסף נגל וג'ראר דראי,1mO9jkncB2sRjJ0vcwigZ0s_7Qxfn-hTS
איתן יקיר וחיים אורי קוטלר,1U8sMTpLaAi2F4YNQZO8cW0-w_M18kbEg
אלי רשבש ואודי אולמן,1qYx-WoxvGNiURcTd7xWT--BjUJZRcdLB
עוז והדר,1ceKEx8CmrGuTwbl7oGN-W3lUXI7wU_Kq
קעמפ באיאן תשע''ג - מגדל העמק,1gMRYaDuyTsQAgH6CjAMwaMWaXiymP4Ml
מלווה מלכה חספין,154PjMUG5HM3-xWyzTjg7lCNsmdwYtJtO
זה לזה עם יענקי לנדאו זאנוויל ויינברגר ומקהלת מלכות סוכות תשע''ז,1LMgoqkaafHL43skGW0RfIg6kzSfX0JFY
בלב אחד הערשי סגל מנדי וייס סוכות תשע''ז,1WF7PKd6mZDWEsRfIab80Y8pvq-OqMPEY
בלב אחד - ענקי הזמר החסידי 2014,1oP3LvR_xXgT2CL-5RG9Wy-g-9DMrGaLb
בלב אחד,1VelDC2et7U0oO2BpVA7p8jA5Ml1JoXu8
ארגון יש תקווה,1pQEnqz7TOEeWPsQvYEdm_0NF5DVPWzMX
אירוע ערבים תש,1zMGcud9iSmWc41163ZuofEf7VVROvMw6
איציק אשל,1mzc2a4mUK9UhB084zedcc-kspSxSeEXm
חיים מאיר הירש,1od1SIgFRcbQTWUg-5IJSdD8IxiDn7D20
לב לחיים,1eTKW22ObtT6jop4zzWTXzVDl2eSl3_UW
הקול הבא 3,1Ni6eJBOdIXAk3Sw9e6ZxfATM48BTMPo1
הופעות חיות,1fa7kt2WgNX5yTQ52e0mplNzcZlqA8r2f
אוונט,13yUcXY0PnkfB3jO8bcue6_9JZSNq27gP
אוהל,1iqNJvRchTnSLrTQwrf87OBhDWTYPMTyY
דוד יצחק אמיר,1oCV0Hp_Up7ci4CrYWO5k2vktH1dZpmNm
ישראל שכטר,1wo185ET2YyRhXhrFvtlJnc6ZsS9XJi7W
מתיסיהו,16osDVXnsatOaUFDuzkTc38xXSSThTdIC
משפחת דיקמן,1BsOCv4yhF2zBm0DHSumznJ7jYKnYmYA7
משפחת ברונר,1CRBGIqiqAnu7BKvqZBrCF3yfUTIV_IYi
משה פרץ,1CNTcklv2ZTd5k1dsNHVaSyxE3nyO3zeu
משה פלייב,1YxPUfxWO3dGNi57PDpJaBIX96KsmSGRd
משה כורסיה,197XLifKJVKG9NYgX0ZACbBbiIyXIJEEr
משה יעקב,1lSll5zY6ArgR8b_0rvR49MdR2bgdxYpY
משה יודא גולדברגר,1fWtTBcO1N6IGD3X8bbAPyBQ4IkBRxMvx
משה טבקולי,1jkxi6uNEoUvL7AHscL7SDwlghQ9OhHdF
משה הומינר,1m6IaRbglCUA-WZRG46zTwk1fhH7z4079
משה דוד וייסמנדל,1OBbYhvdvxgg2Myk4k1RC0jkWiWxa-jJY
משה דאודי,1ggamTgeTTGXjlrCrpyyZAAvCn_M5hODh
משה גרין,1mbqcJh2EGMv4Anxh43n-4QrCDN0_hf-Z
משה ביטון,1Li3_G44OcUWV7Kq1YKgP81VNyodsPnd6
חננאל אוחנה,13RHQrya7JwgyETMJYKZCE2OfyxKUn9x_
חנניה ביגון,1JdpiH7FvR7suFe439gH5LohFASRpnnO9
חנן בן ארי וילדי האור,1_C2S9PIlPM46O3Y6SdFvJwK6tZjJBw6z
חנן בן ארי ואיזי שרון,1mW1esxbagKsinNgXBHYBmm_ot_WY1OX7
חילו גנוט,118VY4OT9h2m0FbthMFMEZHMubUvM1PUI
חיים קניג,1snTfZM61oiKO-_cAeVFsPBdmjXrEqtbR
חיים עקשטיין,1mOKkHKn1Zn_uuW0Yi-J3NnLzyGBxb9t8
חיים צדיק,1mg1GryKapNRXVg1bJ9TCglI5xevzoUue
חיים סוזנה,1GOKfagYyXs1NV6G8e2i6xoOjSZygTfe9
חיים נוטוביץ,1xWunSXhuJgOti4fe4gGc9u2JelXgB4wu
חיים י. אלפנר,1iuQ0ILthFzHDRW9RIUzuVf4dFQXDnKas
חיים חדד,1r-V46u7L_YlADHAl4BJVugHbyaNQCGmx
חיים וייס,17FujVhfP84Xhfd8Tpnkm65X3t5w3qrDo
חיים ברקוביץ,1PsqQZ6kvw08DsUem0Cs7WxWwjg_YdLfb
חיים ברוין וישעיה מנדלוביץ,1uAYFtZ2T48d3jJKK1jPm90ozMuYhxVl-
מושמוש,1LD3IIpzj_iP8PUjKZEy1TjHFT3dZHa2K
מוקי,1sXp1XvGVSfcRNGJOzaiIwWIShv_KKMKp
מורן קריטי,1v0AYZQxO7JSVKcurFrQHP9k_9GrJySWO
מוישי ניילנדר,13qPEszdWliQ0FpL7cgOu-t2luQu-kUvT
מוישי גרין,1fPgRCffiIyDxphxx1-Cs91_eNXP7pYie
מוטי שטרן,1_eueQzT77M2dfYmV-yuBXkbPQH-XOyIf
מוטי רוטלר,1PdWSDs71fslX-p-S3A8Ada6a8of_yKU0
מוטי פלדמן,1XndsBZQWlMRXyUTDCpuyCt9RTgYVKCBY
מוטי כץ,1h5wkecGrDg_BcgHLITPhMwIVhqChlQz4
מאיר רוזבלום,1xkjBTaBDh8KCbF8ldrarSgjRmTkhjjRw
מאיר קליין ויואלי דוידוביץ,1vIgu8qAqSiS4qUH-HecFzvoiJz37KnBI
מאיר צ'טרקוב,1pdsvLZfHald_ZdzyyCsILypkOyiFQV4L
מאיר מרטין וידרקר,14N1QPKGowSR_bbS-jO_ZgKIdRZe147jF
מאיר מסוארי,1Htcu5AVIKvGbQF7O54oWrYf4D-nW1v0B
מאיר ישראל דדון,1A6DqGO4g_W07oLcDXXbF5N0koOg_X90g
מאיר ישראל,1mQAB52Xq43IZQM7lXlFI4WW59Vdp4Mg_
מאיר גרינוולד,1INuI9QoN836h2eA2unCWqd7tLTluxcpm
מאיר בורשטיין,1GXaVw-E0dybmMFj_x1SmbHhGVIMT9IpP
מאיר בן דרור,1NNbwJIG5riQUvqHvLg1TPsJqW2w7wFIk
מאיר אמסילי,1SgCUD6BOxNtBRRfDhZhCrM70GZ9O7s1x
ליפא חממי,1JMFTr7q8uH-70hxAcLcSjvRnFQgJ49AI
לידור בן ישי,1izZld23RBnC3S94W8oh5XsBj2tAvWnZy
ליאור דוד,1cNkk8097lt5lTkO1F7gUn6e1sAmUqu1m
כץ,1LSYzwnICjbsW9SikD2wCJGwf2WqHSgTb
חיים אלימלך פישר,18bQjVite9yp3M1DivC8lZKs9ExEAwcb_
חיים איפרגן,1DSNdd-bCYoED3rRCPM_yAnxZeRLXmmen
חיים אלטמן,1HvGOe1ot1re7vGEvYBuiu4I87KsDTjAJ
חזי פניאן וציון גולן,1XVSLftFPN45vwNFbKS6Bh0MoMfi-A7hy
חזקי טאלר,1f7eZXuuAuHSepBf5nYlODPyqGGYAruzu
חגי ימיני,18o0r7HyFfXLzLKbWad_4atgFotRigA3B
חברים בנוף,1aaFWcsUkFCENnowEBYJW1gg8KxgE68rO
זלמן פולק,1YapR2gZqrpS5dklroEgB-Gqi8cz1StNf
זושא ולנזבאום,18l3dLml2fH4f9k6REl2BXtJioQgcGSA5
זבולון נתנוב,1vE13uBP82PuoAyb8X6DVlwMM20LVHkGS
זאנוויל ויינברגר,1cW4CRQAItPG3ieqjD-gJR4vCtLQCjz8D
זאבי וולס,18S4gsKZ8e39W7oZ3STjt0CWDKd5oO3Zc
ישראל שטרן,1x9aQdLxpghfkqlBHNSuLSVf7q4kmjoux
ישראל מן,16gQXWbhBqSSWdjbT6nEQeVfVnq4YzjLX
ישראל מאיר שוויד,1ALy3WvbjXwpsv3bPNQDDwuL6H7R0nyG2
ישראל נחמן,1yaRY1bStPOsv_NEx8Zpga0Wx0suOpNYf
ישראל לאוב,1v4yVL8xiWpSP1J4_1PPJ5bNoaPfA5W2C
ישראל מאיר פרידברג,1vsek0z1fTnRtUq0wN5KHRQNSXfGRnFmr
ישראל חיים רייזמאן,1vpzD3R30B49S_pHCWDycoZGHnPaiTxC_
ישראל וקסלמן,1bGaVzXAApl_YqRO4zIf3f9OahCnOaxD7
ישראל דנגר,1fgkcKZa26ytxHJDdfWhMxAmj7Nivqnah
ישראל ג'רופי,1jjw4HLk5OHWd0ZD0wIhqRBnnZEMWtCqt
ישראל גינסברג,1k9sPsQ3wWCabhiu_gez-XHUpOhW4J244
ישראל ברגמן,1y6A-AoAwSCZyFbRdrwSWONT4j1sVUgCe
ישראל אליאס,1PIZ2iJuuNlE0umI6wkbdzF_H6UBYmHPX
ישעיה אילאוויטש,12qikej46-rOqhemUnfOEoxQiq8xLHKo-
ישעי לברון,1x1cZkhUpZH_bW1HVU8X8Ua7AF1gVPSWN
ישיבת תפארת יהודה,1DffC6ZqAQERv0soAHC7yuYmJhmZ5EffE
ישיבת משכנותיך,1ECIJxEEUMcYHzN61W3a1BWyba3LxieN0
ישיבת וואטרברי,1Aygb_8ihNWO7H-vMbdqRgLzbFabHeTlZ
ישיבת אשרינו,1KsrcD_XQnPH7KyRu-HFW83ROxIDBR5aY
ישיבת אש קודש,129FVBAQaqDSzgD-dnMo0KNNzcSx4Gn_w
ישי סיידוף,1yLOgvEzTVWCfhrgDA5Wl_wvhj3Nc2q9i
ישי מדר,14s7X_6sUERaHX7QF-WhSxpC82RImreGM
ישי ביטון,1A6eLgslboJEsIMX_m8MfpJ6vD6ltqQnz
ישי בן חיים,1l8xsSBMgbnpqfLlQ3C0R6I7OiY5od2FW
יקיר יאיר,1aOGqzUGl6kJYcDj7I9LwE5GZb4ZeYvJC
יצחק פנחסי,12RPiryDoX0ZorAmYFVoe6RQfbN5qQZvs
יצחק משענייה,1YoNnZ5-ItpDBI9W7kexHOfLm3YGrQkEH
יצחק ביטון,1_-KXjOrV7F6_MDA6DnVysJOQwAze9Wil
יפתח דקל,1rTyZWN299UOei0z9c4L1boZAcn4HmPfu
יעקב רוטבלט,1Z4od1_86aIXDJgir4Cxlgu5tDDeGIKg2
יעקב פלדשטיין,16D_IIgsAe6qjMhQ08xJsMyeRmjNxvgBc
יעקב קליין,19kCWPUCH_iQaFkzeNHXRKA4eM-li5eNF
יעקב רוזנפלד,1J4wEb1HwoIa0dBDGzR-KWX2AxeeeMqkD
יעקב מוצן,1UcA5KikcPOAfV_-HymBNiLlHu2tVFEsI
יעקב כץ,1pvPmmiiLBk4kDbWPpBD3wJwXI0WxViSp
יעקב יצחק רוזנפלד,1vD9Bj3SIG4Thk7aiyWOhJqzl-C0TTw50
יעקב יוסף פלברבוים,15WrSRdvpbfcu3plKI6nxSiQLjml1oVX3
יעקב יוסף עבאדי,1hZELWFpKiVzVnLAMx2BPjJrvn-0CANf5
יעקב חיים אינדורסקי,1zU5FY7Yy5z4H1sOGtngsGo3JsrIa2Yyz
יעקב ברינה,1X4Ngd1vFK-VMoE7M3ooZkNks6I0CXe2T
יענקי שטרן,1zR3svc-YWc1LWgvpzZ2-jh5aXsrpQ0Nw
יענקי עקשטיין וארי רוטבלט,1wJCImTTxuYYf1rUroik-GkkhUv8JKJjF
יענקי זינגבוים,1mpDgM1wl3fNFIf92_EFp2puOzlGimjvX
יענקי ודובי ברזיל,1FABOgM6c5pzjjbAOpTPRTb7JC--uJyiu
יענקי ומאיר,1rRkvDCR3_CwEL3zhPE2oBZyZZTIR94QA
יענקי ברוין,1wtw7hWmfwnpX5MHENSxAtb7TLXkJr5Ek
ינון מרדכי,1QrRKYEeOKobNyZcRf2aQt8J8HoEwbM4x
ינון טייב,1CLq1wbCmWhb_bUdA9oqWIxiX3eD5JE3X
יוסף קוגלר,1LQ6NwlnBtKo45n8mfr6TCJSb1G-l_zyg
יוסף עבאדי,1_K_1RiasHj8kjElbdq-YGUsYdmmZMip-
יוסף מור,1k0oymkt2oMEnCSwsnYw_ElWfe047AYZE
יוסף וורטלסקי,1e3muXDOol1_OtXOemMi6FDMnWl78jfMp
יוסף ברגר,11omIhNmNNCfzzDZqgCBOocOOuLDrOXWj
יוסלה ורשבסקי,1ndq1h1_mmQDDY0cmyikXB31bNAztjq8F
יוסי נטיב,1Rfrv9ztqDwsLVi11Ak8-pTpmJ6kzeho4
יוסי לוונבראון,1c2kjz605XGvgWVgppiNkwEuwRXDUYd5U
יוסי כהן,1M9WGiqEOpVFLHFVzu02Ctsh6-34_Dcft
יוסי חגבי,1JNJdIF41xiX5nvguNVghwOEXhHm9DezV
יוסי גרוס,1bMtIWytdH7UUQZYNIHRnP7fGlJHfZVCG
יוסי ג'ייקובס,1ADxYmZGRTRdo5WFL3TGnjcHC4SCvb_BN
יוסי בלומבערג,1EOjOhvMNCROu7XU-bvgFi4b-5TEQUVqX
יוסי אוברמייסטר,1NHD10S0lGTc5z-YlBNpzXTMJoNZZaKbe
יונתן שטנצל,1EwF6k3yAEstoJbkdcU61Xsk5RX1eGI7_
יונתן שלגבוים,1SAlcJtbhQca7VOa1q4WJ0gpADzesPI4b
יונתן שחר,19VMP0jg9Nr3jE9kEIw8D4UDAYGTALe8w
יונתן מנת,1m0IfiRoXdZr14HlPtXp1dkdE9rnOptF0
יונתן זילברשייד,16sLapWY742UXAGntZZnfV3SwKOhpaSp1
יונתן ויניק,18LPdphsRwmpxShOL6loManBOzqUxlB0m
יונתן דרור,1ubDTfrlf3WEs8bIK_MD5trLOYwYmsM9L
יוני רכטר ועלי מוהר,1BODxEeYxBUcaWa1iw6via76MxszoIvyK
יוני יעיש ונדב ביטון,1qTXQdVIiZwlIYpwXjdDK8amBNI2dUh3r
יוני ומוטי זינגלבוים,1GymfovlgrnH4_al3dERpsV_VCZXCGVmK
יונה קריאף,15PmmwxRw4yrC4d1-Mo6UsxqvM2OpyuSh
יומי ולייזער,1uzg05DhFtt9pw-VSS2dlf0nIbSlyjmSd
יוחאי כהן,1HbjyHqitUKhgKFYJg1O_LpRHLNwZQiel
יובל פרוינד,1oGeShdY-VSG3eAaAlne_WwR8whxr-70D
יובל מנצורה,1JFy0J9GGFEUZR-2iMX2BUu3pqUV9ZAb5
יואלי שטיינברג,1sIoyzzOYwkoEPs9O81njtdl_OP_7NiaU
יואלי גליק ומקהלת לחיים,1JSEBW7BlPQGJEIOZtCCvHYzUDrI_Ms6A
יואל רוט,1gw-rZajyxR-CIUuDNxLcM5BexxBgvuIR
יואל פרידמן,1TvfQeE9DYsEv2SGhrKR0LxRKbyJPizIN
יואל נפחא,1qXuLJ9N_zL8ogPJQr0mybmKpZp7q-HSa
יואל וייס,1zMDeLS1ezdsZdzN0RQoFDum60y8JFJHw
יואל דוד גולדשטיין,1z3JHAG-OELMJaE9BltfOYe4RNGcOZe1L
יואל גליק,1nu2aLDqiiE6m2l8oEVac-zcFEdWc6rtR
יואל,1-mk8PSoq55b5rX9W1EsIAhUHd-glIRlQ
יואל בריזל,1kBdHDQO14l8CDeWrRoEh5En7OYwODzDG
יהושע רוט,1H4KAXo2EbX-uuka2A3qd-pUp4_TLsrLI
יהושע בערקא ומקהלת ידידים,1WLXg6h8mxs_LyraS2GbFeH7h1mTCk9Oy
יהונתן ניצן,1j0LFjR5OI5KU8PUCOl7E0N6ZrkGkaOCC
יהודה שפירו,19owPwnKH6THhSC6QRHnZbRGHEl0QZw4a
יהודה שוקרון,1b8nYIsMnYQjOwUsB18s6MShaN4s-0MR9
יהודה קובלסקי,1dLp5NCJbY_0E25-OK2Ry7hlFxSitOEFf
יהודה פרוינדליך,1WD3E9pJq5dtFE6nesYByozLTQsHoMwm7
יהודה ניצן,1E9zYCzXnj8kfeWARava2a_t2QNHe-wRc
יהודה סעדו,1ji2Sg8kBF0Zss-huJgpWOCkdklud7zsA
יהודה מור,1yuB-ues7Q3T3xI9VBRnOsvFAnlHxABGo
יהודה לויכטר,1usj6IWSOek2J3J7ResUfJqAlYBi-i4vr
יהודה כץ והמעגל,1rfGlXqkqi_ayBTfuRTMWRhx0HIDVzfun
יהודה וייס,1bYd82r4Nnu9KksM6DiFCtUYNlkvf45h6
יהודה ואהרון נלברג,1GHBiFljxz7jHfu3vQ7n4DaM85YwTL6cG
יהודה בן דוד,18hcHPzWDjhJaG2YECdSsK6M4yr5N73M1
יהודה בן אריה,1FXM3e8-QnIB_6-JYI8J0H6i68a1B6g-T
יגל צברי,1UuhwuInphVWrt6qxL2Dp1AsRxFN4f1Z3
ידידיה יהושע,1kldsQE_RAfrHA0b_X7H_ZroT4lxZ2qIQ
ידידיה וקסלר,1oS-A3PTNMIw_lX1fmrZvReLq-fjnrOzu
יגל אלנקרי,1Eqi3l3bunrstzdlSF4phwz0-8TJz8Yx-
יאיר שריון,1eDnLwIjKQnkuQ_KmexyjedYMkGzN4i8b
יאיר וכטל,1UK0N6iB5IC98xDtaG_AiElTdE2-oY0E7
טל שגב ועמיר בניון,13VPbgpYpiWVnEL0OMUDExRfanHOvRpBK
טל ועקנין וגד אלבז,150JVeD8GykcF4I4mQ5DXzOgaezfJgmBL
טל נאה,1e8Dv7tH6ia9y1xlWd11Emai_Q_4AlwuS
טל גור,1KvVZjQpCOqn0KIJ8lg6vdlwxaS522e3Z
טוביה בולטון,1LcBD9OJS-5AdbKd1LZAVuDdlNjtCsDMl
טום קשתי,1VFnbnov4CS66aDSNXx4KSazKxzZ-Lsjy
סינגלים,1oVdTtHQVZz9PN9CT97B07HUU_Pbs15Qb
הראל חדד,109qlRiL4iUlykk5srFsgV7rrQmxXPYW7
הקריימרים,1hbG69COtCy2TZKEdsm3k2HcaoPyeKxsV
הערשי רוזנבאום,13RSK4XY7EB07T3MaqGGAv05JspYyCHIc
הערשי רוטנברג,19R_BQ7buwVPVgjekVifANnF5UzPdKdVt
הערשי אייזינבך,1CBanoa1tPQagFcQqxKwvC-dfM0umn1Ix
המקהלה,1irY9E8ad_0WVrgYvtRhjaXRgrL7s0gp-
המכבה,1iqjxEr-V-oH6ouEvQdpVFU3dtSLuV4xn
המאמינים האנונימיים,1IoZLPQOlBxPbCfPqkmm91cc5ZNr5B9vC
הלל קפלניק,15ztsSDprVU-2QKagLPBCjG7lqZ40XHtO
הורה קדצקה,13ixu8bngzkrTfaYsJ9enAnXDiAlQC_XE
הזולה של חצרוני,1N8aRQRflONRHlgRVWZ3sgcfeI0f2jVcT
האחים פורטנוי,1xZHsnaOzGzHMKxI13F_q7-8E8MhxcMaw
האחים סלומון,1g14ak7pq2TbxnVhB6HB_hp2l-xryk-vh
האחים למר,1uYaKCOsh97VUsecg2Z2fzSozUqkOAY3j
האחים ויינברג,1ZbluhgWTWFRI_5Gr3_oY0CBfBirLmz6Z
האחים דסקל ולהקת סבבה,1iQTQPP6_cwlmkRAvQ9e3s2i032Qqgwkl
האחים הורביץ,1qedt1LK9omW6BiQCN_TShxPCW6Y7-SOT
האחים ברקו,1Evju_rSqpaXuZbSv6I3BTpi0JtaX9R6J
האחים בוקסבוים,1c6oHM5HiAvAXqep9RLtT4Ffjiy5Ytsa_
דרך אחים,1SOyRykOtHrhLr4gY7LvnTPq31aFik9QK
דרור יצחק מלמד,170SeddH4ltWONTXrkdlAjOH0LjfOuEcw
דניאל רחמים,1EdVdPZiXDkPv1K-wz3VD2ii3f0k7ZHMA
דניאל קרייטנברגר,1ifhvglM5zm60M9Dabi1C2FjsgAVLu-0I
דניאל צאיג,1DK3aogwSvj6PmAKsmsP-hpDnItk4Rw24
דניאל סעדון,1-Rv5N0D2wxDI8HrZ-V9p22pFt8rJQjzl
דניאל מזרחי,1yGYPJ6UXCL6FReNQWqFoY-xKP8hZ5ATl
דניאל ישראל,11pApzVPmFFwIf7CYkUBON8h1lFb4mlnm
דניאל ישי,1Q1grgtMPj7Ulao8ioYgIxVpBc75LhQOO
דניאל דהאן,1LSYcYRn8LX0raOrF49hqaymBpmJB5BBX
דני פלגון ויוני זינגלבוים,1g2B8JEHb0dmqJmecYs2oLFz_wZZmOQx0
דני ואריה קונסטלר,1Wf7XFB2hNAya0g76ANTAYZFz1nDequIx
דן פולייף,1CNghPsr__6nCPP3n79XGSkY9Ii0dIIZw
דן סלומון,1yuWqVU5qUVzj3fK24iNUmetSfLzY81eS
דינוב,1U9tt-TZyp79-L3jSSoMba13wVMqRdBW3
דורון ברדא,1hqTt_Jr1xkQP53f3uVrBBrKKO8NIq3mm
דוי פלדמן,1wBOTq3cxDhN-M63RVKPOfs-L_t4G7z18
דודי קפלר,1QlESfZi6P29NuIYrq7EX5mbow3PfZq9N
דודי רוט,1XWtLu5K4ntWDi7ZDLJs8Hp-xj7lq8gAs
דודי פלדמן ושרולי ליפשיץ,104KPryx2QjvZQg-waeSejA599bNq7Z39
דודי ורחמים סויסה,1RL1cpGVdJyG_mWJmcd7uJKZCCVi2pXqx
דוד שליסלברג,1OS-dRRVNYBw1RihtxlSRhlgpxJ6XZTpo
דוד שוורץ,1ekMZxCtV7ookjhO4pQWiiVp-6BLGzAo8
דוד שאמולא,1jMSWq00SYUDHl_iHC4bdoX8izIs_c78k
דוד צוברי,1WitZo3Ug9RtyMgAEmkFWl3acdvSM6w6S
דוד פנחס ראטה,1fBuQVziEs4YBykn-CbUOQI4ht7dC315z
דוד סרברו,1qomNrqR0JIN2vMRq3Ewhv1KhcwsbBw20
דוד סקייסט,125LVJLgAeYwM30h_XcR2TsoZ2Dr9L4V1
דוד ניר,1_7E0YRoc9DSGCbhO4d8xYBQlwz-c8ja-
דוד סיטבון,1tqqhi7D2xHhOgm8V0wFIa11RKkuICBng
דוד נחום,15BN1z8fL-R8HObb9KoJVkaaOwizProDS
דוד לעוי,1F1jF1aykx7MofjY3Olv-wSDC06AME2QW
דוד לייפער,1KlpHnV0DKPsHmFP63Jb4q-LQNn0b9tOl
דוד כהן,1v5qvVBNRVgG-AoW_vrS4NNO2-BCbZeSI
השיליצים,1mxIhkZXjHtCdkSXAsZ8rVBc-AdZRsihe
השי רובי,1XXUfn1MGqTO2ix8V-FPcPmobfcJCr8I8
הרשי מושקוביץ,1CS4JxlcRjhWoOjbdPBpmHcvAd0Eq6xHd
תחנת רוח,1ZtdjbRivc4oHC4e4e8USBkk9garz19-o
שרון אביחלק,1ZsyKxrzWYe5A82S5ZvZsdqY7dd2ZhfFM
שרגי גרסטנר,1WVpCaWPAf65Vw-XWhbOiC6VpmVGth8Wb
שעיה ברים,1WXnknHDcl8Jf5cHhA8lpcZ_FLrKsAL9K
שעיה אליוביץ,1WNxjFa7x9259IqWRbeTfaLCVSIlz5TV2
שניאור אוחיון,1WO9z8aVte4hL1tEkzi-vniM-gq6yKdZy
שמעון בר יוחאי שער,1WR0hag7dl5h-heUlEH477zPhT7jFs45V
שמילי קליין,1WGO9umJuTvwMwuHwx-A4YW1Ce4PIh4eh
שמי מרציאנו,1WHDNaUop_AnEuEIOLR1gB-k04xo17M70
שמחה יעקובי,1WId5uRbpiDDA3sZ_Kzlw8ppAlSpSSQdz
שמחה יוסקוביץ ומקהלת ידידים,1WIgT3W3Vyp_GRhg7RMbVBzW66Qds8zU8
שמחה ורדיגר,1WIsW-ff6OM3SDezXrGLf_XlynUU9CHKL
שמוליק קלוסקי,1WJ_2gG7DpXMwfW4bRptIk_M14KgstGYO
שמוליק לוטרמן,1WBDbejG_w-3vU-6CZR6pYhfdk_Bj8756
שמוליק ישורון,1WBzmxv8QmqqAjmD5D6Wh5645PJTHNaCP
שמואלי הורביץ,1WCrhvK7Hsl4i-oWUj7e1p0oleL2LIm92
שלמה זלמן הורביץ,1UxqoBZjk6sfG7jl10yF1dvky7lP3osAq
שלמה ועמי כהן,1UyWrYvuwcdHSOH3bMUq9ybfCxS2qQIvm
שלמה גרוניך,1UyyM2iO9_tzZSGDPkwFeT5_9eZSQWPWw
שלמה גליק,1UzSzQKTmhBXJGglQR4Zk-tDZqZ9-MQOx
שלמה ארצי,1UzzEbQ8NixHuQMzPofxwAKQKDQ-iEKQY
שלומי שטויבר,1Tw5k9MEa3HU5hjDg7uVkNcL_7MjEWs-K
שלומי סלמן,1TwxEqhHgZNFqd3rvtjqcRc8hpxFpgHcW
שלומי יפרח,1Txaq5DZ13OqCi5HdjoFgCg-3V94P3cQN
שלומי ורצברג,1Txx2ic23UHEpyVUNWHur-_82MJEHwSxr
שלומי ברנשטיין,1TtGWdmyTOhfsTEJdf3kMaRRpfaKau7JW
שלום פרוינד,1TtIE4BwKieAt4xTwrPdqoYhvM1uYYvh3
שלום סאל,1TtJmvWKcdg_pUiZKZ_pgw6HAgxnPIMa6
שלום משה פריינד,1TtP4rRhG64m23Av5xx9O8ucKtVm6VS-I
שירים  על  הרב,1SqnPEF502x-qUmAYeCsUH2Fi9-P18De5
שימי רבינוביץ,1SpHdtCPYz_244jEQbdilMhVDl2bb7IJM
שימי לוי,1Sq-8bGWdLt84wAQRG6S7O_zedHJM2nO9
שימי יונייב,1SPC1Tv4RYSTHDCWue4WyZjCNb2DsSCfy
שימי דיאי,1SPIwxucfrAFAZbwfdBeyF-Ln5uD-mpIY
שימי אפשטיין,1SPbjuv1DIaKcYxXG-CEvwK8pFovPO22A
שייע ברקו,1SQpqO-U01xU_DmyxAZVdNDwaRyCSrHIj
שייע אילוביץ,1SR7mecEaufnTUYKKAqYkAl0hDNcil30S
שי צברי,1SL9wECumE9zvtH5sVXhTkV_wAfoGnjQx
שי עמר,1SLCHC0TkXEcdVnib6pVZCdwh2-nAvjwD
שי לייכטמן,1SM02snEgKQI0gU7NKNwtrqfAQKnAK3Q4
שי דיבו,1QIlPBgbVaIsAn4LoqchXjnHAKTsdT7Fb
שי גבסו,1QIssSJ5_tSt0e7k4GVWu50QqAMk-8SGy
שי ברק,1QJ1uQB_TLVEY4ZgaP5OPjpnn_7CNJgic
שוקי סעדון,1QJ8PSPwptePzecpBNdZHzUB5bqNIM-xI
שולם למר ודוד היל,1QJZoXpdqEmttQvsUfFmjlRT3rm9Sxy0h
שוכי גולדשטיין,1QJgEx5ohPbaTugcL-UZ6aSqcV8rukF69
שגיא שלום,1QGlIB5M0UouxNjRo2ttQTYHsLSQRJzNA
שאולי וולדנר,1QHQLpUE49AyrL4WEPbYZibX8Z-VMmsZI
שאולי,1QHR8uNH5vDb57MXT_KNzDp3KJhwYSV8d
שאול חיון,1QHUj8z6f1mL6rKj-noDeSfo8jVhLO_08
רפאל זמיר,1QDqYbnv9eako_3vNnkNFXJWQIAr45jML
רפאל דוד,1QEvYAN6oHgtt5ewQAFgpRI5xKh5QUVUu
רפאל בן,1QFAgTW-ustbQ0TuWUtPLLBEO2bcJ95aO
רמי קלינשטיין,1QAOp3r2V-_l-z0wyuM8KeEp_TKuPrKq7
רזיאל חי,1QAg9Tbf3SccA1vufnJo-zAmt0AECOtGW
רז חדד ומידד טסה,1QBVgADDU2ksZuV0t0GqpbF4qIh7uWV1_
רועי פיינמן,1Q9Tjkb0QN24aGQu7C3wNArJcAi-z-YiW
רועי לביא,1Q9ecB-Pjqj_6iNkiLiWy_PBfuIb_DgpI
רועי חתן,1Q9tyI5bBSk1MvMyZyZmLUrvO-kA2bPrs
רועי הרוש,1Q9xmj9cSzK83oeqo3irYj6LU-g01XTIZ
קובי פרץ,1JejQWTys6f2oFkXG8N3kID8nZDgNONDT
קובי אפללו,1JeqA-sfTYIpzHdTM-b2WczPOjo8HHYhL
צפריר יפרח,1JdhrtWI2hDhYOcVrwl19u3ypxzxitL5k
צודיק גרינוולד,1JZ6HrPEaHSDKBzgYrxc_KQUVxb2rCnZP
צבי סילברשטיין,1IVNNA_IGZWAd0-UOMcUjsMPuO5k2Jnwx
צבי וייס,1IX6Iti4Q9K2lXkh_Y2c1eIZHCqNTDbBy
צבי גרינהיים,1IX72Jfi6dQhKKNbuWyThfTqlqwTfZbOB
פענסערל -מניגוני ר' הערשי וינברגר,1FbV3BLLUA5J_CDkXGjy8cNEACGjRmQzg
פסח ג'וסף,1FZBQp5D9SwpQfzDp13cL-sRMGE0ZHOQL
פנחס פאמפ,1F_1I4wZcWWgCcNyFe6ztmlJ6U2Zg2u-w
פנחס הלוי,1F_wAgtiqlEjlzJvR6MmjHbTihGJZuPfy
פנחס דוליסקי,1FaMpE8c3zC0c8MM9MC-Oyi-m3pIMrNt-
פנחס ברייער,1FaUeEQeSjvre-NDHcaw97PQ68MNyxRKc
פיניע שטיינווארצעל,1FHq7hD-ISNaF1704gOhAkESySYhXWx6w
פיני שכטר,1FHsKpvZED1UNCR7DnyiIqeZ4e3cnZLY0
פיני קליין ומקהלת שירה,1FFYRO7AFIF04lUHGMfzNp1AGclnQ1Vtq
פיני ודוד פולק,1DllPmGIYB7mGEtFlippKf-omTkvoO6Gn
פ. אספיס,1DoA6HXxqTdlBbjAh4GVJHleABqf47YDm
ערן קליין,1DjqrNLL24XIFwjoRJ-qv_kstuhNSaPqQ
ערן אברג'ל,1DBWtmtuaHB7glt-7f1Rt2silHO6L1ELS
עקיבא רוט,1DCBEl1FQI9Xh1sOt5xjeU2J0xxoImZcf
עקיבא גרומן,1DCsENLlWSWkkX8K07PGSjk95-Na8DEYo
עמרם ביטון,1D6u41KgWDuS4ZNXBPWxTPNU6Ash9cZjD
עמנואל טוביאנה,1D7rDFMpmUFzl-0FxeqZlMXw0KKB3iAjp
עמית סופר,1D5yR-eFP3HYRBHRaSeUUXvDAoBYABEkm
עמיר כהן,1CJsoUpBWrJruNsHIerAnAQPh5lF--0BE
עמיחי שפיגלר,1CK2ZqDAMFekXLubJ91ZoylvyrImWDAuJ
עמיחי סובר,1CAlt-xlk22FiBuGMTQ99od8KGRCFmFdU
עמי שער,1CAsQ3or5QP30E_ciHhQj-UmjJQ0MJJw5
עמי הלר,1CBv6BeEJhNqyDyocmAYIodtz_GknWhUL
עמי אור,1CD3QzWJJRBpyl1yNmt67uBfFsBTYkVfp
עידן יניב,1AqGhIDhC0_rLR6y1gB6dndcqb8glpr__
עידו קפטן,1Arc-lpRCw3haUbSEOOH4TmJ7c1J98oWk
עידו פורטל,1AruQIh0NhHX-aUpd7b-eF0mbNp-RCQ7p
עידו בן גל,1As5hfCDXLtQZfkgVYivFoTdkxGvWdp45
עומרי זליג,1AmuGbua5_nbbWwKtEhrr7iR-cMgTbMZt
עוזי נעים,1AnhPtcRzIPD7R-R3dYy60Owtsn2c2Y9W
עודד מנשרי,1AotWJRPbJXDLb5yeNfnxFZSzrFt_IszQ
עדי גביסון,19miHb0A0DqcLIXoqVZp_Q3SZsy0tBWUm
ספיריט,19ok4VGtDvUn01v6c9LDcV2ZWMrNXbMPX
סנדי אופמן,14vZxboK5qMv24gdw4fQ54MAZjbTm_PZq
סטרומז באנד,14qDJR4qMZJtmXNb5n4T5g4RSXVl8LDcC
סהר אתירם,14sYbo_9sn1u5P3X7IH60EA0pk960HV2z
נתנאל מרשל,14mp1iEiDWzupMqsrf99ZBmTIIYIWFsyC
נתנאל גנץ,13jVDvKHoJf5A651LfBBd1YLhWkNU0nlE
נתנאל בר יוחאי,13kOmA9FsuEImg4SpmxEe6bXVaf7YiRIH
נתנאל אילוביצקי,13koN8gLcYOGdywFq8rRSmcDspKjqdsAh
נתן שטיינברג,13l77ap0fP1q19cqH2QAVeNksCLqFG0ry
נתי לוין,138EXPchE-bPdQLuoTm_EQPARKN2jOR-3
נתי לוי,136k6s2dpyG07sIxoTJGzJX8YK3lVryaJ
נתי חדד,137B13OyUAzsrPQfhNG5Z3ju-DQzUOio6
נתי ונחמן פוקס,1385dkL1v1AnENyc7PcSvyxzeHCIlqSYo
נתי אביבי,135jFA8fYUJfEQu-xmUDTzYpaMly9vgDu
נשמה,12RDJIH9cnZUfVJD4rcHsE-LM9mPv1P9R
ניר קפטן,1ymhq5axMRJAUTqJfEvsnvOfAhmLVkGeP
ניר ומשה,1RCTsN6295gBi5sTYvNJSD2ErN-uSgx8B
ניר וגיל קפטן,1gl927W1eLlEsWMsQOYKZnrH0hPVPcH8N
ניסים ברוך,18Upg9EIR7BP7UFKtU9Jhv29zCwgFZIhH
נחמן לייפר,1ySxnh1NKcplpYhhyQL3IQ1y3uFAXSuYp
נחמן זלטא,1wT22a5GoTYRESHrcV8L1ATzzKEl2y2yg
נותי,1N1uuR3jUVRx08pfXyBeU3GOX7Y1-st9E
נדב מירנדה,1ri8AqmSNk7_OFlhcPP2sye-OJM3tjWVC
נדב גדליה,1xcNpzIMPtgZM5s08mxuwHpMURWoYlXWf
נאור כהן,19kUmmEP4bqGyqTDl09gzA1hxJ3Z0IgJd
נאור אלחדד,1ylFjYpV5cNF-co0WswTWZZehHBRWfomk
משה אברמוב,1YafldTiYqFsuKXnxtBl_fzNiJXcu8sFx
מרניק סמאק,1Ygx7uDidwvQrvM1MmyT0PaP3rVYlzeYG
מרניג סמאק,1YhQYuvNNC84EayhkgK4RwaZYxYRM1L4n
מריו חקשור,1YitCQbsL6_T3bdu3aNIq8-TJV-1WY4oz
מרדכי כהן,1XhpWaF0A8NusYYNUJE1CWAOc6ne86kgn
מרדכי דוד כץ,1XlQgM0AlD9Ko2UBgcMtrwLih_tO8qfd4
מרדכי גרנביץ,1XnI6ZzhUCVQ_BtJGaVJ9g-5lDzOJ65EV
מרדכי ארבל,1YCSBSG_p3wIY0FFOI86nM0RR0PzUc8ko
מנחם לוי,1XCZi3SWVGfQzSyXB4pjBOqAOe_4dBlst
מנחם בלוי,1FgxI_HqSDw9S2IkU8UfUF9R9VjJ8iPJn
מנדל גולדמן,1hqhmo0EXszHFyaSUfy3aEz_GOY-bQ184
מנדי שפירא,1hsSEfDNbrhaVmPrPxI_gtbWhZxp6AtM_
מנדי פורטנוי,1huGyctInvX9EFvJVDfChAcY5tnQ-zV0p
מנדי ויינרב,1hYaG8Pxn4iYeB9o0jb4ZADQtUGZT22-z
מנדי וורך,1h_gU-m13SxABlzHEme-vDg0Nkw8wXBjF
מנדי ווארש,1hfA9uiSGsu4vuAWCxDJmMq-XY1R-4Wm7
מנדי ג'קובס,11pdUq7qpa6FgjC1yFeBWm5nDKnYN5BqX
מנדי ג'יי,11tPorE7Pn2cNV55PGeHcFwUnZTPrBpoN
מלך זילברשלג,119gHdxVmycntImF47sZpdc-pcCTtpw9m
מישל פרדס,1qLMzo93omvEuYE_JoNVpwHgzvwtflPnd
מיקי מוקטון,1mtkJyLMFokRiQoUY3ONTAgWFTsGYQqnl
מיכה שקד,1lEliXIe6l1tLZb0XdWZFVdl9ApjVh8mZ
מיכאל צידון,1G8z1ZhX3nh_I_AxRYCtJEQDUEWKaKTv9
מיכאל פרץ,1GBR-O9HlzEXenh0JrJsoEnReEgLg-0o7
מיכאל נדטה,1FbIK85HQVD8mdn9KVh6qZXcpDqQmhR2a
מייקי מוקטון,1FKuj8p-MlHHygErwld6eUZYPPAQngV0E
שרוליק הרשטיק,1WSzZFrQ_G9uOcg6MNWlvt-1X7WpJGa2H
שמחה לוונשטיין,1SaoJ4WdiRx5NilzkLBK78TBY_r5o9R0S
שמואל רודענסקי,1AJyz4mpXmst9FhV5X4KbfK5gY1Lz6BBk
שמואל ויגודה,1LDSluY1ZwhoZEKayre26URRuRmA5PRwz
שמואל ברזילי,1nocRy6h1J1FW71UiUo2XPQL4eGwsGbbc
שלמה גליק,15fBn7K5QNVuTp2A023WpcprfixsC-h-B
שלמה אייזנבך,1H_A7nAy83J-HM9fLwS-6o8q3xKPI4Wfu
שלום קליינלרר,19C90U6mHkRL_TuZWQdm7uu_GkqwVPxzi
שלום כץ,1WuFNSwHjQ9vqZWkJ5q9cBAvnNARCH6y1
תיאודור ביקל,1_s5O_uu2GMUK8TKMYWJHlOlSvZVO41CP
רפאל פרידר,1UWdq5jyWNorg5EEZNtXODGklmBunyQnm
ריצ'רד טאקר,1Jf5vz2umFhAMI1eFUP62bDSMDz_p_Sqb
קונצרט חזנות,1LAD6c_TKKtPjAGHablEv423ur0zu_nYB
קולין שחט,1UM5JJFFnpcbGllP_qLWOBvsEkjWlKTK1
קולות הזהב של ישראל,1r1DvbNmunLKNGt-eEqR9L7m_l-WscFAr
קולות הזהב של האופרה,1AEkZ9Vw2fwWMP7PRD92kPPClunzn36Id
קולות הזהב מבית הכנסת,1IWQLHwXs1uWDsKscvoXb_fSunRt8va8K
קוורטין,1Yu8BfeHGW4cXz_dRa_Bv2mm8-Zj9R_19
הקונצרט השנתי במגדל דוד,14_OK0b2vgtZPvZ3EEFnHEwjI9CCYg4xC
צודיק גרינוולד,1JHnoJpJWTNEv8bbz6PXIn9c2fnby1pU8
צבי הורוביץ,1pRvJ4-486tISLu1XZQ2qKZyOYykp5HBg
פרקי חזנות,1QZULVqPbULyM6rV4GSqNJ52uw4kP-eqh
פניני חזנות,16pha1lyg9qzoeGaz0lgrsavXYqqexLtU
פנחס כהן,1sUp7LLT-yEXN4JojPiAj_H1qwFVL_8hp
פנחס בראון,1-XbXNGa0QC-No9ADG4M3HQe-FB4nzBDF
פינצ'יק,1hzN3cssHlOgLs1yjvlyQ6ud_VsTYAekd
פיניעלע,1hIHT6qY9TAiZzRVWxUd2baK79FGHVU4J
עזי שוורץ,1rH6rGGVXh5WYvpl0eG9o7cp6eu7XClwd
מלבסקי (שמואל) ומשפחתו,1cQ9wfbuyI59FrCmv-bztWEZMtr72_3SJ
מזמור הפקות,1FsZ_jgIHpXNwm9z3zoo_XYWMEJJLvNoa
מבחרי חזנות,1bA4S3NDkvwc8r0D235XiVLU9piNu3Iw5
מאיר הופשטטר,1W-KqGb-Q0q0T24yZl8GwKET8tz-6Pcvz
משפחת מלבסקי,1XYGy-hSjP8CzcFycj9N45dAJxuKujc9y
משה שטרן,1UgXjLtkKD-DqmsdZXlOuhp64iY5JM9Ki
משה שולהוף,194VUyYv9sEqekovcRzz9Yu3_rOP98rpY
משה קוסביצקי,1YJGOm52XsRJuN8bMY9-TGvWnYaMI-1Nv
משה סקאלר,13Svj-cKPlAco726dU8eWzsi9FSmEdI6p
משה מנדלסון,1FUiZE8w1eeAMolbmkAGCbSdvsoXYrWW9
משה אוישר,11Y8OA_wWGkviQniFqJLb4P8wi_sgjmPW
משה אדוריאן,19cmvJ9G0zprk2bknt9wWhYjSy0JSmQbP
מרדכי סובול,1DnYKq5Dbg3DpXWbDyuA0mK7FP0lDlXdD
מרדכי הרשמן,1zsp3iQ_k7PparS4CtnORi362hg-X6FsI
מרדכי אשכנזי,1X78IntkI07gYBBdNwXFi__ifyZNE65pi
יעקב הערבליך,14ZOIqtLRJUib015j7qT_iGHqa3V-BrJH
יעקב אונגר,1XutQgzoljmPT4eciMA72V0GYjETzexeH
יונתן חן,1wMMnZDPqAb4gogufNIXWLhwB6TZSWM3y
אליעזר חרל''פ,1jL3T4JOvx5oXLFTj1QIP3oQdA8uJQJSp
יחזקאל בראון,1gUZaWZyj0VdKkLuMh36ZkzpUMjloyKhh
אברהם יעקב טיילור,1Xp5hit4MP9T_t2qjlTZioElIC1z4PyBn
דוד ורדיגר,1vphDGcM2zg7S4eeCIpnQI5pEBayeUSHq
נתן מרדכי הרשטיק,1WVia8mR4FogUF6yuMbSBr3hxObMg-bQP
נתנאל הרשטיק,1cE3dtXRDnLZXhGSctiCmIfzx7IFCHzKq
נפתלי הרשטיק,1lQX2R-byikZ2yF9gTdMdCPtJrUZkB7vx
תפילות מיוחדות לא''י ולביהמ''ק,1RsAY8XbOz0rqGZaPICTmh-fqIgGG7ATV
הטה אלוקי,1t24CUuy3Az7GYsOITsNtuzlJRJw2TZY8
ישראל ראנד,1T1Sr6YXfNOdc8L9DkC6WolNl6XSyrSh1
ישראל שאר,1_9Pzs4LTpjU0JFbE6phZiYTEfiKsyMbC
ישראל רנד,1vGoFBnogBIXXTQOWv0ahv192rPZp3iUR
יצחק דוד ברייטשטין,10D1invp7KE-zQRl0ww3jgPwqbYuK4mWh
יצחק מאיר הלפגוט,11k8ZuiNTQzaZlamtr5tbzzVG_mUgIjSh
יעקב יצחק רויזנפלד,1Iqgbcs4tNj32Qbn4b96jIFGZEZT0BVwk
יצחק הלוי,1QG43nqPAQgZXx03PTbVe76IByWbyQLWT
יעקב מוצן,1QnyNFbXsJgMVsei4E6Xr-JFJ1sMSK4SD
יוסף דוד גוטסמן,17MNuGAompoJy2QA4NjIRAH8JL51ZbxwS
יעקב יוסף שטארק,1DePVGRxJzubIOYDWgT8LmbQ_2x1VRe8g
לייבלה ולדמן,1J3xxFKzzm1IH9vMKP66yvRAqMqRTnhu8
יוסף שילסקי,1ivNcSeAcyPh3kuV8XduW9MeeJv9TH8dd
יחזקאל קלאנג,1q3ub46IKTCtrOeRJRl6RT__z2T5FgQhM
יוסף מלובני,1swSbHyrAmL61C-d5VWh-TU4dr3XDZXor
ליפא גלנץ,1uYOWPrZDm62gG_cozgbSdJhxhlNxfsTP
לייבלה גלאנץ,1xqnfm-ZG182K7Jsz4HXA2h5-XIPuCJPs
חיים אדלר א. היינוביץ נ. הרשטיק,14Y6lmaL124xRdcujWKeDVKeCn6R2ya0q
יוסלה רוזנבלט חדש,1Ju4jdOErCub0w_LJK98yOVC9xLHtbtbt
יאן פריס,1KH-x4783XKf0AaBVODhKjHaSVYAoQmtU
יהושע ווידער,1Khq1A6RnjJr8q6_etJiTqOl_QEwgjZC_
חיים אדלר,1QyWayfWcT7YGMEaRcBKuXIYPN2gOcDDv
חיים אליעזר הרשטיק,1Sleh1I3FntuAO2dM0Axpw2zm8i_6rhrw
דוד רויטמן,1UKuQx4n4GZi1eDDXJboVfoqakZWJoOpP
יהודה רוטנר,1cKrjMBsDL3y1a-ccN-GzGSt-MNFkjlzN
יוסלה רוזנבלט,1wWfL1fDRkrky0cF0c08K00rYFXveOpdS
ברל חגי,15_vJyKQMWhw-H4MTUhtgwA3YsyG6J_CL
בנימין מולר,1B1IRcYos7eD3zE1beDdEdrjapl1cDjYe
דוד קלצקין,1BWlBOleYo3Xu9tva_RBpEDDOr1bxdAV8
גרשון סירוטה,1ECbHlLus1JfQzGaNjTJHIvsXvcpH4Mox
דוד ויינבך,1MuT2bLpqhMOpHD1jybL4mB63vEuIy84Y
בן ציון קופב-קגן,1iNVB3z4ldXUMA3ZBvpC7uKG-v6vqKKL4
בקול,1imttBIauPqe3DYr59rwPND_fWrlDKSF3
בן ציון מילר,1lYifeHZr126ky8Yf8PZrptN1yBtAmDhA
בן ציון מילר ויעקב מוצן,1qAqYcEgce64lZf7FXLSIMhP47g--ZW1l
דוד קוסביצקי,1tbonP8PPegY5-DzAEBv8RVpo9tUJijIW
אלי יפה,12ouvgwvTaRSZYljBDIkueW6ayC3Otlo8
אשר היינוביץ,13JlCepa38zVkMKGtXy25VQUE_HKyiQ2X
אברומי פרייליך,142dNV7tfXxg9GnmuDH_uzmw1QVM_CFJe
אהרן שלמה וייסמן,1BAzNZtQFJcEnhx7yd-UZ0IcHA-Ro_gIN
אריה גולדברג,1fSLa9PCf-DcFfPh_C_wRbOnvOlb24IUm
אריק וולהיים,1irMIsenv1aotmfaQrvIQvBOGeBPHvjM7
ארבעת האחים קוסוביצקי,1m8grJpYeCVUdlM4uwunwqHlxDwVzjL4-
בן ציון ויטלר,1ofdJcRYettTl4E72gdXnq8VTlor0N_7B
אריק רודיך,1qJ_vK5C251fBaNEW_27PucCsztaEly5B
אוסף חזנות באידיש,1trreNIq_bnFhsvCZHDiUNVstvj9hsuT5
התזמורת הפילהרמונית ניו יורק,1JUQwA-6gpPvddBDH3KrK1f-K3Ceq5VCd
כלל החזנים,1ZeliQS1OPMWY7oIyziWzy4YyCsv_JW0P
חזנות שבת,1hpVy3gMOpGb2CoLid59_Ex51k0aYQip8
מתמידים,1tv33ph-KG9P4Pn4Z1J4R_xZP-wGDwOzd
משכנות הרועים,12fxT_DyGWJzSd8LU7YaaaUD0fmKFXOvE
מישקולץ,1Az8UMoK1D9tL3ReJvW_IWtUC8s3ZzKiN
מודזיץ,1cv65zIWvwY98SIlqy7iBArYKANtRaBZk
ליסקא,1giXePQzBw8cLijPq5DmDTrr5iHFKDKOe
ויזניץ,1ony-wkNJ-FdY6EREhN7-Yo0oGf1cIzAk
טשערנוביל,1FOqvJICFMV2PUJ5nDB_x1cgkBJqbk6wR
חבד,16fDrwi3hCmI2IpE3xOKNR5PMsLK7WQnL
ברסלב,1bYigEyklz7JT2djQH_iQQccMyqviM0RD
טאהש,18aopYG-ilKndpQSE4W-9QX-TkAhTSEVr
דז'יקוב,1-ptx0H4rsHJSUPawlnk18657dm97xs5v
דושינסקיא,1zyehKVtwxoV9obsmNy7_ee5ll8J3qv6I
תולדות אהרן,1Zspyp3eSINTLgs9XazjuVEmtu5KQibnO
תולדות אברהם יצחק,1Zsr2RuUOrvtHQR9e_Ds9cMEHBpzms8QB
שומרי אמונים,1QJB5rpbWO658RhdR_QM5MDoqlZcW8VcS
ראדאמסק,1OSY3lprOabZuP6fPnbKx4lrgPIB92Tgx
קרעטשניף,1OPangVpqCIFnvHZbZ9gpIB74NwuTg-xk
קרלין,1OPsLa-YCfd2eImVSM5jPnnFPHeLwN6SD
קארלין סטאלין,1JexBBg1jt1Q6LUpJwa6OjWTX57hKSm9h
צאנז,1IXJd0Qf2HA2tPpCqGlzr5JretWnBSVc0
פרמישלאן,1IT8LhmvOeGLNHpdanget4poa3CroBst6
פינסק קרלין,1FHk8Ll3QmCToZqMGl-5UOWqrrTfGWzZv
סקולען,19oLEOoOGxcvM3U-u6XpuOXbibkCdGZZH
סקווירא,19oPZA8z0hCRo7AYbjraAK8MyOT8AZpy_
ספינקא,19pV50tamXHDbl_cmdm0RZJxNKhI1wCbF
סערט ויזניץ,14tqtqZi5oPxk8Md-S8f5xhHv08kI2IId
סלונים,14wAuG4VmvjCWPhSBywY6IrBC4Xi_1AR1
סדיגורה,14shlKK-Wqid5-P2mBSSJdeZvvJOS83_D
סדיגורא,14tKiA7ydnXZqRoB2117Aj2SWgjXYR6Ui
סאטמאר,14miJz_N3nuwunnShtkNcstFpYBeHaSlf
נדבורנה,1HSM1aLMz99kAbmgpjzWKTNxVb1J51J75
גור,1vRho_FcWkg97_kWcTU4gfXC3Yt-0V915
בעלזא,1I8NHmkNtCHYHQ0jW1hKl0KkyZ9c6-i-5
אשלג,1T5GSJJF10V0w8OirabbPJcNXrddRh1fD
באבוב,1ohJ1O4L9uDRO0jBuHAk1sV_lxx45elgj
אלכסנדר,1aJDZL3b8QpUDgDeA0fxxG5mMJbFk9gej
יוסף אלחנן,1ur097imR0rp4kxPP3l5x1XwBOMik_5po
אבישי רוזן,16p0vPxAWjF-_h3ecbq8p6Oz_sQ3Aw4Qx
אהרן הלוי,1jT1MNQpO78gwJShOb7uoXSvrrg-tsOeR
אברהם חיים גרין,1chNqP9el19Fr5ipws4-P8BPi8WPoCR8Y
יעקב בן חמו,1gFGLs-bsmU2YXmvxjUVMQ-fgCivJESqw
יואל טייכמן,1kn-Ig7GFkpvolEp4TwmO87a8UNJtpzT7
יהודה מעטוף,1AMnQngWFvy3B00xl4pQQ3ZqI_wEVsiv2
חיים ציפל,1MbXbcA8zTo9EwqB8zCo24pEBw2j62MUI
דניאל לוי,10_xuSIlpilSzN1vw6hQE6MFwtfbSelZY
דודי לינקר,1TlFuHVdaish6InrjqrJLv6kPwddE-RMg
דודי הרשקופ,1B83vh5NQid-bbU2NccwG9PT5lKEVvuo_
דודי הרץ,1tPKEwJwgRrjdc3wLsR9tOI1WYBobKVHl
דוד פרלמן,1kPm_6iOjmIu1tKvhlsx-JJ3Pl3PnROYg
דוד מושקוביץ,1GO215yA0HZ_G6-u8MXd4BmTvmpKBgCR2
שלום בראדט,1TsJ45jaPAJ5CvnBZCLvxCYveva0z82dv
ילדי הפלא מכל הזמנים,1IoKHBZyGjdn_zjN0hCv7GHHMB502T6YC
עמנואל שלום,1D7FIIoqtyjnCC_N4EPYAqoXlUGrT7JuD
עילי אבידני,1ApnDuaJGb-4O7SUwGR6OWKwslnEIvwb-
נריה עוקבי,12REw6pDgPsooAy5wHLVa5TaQxNu9uu1K
ניתאי מאיר,1oayz-3j7f0KzsiNrlMxGqdHYDmQsOAXP
נהוראי תורג'מן,1RAagoAZFOdFWtfD8zyRElAN6e5dMerOu
מישל כהן,1qamVNwkqb3ii7qNLmqm0MXaho1SGoGSW
מיטב ילדי הפלא,19vzPCr9RxKbNRW7r_5cDTBOz_WpWy0zt
בנימין אצרף,1ZdPR-V1VOnTR2SwnGBQMoHw9Ft8mhVsf
בית ספר למוסיקה,1H1_1xr8-WIFxjeb9qot_alXhCaD9SJJN
אריאל,13LmDbbmPBoDARyYJt6Q5j8DuCG7ZI8KL
אלעזר פודור,1gN_lFXi9IIPmWx3hCBg6tK_upyOgz4Ny
אליאב שבו,1CRwvAxewL7ajKyZ5inL09oJsR41Qcu8S
אלחנן נגר,1XdmSGLa5aHti5JZRYTyRZFtHN93fnIiA
אלון מיטב,1OqTYdGU24FqJGne_MfebUETRbY4n3QoP
אילון גלזר,1KqA6EtDvxNnyYMUUn6QALC7t_hjfBkQH
אידן ודותן,1VrWCRH8NiAkGuIT2j6_6JD70QMqZ4IBw
אורי גברא,12Ssxda9UijG7zJfM9Ko_veiEFixY668i
אורי אל,1BCjVi7rjZ7ODG20KchdI8q1csuysC70P
אוראל כהן,1lLCrKe6BYUEpXPcvJ0bd2S5zRAf1cpq4
אבי שרון,1OVZI8ZkSjvTydtnEOXwK21DxReaGxI9a
שבעה שירים,1HGZK79SmsJLQ2PnDD4l9u9yVinNYRnLw
א.ב.ד,1n7vFY9cdg7zRPqwH2Hx968q9dMkp8He1
ezche,1EXyvGuhA429lZu6KPUbxTSl1B1qmV5eo
הרב שושן,1VS-m5I0_2nWhvXs72AEFi1W25hP0qG1H
שלום למר ועוד,1Ts4xaaSkdKhO2QJABUFGp3YIpQV4RaL4
אמני דוד פדידה,1UfnVAasniOulRjNn-WHop2kCSkryVYIa
אליהו משענייה,13hmy9Vl3TZCwWwe_Km4YhEfyqDzrlhKE
אליהו חיים,1xZjPGUTToS6-IYXwDlHJENRZJjpfD56l
איתן פרייליך,1ER144jOmI6akzGLv01ypCvHso5J1Sm9l
אביחי פז גרינוולד,1npOq9gvUdiB9iyfsDSimhnvjP43y2cRx
אבי נקש,1G0iWGBfx4rbWagKAIcKulHyeyH3mjS-h
אבי דבלנטי,1WesiiBQtwiR_q_o4QfEAQoYFnBMbn20Z
רוני רומי,1BmmDFh2zlGAgQaKdR2dJFkvcx0gZ4wFq
יאיר אליצור,103fVifqfAJrfyRIK17PU4bmOJLpbINOg
משה לוי,1YplCd7CWLWWsTLx54A-h58xD1PelZdDd
חנניה אלמליח,1lRd47StdeLVZ-ZsRuHXYreCGsP0WNIHh
חיים דוד סרצ'יק,11fbhmwmjPgkj2Gk5xVbgITkMBGVZE7NE
חיים דוד,1BvOHwty_53UEfGhfUrbPEuXk8GcBhTS6
חיים דוד ברסון,1rw-HVT9RBVH1ktsq_3AP0Q-1DZtRL455
מאט דאב,1n_RHXFLFcuKIBWTpTdtD0ly74jNRNiwd
מאיר רוזנברג,14ubhku8Ze6TGqbZrm6WS4tqriUMoovpJ
לויתן,1rEa4Hic3OG7O7DwxNNCvb2eQ4-qlQWih
חוני מילקי,13YIE-SgTM92xEn-f8b8lUSOkzMWcdeNa
זלמן שטוב,1bcbzGzMWNxkNHtk0aVjAa5KmQKg41awW
ישראל נחמן חזין,1WFyIZP9OBNu6Q5JWuIyDwAXZb0GgYEOn
ישעיה חסיד,1jDnGNhqa6hk9HR51Tb10o63CwNbkXLgA
ירון בר,1Zqw8LdDhFNDk23cBjYZCCxXTS6FukfkS
יצחק פוקס,1U08GitHIjBUdCdi0i4eWW-FNTBD00rWW
יערות דבש,1twngb-Q5LcrBhRHRI7HFe83zV-A3vG7C
יוסף ויטל,1x6on2nQHD4ENx6gR8SdCOLFv7SLiyogW
יוסף בן הטוב,1PQyVBnUgq3Y_NGl69i_ElJJE_IdAAk1Y
יהודה ברוך,13aQW1Qny2RNNRIl9jnymuCj6v4ak4fwj
העקבות,1hKUdTWgrKv6lhUOSt7PjUjyUI1eTh5kb
המחוזקים,1YE0XbEgSkLZDM8HfZdUMC_ymu3mO3E7X
המנגן,1oQQAEWDdoOUBvtBXd9HbJ2RTJCVMsRY1
הזמיר,1q3YJS5qsmfsgp9SykkVv-vsc3Q1FyvO-
דניאל גרינוואוד,1GeKCQ5VJJEoZ-rGEdhO3Xk8Sv4t2w_rF
דניאל אדמון,1_-T40c4uJJGCkH7uAw3oPcQdzviiosMH
דני ממן,1y_kNJbiz0QhuIno19dQXaJGjq27rl3JG
דני גולן,1gZ3n-DFpmbEaP4KrVOL5U71Iz5nUsSC5
דוד רפאל בן-עמי,1N3VLjDNl_s8aHGf5yrGfmSkbdpuCHlyh
דוד חזיזה,1DxnlpFueGFsv-msvfuIVNzu9fm-0rAE6
דוד חכם הרסון,1Y-S2UKGq-7-Pnfc-TA1c32UjZ7l3ax1U
דוד אשר,10jha-1QPffVtHM9oqPssI8eBwf8GuSjL
דוד אבבו,1gHZRDJXN-ObBC3lhspkXuSko2QJeyTlT
דובי ברסטון,1JwTemiUSyPmVEp61Mu8AyAJ95hlwa9O7
דב שורין,10O-Y9KEmLXs5q8QvvTY-V1N-A-zxkbaU
גרוב סגול,1c7c5NaX5E95PVzbFtCg9I_RglA9vMkiG
גיל עקביוב,1Ule2LU-wJZ82rDdHiUNIIrBCC8jcZok3
התחדשות,1F9axpnPFZHwbYJt3KnpC_ZUunk193H--
הרמיקסים,1DwTyMOQaU6n64hvK6GfsUvnAFxS2_8oO
שרולי ברונכר,1WVSz8ItnrOF-i4VOzdTdnf-rQDJ7i-v9
שמש מיוזיק,1WPjZ2nckFa7BqH_ca5Zhv082vW-DFHJN
שמוליק אינדיג,1WCZgRrnlMaLhYUyxXpRXMCUECu_TGFEG
שלמה רג'ה,1V4SqRqODLn0Dy398nBNmYXW1U5FAVMx6
שלמה מינס,1UwcBmRuYZV1lbAcGVMBIeKNdyGGoP2zu
שיבי קלר,1SRI2azMXx1dKijlvR5bunXNdhqfqai-m
ריש לקיש,1QAUbsA5siZRD8dpmU8-7Lb-JGowclocM
רונן חזיזה,1QAFEeR_OeeS6500XPbFG3SeerELaXRUV
קול אחיי,1K_t9Qr-avMg3LNlFAob8-Y35kL-yKWxb
ציון אזרד,1JYfyr7cFrcuinb9CpunyRmApxDkfWDN7
צבי זלבסקי,1IW5OTqQjrTEwd5a0DRdbHjj8K3brTwIx
פרה אדומה,1Fb8fffMA0YGnbAYaWnpLcmjuNU-ClE3-
עניין אחר,1DA0yUZcnCLRTF6fAk0LIzkpiqK6fP34V
עלמא,1ApaiQCgF_q_CbGKYavpYOtlMkchl6rSY
עידן פורטל,1AposA6JAa7FTa65x1M6LIWyrLaJmTtfe
עידן דוד,1AqyvzKtCIuOhRqss-POCQqEmGXKm2iXy
עוזי חיטמן,1AnmMpbxD6fhksG4EoSmaHeoNby6nbPMs
סימפלי צפת,14qCXBDik8bG2E7dUUL7UzrmWgpZ8XbXj
נתן אביעד,138DkvLBxfOZEckhPDIgJy4-2BAK12uT5
נתי לוי וחברים,136ZaODw4wtLJlL2hUZSfg92BxJDG7n-x
נריה אנג'ל,12ROTSMjohBeMSnWtaS4GTSUiKcyFVcVU
נפתלי גולד,1dG1yja_1AkjVXzCRe-dA6tE1NR0Dohwd
נפתלי ארנפלד,1s5WHoD2TQKxEHDXWGe98LsfK0uFySKAk
מרדכי יצהר,1XkMwRlF-1U9TC_XmWKY18w-rxhG73JuY
מנחם אסף,1hm1VpBMOniCKdlRUm-kw5JXSZneGw0Kk
מיקי רוזנבאום,1mnkiNxAGuLb-FDj4O6EvRLu4xxPM0BWf
מיכאל עובד,1GPAGf2SZ_6MEvDRBVvlJaoc3y3FONvEb
מייק טויבר,19tLWU8HeBzt5tYggn7-gW8KY9TboMfoP
מטליש,1AMujQKbzHq7cI8MCnyo_tQo6iETZIOUo
גד ליאור,1gwI4-v7ZgjzFzN-Rpio9czHCylaKQYrt
גבריאל חסון,1h1wedRDBli7U1xBsMaZ7jAmtq_bFX1Az
ברק גרוסברג,1ghonY9hB0Vvepa26AJUElLr7ZxZKQPrH
בן סנוף,1DKfOFsn3se4d1z_9Esf97V5KBVezepfK
בין השמשות,1QZ4ILNqueklTkCjs1NioazeNCd3fk99V
אשר אלפסי,1Ob9qhT_CJ0kSLiahx0BfZELKUX7XvqCO
אשר בנשעיה,1jcKSdFslF9Iap4a4rrE1uIHDaW4uD9jO
אריאל זילבר,1eemMECveOMQ8A-YLJf3b2nhXWjUfuI3l
ארז לב ארי,1_Lrwc7ptBl81X4oVWbyv3-eUT3wVqfez
אפי גרין,1axQq7FwbjySvgEBXM7yHkolO_hjSKPFH
אתניקס,1pNswDWsvZrbb3ii7zjNbYcyP9E5Dv6pl
אסף נגל,1Z0eXCasfUxxND5DetlR-DMjfyTPOIPHo
אלנתן,1Cf9kfT9UkUZexGWIhLnNfT21-01dcFs3
אסף נוה שלום,1NZacT8MkiJiVPSvtoh0YG9Vy3quoSSdi
אליעזר בלומן,1DwUBj2t19y3map-y8Bvbsf1aTFHfd3_P
אליהו צ'ייט,1czaGu67wROuwK1TqLCUjaf9rifS8rIJv
אלי ציון,1dcDrMuO_NwysvMIlXd6uM0M3jt6nYGPr
אלי מנדלבאום,1F7gAD0Q8rEYaGMcszG8J4OnKIcYDPMjG
אלי ביער,1NR4eiPIn7aiPEeJ9WgoCXMoDEIs9_J07
איתן קלינמן,1x4e8ym92xwj69nI-OFlKcpoKh09Ki0TU
אילן אטדגי,1mtXRdYt5F47I3rdwUZLorFOEFlHMWhmq
אייל ישראל שטרנליב,1pGcvmz7YWUbeNV3fwh_kiRjhQK8QznXd
איזי,1i8RACM_bfSvWZbNs3X4Sv1Nl8GbZj_eV
אורן צור,1opDO1g1qiAWOg7ZMHYea2ywT5AvDdZiw
אוריאל לוי,1-40IHX7jEFAXREPA-GWHnqR6InPNakXm
אור מויאל,1a5zHAYkmlbLo1y00qeBJRQaQ5yB9bCr-
אוהד משיח,1Yk15oSX0p8ueKvVksS1F0bB9v6kwf5AH
אוהד חתוכה,1CBLU50twXiM82UvfzPmZf-A8cM0I2Kme
אודי טופלברג,1rUeAa_TqRtfTWL0si95bdX8hPcdWQJsN
אהרן שם טוב,1f8dM8itU93iSp0BtssyQF04hgyAA01bk
אהרן דנין,1wu8Um25frbp4oekfQ7SGgTKXa9KPyRAf
אהוד חמו,1gJhx9goBAb786LxTloIgUAjDLiXqjtwV
אהבת ישראל,1oN3exmdY_rl1BESdysHCbFoc397XsoSG
אברומי שפיץ,17rSE_O5USDrHxM77LQfEX1PSWWcFI7h9
אהרן פרוכטר,1KsJeRbUvRDtjQAIA_MOCFXw4dG2KHs8m
אהרן סגל,1NJU6BA6mrJvZZT7IXrr3LnpZ12xCFXkN
אברהם יצחק רוזנצווייג,1Pr2HMP8CAQYonFX40eIG9ySB8Ddjcr4t
אבנר דניאל,111VFBPopP0sTeOEZyildd74gVtt-99Ab
אברהם אריה תורג'מן,1cyQMxEXq_h3-e1c_6y6dht47ihYh-6cr
RJ2,12RXjBhSAJeoZkspybhGo86fzd1lfZlSK
מתתיהו,1hwbFa2aD-V50_5It38YAXasiHQazNGgy
משפחת קלצקו,1W5TjqfSTAjYW9rYtEV6iFadDPsTyYRKE
לני סלומון,11vLKyNUMuAvM_-cvNp1hjCQ0mJvCxrk_
לנזבאום,19CYtDPA5Yb4Wqt65aqdeGo-hdv-cmTym
זאבי קאופמן,16h3WpZ3CUz7_F3uPt0GSX9vzfZezC6nb
ירחמיאל ביגון,1UfI_ZoTMGvBsGS9TmYCV7F_KOHj3_mFH
יצחק שמחה,16Q838FlLDhalR2ECxWrUgTGyFwcbwE2Y
יחיאל שרון,1fH86mjCO0CWatv3IPchZZpi6Cs16f9BO
יוסף ניוקומב,1xUAKKX44U5Ski-YYJYy2Lcn4IS2xowvt
יוסי טויב,13g97khDTmb-VRzase7Rb8pczUtdVFYxM
יונתן היל,1GPQgUISSjMF04OBPsBuse9zInkwGId-O
הלל זכאי,1uj-SsObkjHIcFCKAPwIAC1k1EE5VZ3ym
החברה,1cTOOGY2xJ7Y3xVOMA04JMzLRfLLBC5aY
דני קונסטלר,1qFSLy5_rrc0X3tjTOvvf1uHZeUjMR0Tk
דני פלגון,1AroO3E4dZ2BIblKfVBADYZlRBnsxIhov
דוד יהושע,1ghBOZ0DZHU2936H2R4fm5O9sOot1htfM
דוד גרין,1fBDULLotMXxXYjuhudWDnJ5CRR4l0DCq
דוד גרוס,1beNeTLvfwXCGoqfIV_Dm_Uz0ddsLVqXV
גרשון ורובה,1fLcLwll6S2-gIIpDs2BztY4knpH460pz
שמעיה סילברמן,1WQ36V3JbP4BPqLPYzjxwaEu7dAp1J33x
שמעון קוגל,1WQR0hjFwRuBVjjqp61RaIJ4Wvy40NzSV
שלוק רוק,1V-LxOoj0UJZobbvn0_M2YaD7ljJDYpmo
שירי הלויים,1Sss-j5pINo9cUiRB0QOdQvtXqBvjWAXg
קן ברג'ס,1OQ9iFsFBtz1wMZ0pgOJySk8NeI2LPUKS
פעטערבורג,1FbpsLPs0zzZSbyqQiRm5oDjJ3cutsGtx
עורה,1AsH6BhkjjY8xZdHElsLUxpGtE8rayHR1
עומק הדבר,1Ana3IQbQIE8y5toFdvCgeWzQffyzOvoj
נפתלי בלומנטל,1IMCgt8-Ouwb4Wl9m0excqCGu2sUtrN0r
נחמן ברגמן,1w9piOguMpVHQ7s3o1R7Petqa0dxyoNT3
נוחי קרון,1dnlkAA8Jd2HOnUlfa_Gn6ZqXjovgegDM
גדעון אנה,1h98pQU90eBuUBK0wEp6NcSz3aLYPU6j0
גדליה סלושי,1hAbvkf4Jwl6x0gsTBGahsnkCOrAJat8g
גבריאל כהנא,1gyvMhtH-2rVz-0D57R6BDivNn6Am1MVe
גבי כהן,1gfzPYn6sxNbYNreA32rEoicmfdJn1Xqp
ברוך אביטן,1I1fuZzbFR_VzqaK9g-nsvs25k9I5XJMd
בנימין שרף,1OD9uwDM8TyVeHueRTDl94pSu3We821pO
בנג'ו בילי,1UXsNF9AtL9QjLekcL-Ck2Uubl3JIgrQ7
בי-אונד עדן,1aMqw4PCEFD4MN9_YJRUvGnSCfl5TRnzY
בנצי טאבאק,1afD6EuUCbK1XVrBWhypkf56mt1hPxtOH
אריה קונסטלר,1Wyx3Mu1aIgfxhGCCtCi0JrjYRe2cSkDB
אלכס קלייר,1Am0q1YUnVo3svJZsP78icTSTbf-ivilm
אליהו חייט,16K_DPLfECsO_nqQpw5jFqmUD7tGDADNb
אליהו,1UAIRGjGBuqRhaBCPBwYry6EVzXxudgsq
אלי שוובל,1v-HDhO7iL1GBAuITJJN2cn8HlKk1hfGJ
אלי ביגון,16yKU3CnGOd6ro6_FPtLeSaHiMOGh-Y9D
איצי וולדנר,18oLC_8eCUFSlWFsDujReXvoRuyN3XzDO
אברומי ספיץ,1ZbpV_B2T-AcUhMPd4hT7Auhbl_urvAEW
אהרן מיכאל,1nI268v9GAT0p72krKu_avkrqqFk3Dw3W
אהרן ויין,1ym6vIWzvUx5r7PfaEEs1uaMlI2VwcW_p
אברהם יצחק בוזגלו,1mxvoayoMHFj4ddC60QdRGTjXluiB3w7i
אבי קראוס,1EUm9wy8OphDm3-hqNnvV5a5LJM45k4jJ
אבי קונטנר,1dNzXtlys2kanjqqA-0MJGuHuglW6fbms
אבי פרייר,18Ed0rrjebdjG5vDCR3g42KFnaDjPqGKg
אבי ביר,1aSBum7JFXMWJnyFKbk6lDR4RhyJW6Zu8
סיני מעודה,1W8hetriGeeb8JIcZHswvBZ0UF_86WHwi
הלל - דב הופמן,1fC6FrmiIEDcQWD7FRiOEonXgQpK8dc-H
אברהם וויליג,1nGOmv1eL4qPA0_WA60Q0cG7od0i_jrlw
סינגלים,1eGvhyVxWwxE1orD_FMGANwkDL8OCjwBx
אהרלה ופנחס ברייער,1sPPbwR-rozuGuTudeXIfeKXPiE3rVpIe
שמואל ברונר,1V21ZVZHHf7_z-9dye1OA4PrgnDrCI_uh
שלמה קאליש,1V4_Bs_SjpwK0EdneIebw3g42Ts6LKAcr
מענדי וואלד,1YIz0D660IvAzBejRPsRhZQs5tzMPpkEL
לייבלה השל,1KB-LwLuHhPXXki__mqZSUVED0u7dmOZ3
מאיר גפני,1-juNaRXbbc1i7Pfc7qfRNIfsk0XLhFz5
לחיים גרין,1ytRo0esyFBv-vqI-ydytTj8j7_zfYBOL
אברהם מרדכי שווארץ,1kAvaz6Lk53mmpFgiEQJxQLKtFEQFHOMv
אליעזר אוירבך,1LVYt57jHQFp4bB13xc64b7ReCIiLRrZn
אבי לרנר,1gyQhNP24vwuh3HgrGlj5TbIA2iONDb0J
אבי מן,1RTK9Uo3N3HG6oYrzNqDlYMmnC7o34Fmp
שרולי שטרייכר,1WTS6jHJGOh0ZA0B_eQ_Rpj_TdOiuHCvx
שרולי וייס,1WUEl0DuxQYruXqgB2P87IhmJlWgYBUmA
שרולי גינסברג,1WVGqa4NIrjaisC1x0GUK4k2-Inxpy1la
משפחת פאסטן,183yAhIvpJfmzArB9nSy4pOyLSegf4WJy
משיח אביבי,1i8WIO6zI4d8c-Uv2th3ZBMi5BeCm_ew3
משה רוזנברג,12CLfL92wltCrfCIFo3q6H8n4AowwqMCX
משה קרויס,1mUiYSa08UGKdAqtJXtUcHDIJafHJMXmS
משה מנדלוביץ,1BrCjIhvQTV7wtDIM3W751mLsdI44KKEd
משה כהן,1BBssPhtpp-s-sivxL6AtiTNHOmfBBbuY
משה וינטרוב,1yjDOM2qxyFhj6X_ONc8u9LDf5eVU7Y6H
משה גוטמן,1EBY6C3jEuRPs0EPYOUnCmNdFqZboQCZP
חיים קוזוכוביץ,16-kChtUzs6j6RPEFRSCoGjK_umkFpkOx
חיים מאיר ערפס,1z7Y2ME_TbIQXptJntNWS7qF619ogyYfJ
חיים י. היילפרן,15wBzxyUnASiarYdI3hnBsMGX8rQG0UkH
חיים גרין,1H2bt_-Y7u6uLJqQsuKG5wjsUCu7qKO5q
מיכאל שניצלר,1CZau26-Jaju8hscdaheCVSlZ80271d5v
מזמור הפקות,1xl2uBajd0N5SaWHcBXuzuI9Xx0NeKd0L
מוישי בורגר,1uE90NHPd6hNNW4EBUNRw7B71ASFmn2lj
מוטי מונק,1kNCvbn_RzPouhWeJBkovvn8EFXGKp-z8
מוטי זינגבוים,1z6iBFGne4j8JVD4xJRa7f3VlxS3RFHV1
מוטי ויזל,1B_bqvPcBl4rJcjfuTa7j12SWRkCv3iTj
מוטי גולדמן,1wAqtAMkOsGrM02fNSJyxQ0C-Nmyzu7Wi
מאיר דוד פרקש,18KMBM021SV9ENvUa5aQ9bul-Ew5nxTBG
מאיר גלבר,1chEaXO0XmbCTQ7UrDQY2z0XCOngiLZUq
לייבי ווידער,1lIzG3n_np7pspgc3xxkfu0YFHXEwTPiG
ליונל מזרחי,1iaMEOj56ykyybbRbzLdwHKnsMw9GKIKR
חיים בנט,1mdrsXyg24QYrAZnGiWk8GNiKpsttQ6Q1
חיים בלומפלד,18k1jOESKuyOTiBQoL8X9ouav1ltCaWwM
חבריה,1CUIka9HuFfj-dFz1d7JvwOxKAUrpA2ge
זמר הפקות,1CuCaCfr-VgAgaHesX4NGxS7znMKICvPW
זושא שמעלצר,11CaQiaV9AHm8mwE-Gl-AasHWk7XJASOF
זאבי קראושר,1W9TFY4G0reB1ZhXcy02zz5-jYIgS-icU
וולוול מרנץ,1BTmAuO-d3FF2-Z1249dLws14-oImqgVJ
ישראל פרנס,1AEYWGmC7iM2Kqn21RoaKJ--ZiSGLQfnn
ישראל גינזברג,1TtHWoB0LBdVZegP17StD4CC4ijElhYYk
ישראל בורוכוב,1i03gXdjLMrAYCFLXCJAFGXhnb2oZP2wv
ישראל אזרחי,1vefFtx6NjuxcX8hdAAm3rQhMjoJiVGX6
ישי שלר,1cWd20aAKKjUHZ1evMEFF1aH7nbL1HWbh
ישי ברסלוייר,1sksrmU3APSKDkdhXd00U3hkrVQfE_UJM
ישוב הדעת,11lnW8t9KK_L1EaJePDLI9iIxNozMBSaQ
ירמיה דמן,1sY5IQUqkPTPMhIMguWjHUbCMOWWp-oLo
יצי ספינר,1xmM5HRPQDmJMr1QC_X4w8TuwONqH7jkE
יצחק ריס,1x1eeHANKWa9jRny34uDVkQimTHdqpcXu
יצחק רוזנטל,1HB1N3jFE5zHIPlkvVpn6PDDDJH4KgkPL
יצחק רייס,1gXDtTWgOlboV5twU4frvRAsuvpRYzxzi
יצחק וועבערמאן,1MEmixMBC5tNQ0pdLFC5UrEeMaiHHH2hP
יצחק אונגר,14TtYCBN4huIi9vSzvYvdVeYo1EYKg4rd
יעקב סגל,1Aulnwv9_5aC-80GvkKYRmWZ9LQQWTAJW
יעקב יאנג,1ty-tFZYIhE5heUgC4HKjWVnEvn86An7G
יעקב זינגבוים,1Kzz4P0iKSimOI0g1BC_-VqdOLEJ8S4PT
יענקי דסקל,118c2j8ui4Xd2RJxsz93VKa-myGmQ5BxX
יניב,1KBuZZHr9HmyMNwQFS58UoXTZXxyCB-Pp
ינון צדוק,1if8-irpWTKJWEXWbMrj-IiUlELXJMWVk
יחיאל ליכטיגר,1Ix0-wPXFVO19brlgPBBfDViFLYLV3wvX
יחיאל אריה פליגמן,1X5u8rqBzB7K5eFu6q9STI5emt-F8YGq8
יוסף חיים בלוך,1IbwJzz7p-4LDTMYBzv_5M7EdMb-Q_efL
יוסף זאב בראווער,1JrW-aZYxqWbszYHEQyaTqzi368v6O9uB
יוסי רוזנברג,1hKiPjkSrQ6TOE64Kax1Efl4hasjYFFgX
יוסי רוז,1E1-42x-xvBuFrNkI-mUg6EvZzr_YXrH2
יוסי מאיר,1IuerzH0yA-NTvkL5sTmazxymqgPnRIXy
יוסי ליבוביץ,1UyJ9lyMLbOdNilyCzzoZ_EPQHHcjDuMN
יוסי טויטו,1flrYvr689Pt3rtQsnzdlGOUjq6JWhTfk
יוסי ורסאנו,1znN4J2zB5O74b29mZrcizWq_VULOxBzT
יוסי הופמן,1YfrcomUqNDJDfxTz-Ygqws6L3GTfzxOG
יוסי גיל,1oZCBERjr421SfxedzQW5hWmPOmwEp-E2
יוסי גורביץ,10J6i6tcXoizz2X-4ZJPhtBQwzZTxq8w8
יוסי גולדשטיין,1QYMlq_TzLKG-wyetsJJRFXY5Cwj-QtYF
יוסי ברגר,1JDkU26bL-kiWLJHihQIItbX6Eqe13RJz
יונתן שווארץ,1EvK7mEmGxomjR0deWRHpHcmHKyiI8eEp
יונתן ווייס,1HOQoAPpaBUtKang0o2xlkqZVC4QATP6d
יוני שלמה,1QPE1Q4Q_Tlhui_ptAKz9K5CQqi7uFoSp
יוחי בריסקמן,1tYTWFDz8q7HGjcw1omBTm1eHpo38Gx2A
יומי רוזנבאום,1t_3LGUE9saOliXiAGNOPgf0MiHzKL3Bn
יום טוב ערליך,1vQjZKGbuiBN-ZqwHFeZg3B7mSBGSP0l-
יוהן מיכאל,1_-lYw6dJ1HSSWqoWnhm1IM-ctBJnNRmR
יואלי וייס,1dpHkRhUWDVvNgpBMdpvEXoopS-ZfBKbG
יואל ראטה,1ZonsEpOhcBhx5BTEyco-Ph51GCNK2Ujc
יואל פאלקוויטש,1f-Gx4h0m4vQcVl7n20wZz8taBa745Lvq
יואל דוד,1LjCDNvahBtXmbSwd5_TX8vav8Sf7Ljws
יהושע מנדלוביץ,1dKJ39BOwfSpoQ3B6-Nj2krmYSOP4Ee84
יהושע האנשטטר,1cdbmGfvVsAXNIuGOViMrYxatCvj_JfFR
יהודה צ'יק,1EOJvo9jV6JGUTZXzkzAU_BbpDFo3FrZ_
יהודה פליישמן,1woyMJ-UEaZ929lBAhjfX7OmORkrSp_JR
יהודה וחבריו,1GX7E7W5HXQKjRLLFzcnHRInL7SK8HzRL
יהודה,1DdUKj9mUjVSwKQ2nSA1xqU6_uUnnEqHr
יגאל צליק,1GWjYbIwy-lUWxr0cAN0pgyPM6YzQcGlH
יאיר כלב,1vS4v1AOfRsdZpAXgfbJt2PtLWc77zDPW
הלל פולק,1fK1Oetkaa-HRmERS2Zd6WQ0gaSQPvYiY
הלל מאיר,1K3vWI7Gk-_oXRwYs7kFtr8xfGUVogcD0
האחים שפירא,1SoECWvwoTFAqYDKxaHbOc-zJFFY-MSjh
האחים ברונר,1MpV1eu8dHiNzKb10eKoHuiBBxHhIXoTE
דניאל קדוש,1gmzD07focgcOGleVD36x9EqRVUH2XXuF
דניאל וולדמן,1auWg5zM7k8PXEWNvkmUZLM5awMN8JHeQ
דייויד טויב,1wQkHDfctpslUASfu8grWBMmnrWGvUczl
דודי קנפלר,1T5L1W7BmqM967hTUGGyz6c7nci_OCcMz
דוד שטיין,1YlAT75LhyATFiOBGb62QcNQKbPe3y_wR
דוד פרופיס,1dN-bxPBx28aCeyizw8qinP3PYqX-BhjO
דוד מרגליות,1GlbjkxcOhJ9vMGXSYaAGvCQBHqrpHywR
דוד היל,10LBTC-wpbs82fZ5RKEUEgM3sNk4XFEHp
דוד האניג,1bq23DkqNbgjc9jMq3YkHhO30kheG_g2F
דוד גבאי,1oSwQVePgMUyD5sYFiWDYf9DUwLBaOOx0
דוד ברג,1OFL0gYZYs8sgkls-jrB58dyv6H_jjkx6
דוד בארי,1kvIhMIotE2agxHopE6xGWcirkiXRQ6bM
דוד אולמן,1AyLxbW2eRzd1Sdo9PoTuWdf9P1EYCWbW
דובי מייזלס,1Nd36BTAeOCeAiELUBzCKm01DxKK1anfU
דובי דוד,1fCBiu77AI_w_lCV0gH6cCKDiQgg9UtMm
דב לוין,1A7PxdtEJI2M56hf2KkwcFzlGLQNUtHuN
דב פרקש,1n1DrQMZodkBAdEDggndUt853C4nykGNa
דב הופמאן,1Bgk_nvzPifiN3loXy6268CiWr07qCiVV
דב בער אהרמן,1jUVBJiVUVLMsVlruBpBCuiKExx2l6DE4
גרשון פריישטט,1Q1mdzpbM3OIn0L1ysw-eLXy_B56Ni-_q
גרשי שווארץ,1c6as9zfwj7Emt7Od1JiwVL13PEsg8WFy
גרשי אורי,1gM9Hy41aeFgngBau79MekGDDc7ov5YbZ
ג'פ,16jZ-tVs2KU2uYPP2iRwJ1O-N0zgrYcsg
גלעד פוטולסקי,1LHhvsGQuT2ifbatdcyE5OLG9h6I7E2W4
שרולי גרין,1WUPVz3M441Y21XN4VmbU2QNsallC4d3F
שעיה רובנשטיין,1WWm_tOKpQPc6hu-iaRa_T0qW5XN11G0q
שניאור זלמן לוין,1WO3zGw8-zKhz_azqJ1h_StsUihKRBhAq
שמשון דלקוביץ,1WOuWXu37Uc1O-wbC4HYfXyTgmnyaoBpg
שמעון קרמר,1WQF5I1dcwEdOehD-dj0L-eGFAP3AaVmT
שמעון טובול,1WQrBHJ8BbPL1WBVz8eWI8nAzvEB4OR7G
שמיליק בנדיקט,1WR0y-ag96aXbWzkK6uJ0yQSvRTsW9lLJ
שמילי שטיינמץ,1WErsTCaPndyub-UBdkphby9BZgox0OlH
שמילו רוזנברג,1WGPouao-vT9XY4Q0XvEmJXi5MfPINF6p
שמחה קנטר,1WHHQ7xu0RFxjhitnoIBXrBAZtQvTwcA5
שמחה ובר,1WJ7bwUeAzxka-de3ZZBFyUsZhgK3x9gd
שמוליק קליין,1WJXSodihnwzsHnRZsvWIp84tzWoWGcIu
שמוליק גפנר,1WCChMGdgAnGPtaRxBrgqiRPybjjHppHQ
שמואל הררי,1V15lLsQe6ziQkXirZKrtFAzN06p_jFkI
שמואל ברזיל,1V1ygoPMm1Mj5gh2YzmWAJvBEYGRtWZHn
שמואל ארהנטל,1V3qU9B95vc8P8ThepIgOaqeW0iqtUNkT
שלמה ואיתן כץ,1Uy_k0wUK67hg8No8txL-rEi9pLLxaX3-
שלמה ברונר,1Uzb3L4crsXgl41qBzn_FL8Njmg77ImWk
שלומי קאופמן,1TwrzIs3vQw3oessl6QwbEjgXO_KUkub1
שלומי דקס,1TtTI-o1eX3x7xcb1hmB0wc58m0igFlXr
שלום מורגנשטרן,1TtQkEkhSlJAzZt0cOUFrc9iO2U1mk4cq
שלום ברנהולץ,1Ts8JGpKfYei6GUNpBzIpk5jM2tjv_veL
שימשי ניימן,1SpC09dQEXVJDlPC03FMI0YAj03mRFyqa
שייע רובינשטיין,1SQVIwdgWrGmZMDcR9GpsTDDUujXm17Pl
שי זולטי,1SMKAPFBnQ9eBmpAxH-rSYghO-zqPm4OG
שדי חמד,1QGgxCB-SKl8fBvcTDb4WG8qD1PDt9_uk
רובי בנט,1OQqQkB6bhoeE44gdJjiP74jtI9ydBcJk
ראובן בקר,1OSMsTzKKsdD6Txgebedqzw2tAI_b80gn
קראלע,1OPw0b3EueFNtaMbR9DAQKtCZDqsLL6sg
קול סלוניקה,1Kd3SzV-XvKPAPWRE2Fi3ux4YaAPnVUEF
קובי,1JerA0ztiNxnoB0wsvAGsRuDiStXgy-Eb
קאפי עלנבויגן,1Jf468Se55Trr1wEO3b04GJnmNKmQIOHG
צלי שטרן,1JbIGvybiT4ODB39CTxMrZAF6-QbUEJOA
צבי טוקצינסקי,1IVhJ09s7-om40VLdQBQ_CI2VnGIfgvnJ
צבי זילברברג,1IWH5XHKfVc3L8Ei7E_IfKICVfJhcr3-1
פנחס וולף,1F_6fU-7qqemWE2-ZcUHMblaUg9XkSXxF
פינקי וועבר,1FHI2Wz5VTHot2YfVPRls9eGa2QSYlmK6
פיטסבורג,1Dlzx1uRO29giq3fzM2afCc-sERj_UGPc
עקיבא מרגליות,1DCmY2tbMNzTOlV6k6vwbUQ2mkUhXxf1G
עמית ליאני,1CJJogap99G4RpBuR6buAPnxsVRFCukWT
עוזי בודנר,1Anwd8Xk7tCNuK4bjElifHXbaKDaRlbBx
סיני,14xFBzWM6Ot63URZMNruZzN_ZMA0y5rC2
סוקי ודינג,14r0o0_tRW694v4pG_MbKUOtZCbOqZq3y
סוקי ברי,14rdm5EIfscW9fWCSEoQXjT46zZNjsIgl
סוליד גולד,14s6KTIrSCowTQKvj9codB6sgh7Ie3EIV
נתי ברזילי,1386Mgr25IuOWYUHFvS6XEAd4Rz3yJt-c
נשמהלה,136O1jLIVnTqbc25G-Ass50qYRmqg9Qk5
נפתלי י. מנדלאוויטש,12RUSQk5DLnWRmY2baGmmAgzHIE_xd5WA
נמואל הרוש,1VbJv_fUJT9MG87pEbPf7yxLkzhBjQTRK
ניסן,1C-YKZ1qyRLBd4NWDKxUyFIaq1IpnF99r
ניסים דורך,1idsJqNRiVLaisBz6VK5SVXehRnp8SXTz
נחמן כהן,1o0Y4IHuyqMvJ-9Xo5BJVGMGIi9u8YudC
נחמן בוימל,1i8tUmzLhpUbS5dOYCZK1Dj6sMfdmWjUZ
נחום סטארק,14uyezkVDWycRSrpyxti2tEvO0iOa3NLA
נועם מיכאל,1wV3OjFIzAPaKiye-VN6Q-0mXphS1OUM7
נועם חייט,1l2faiHErtaZQ_98G4-dRygiXPfBlxoY4
נובהרדוק,1HJFVvnwzhGP4U9iG737yaHVAekNdSoRY
משה אילוביץ,1YWdlq6q1aIIT_0gt6pWiEn2-7Y_dHBRv
מרטין דוידסון,1YmFlVlf5WvX1EeGwmzBaWVy0cvZ-f-81
מרדכי פוקס,1ZGGuPtKQuh9hmvYvDpfODXNiDm2a6Ria
מנשה פטמן,1YQ_G9-W4PxD2LGAFNtq5adAh2hWrHVww
מנחם פיליפ,1YWc56EofNv6M3ps0yhReqGaSsBZDEgtM
מנחם מושקוביץ,1X4jN7rIhZvfFRpNNpNcF7RzZfSNIfh0q
מנחם מוסקאוויטש,1X6UHkkoplHAnvQlqQeSYqnuBpeaVsGIE
מנחם לוק,1X6uuZ-p-_MQdTVSEUWyVNy9sCn2JOkTj
מנדי ורדיגר,1hxNYVsgpRsAxSTwAzaa9n_SbJZyGP_u-
מנדי וולד,1h_w0xk41ikPCyWSUpvQPVO7hqcEkfolb
מכון שירת היראה  - נובהרדוק,11WuWQmsn6QLcF5HcH3-f6AgOYnS-Lt3T
מיכאל שטרייכר,1GZRord19nWIj7AHqURew7p_NBL1xA2ER
מיכאל סקופסקי,1GU3QyLNpZks8zMms4vi01GjP4FYcd8Eq
מיכאל סורה,1FU7GRCwil2bZSqse0w5lAiOpVBuP63tk
מיכאל נועם,1FWRpotuRe7bw1SXfNztXWdf81NKlOAQA
מיכאל טברסקי,1FnyILsjRUISd3VB05fWdO7v7ZRw_x8Md
מיכאל אזולאי,1FuJihnTfziBLYVH0_2EhIFr2wtBgEc6a
גדעון לוין,1h7myrgsmUmQeQrrSjtU1M9gX3DSjiKMP
גד פוריזן,1hGTu76IU-eAJaz-BuaCWPHv2GAzD6HIH
גבי שטרנגר,1gdtk02yoKUlFE_HGW6eKQMr9OwvwfsTC
גבי אהרון,1gg1uyGUB7nHn0fujfqtsWFA1qtvzY1NA
ג' ג' הופמאן,1gg25lQ-i4UpanIf2TqahvCzdXDONFdqN
בריו חקשור,1e4nI0u3prdVir36cKKs_H7ykaRftVXT7
ברוך עבוד,1dkSzptAvCx2G8dowIw0yXHuOoNJu6pw4
ברוך נפתלי,1dkm6w_xKCyo_nAhQZnD8esiTHv8_Mi3I
ברוך כהן,1dox9WuQ-3W0LU9DauYft-XRs-jEKbw50
ברוך חייט,1di9N78xU71DQKVs3VA8GviQuydoHvIvM
ברוך ויזל,1dZjNjyX6UGETxF2s6KCGpshzijcrddgC
ברוך אקשטיין,1cnx8nWJ5QkhBSKUniR5_8XJCbr2RAUDo
בצלאל גולד,1I4tPflyCtc978KNeZPSAcudMKYcDKaFG
בערל צוקר,1I4vS_q-HybBHJyrsxtB6m8YLHBV99yE9
בני רבינוביץ,13ZsCF8TWrePjExQ77dCx_t5AZf7SZK72
בני עמר,14oSMiSDpDtQGu3f_JAI_rd9yeU-N80oe
בני קטן,1exrd0UlEh2nrXxQ-FdU8RMutbNi2um_u
בני הרבנים,1wHctTjLtWjeQ2efw0seyf2iDfUiqb74V
בן ציון סלומון ובניו,1EfM5VBwtDTHHLww0Z7euu82a1J3MI7xv
בן ציון ברכר,1b-1p8PHtCgvrq6Q_myh-JpNkuHgOIkKh
בוכי גליק,1J0XEmMcgHZP8Uz1B2SFhtoclXpkdBakZ
אשר ברדה,10Cevp5Vn3WUGIXnVEoEqOtoxTLA5mQrl
אשר שארף ובניו,1E7ckW3vcClaoe0gs9PHaQi9nQemGkMTn
אשר קרמר,1eSFi-i8We5gp9sh3mSJO-2zcm6ephAA2
אריק דביר,1bM1NyLWae6Q_hadCJ1_cE4VvGZs3aG-W
אריה קרלינסקי,1ewl0Jo2EiQha3hQQkD1ZmdqdNCGGKuse
אריה ברונר,1lXqs4aEF0i_GwQowwutD-ekCj9rVNmEf
ארי קליין,1W6PmTRGYv5QepLwEOwGzaQFnjxgjJY8R
ארי גולד,1_H_A94kvYXz1vnQPJ2KeLcRxnhYY0G-N
אריה ברגר,1rGbPEK-h_C0fizUqx9CptEi0s9TY-L91
אפרים מרקוביץ,1j8IFwZYGaDGM3r_8-Vc2eprXZYeIGPuZ
אנשי עקשטיין,1KM4iPlKXMNaXIp9LbfawmRW3DnasCuTp
אנדי פרידמן,1DbxXcpcYGrAH3ABlhHwZGOcQucXL91AM
אלעזר פרץ,1in3VPil8vrj7ioB5LmNTZnfpQoSUJvCI
אלעזר ולדמן,1btnCQKb6HZQNaD89203Np-K-7OOagf-J
אלעזר אסתרון,1JE07gqWIHIxmNGffkt4QqW0v7Fx9Cmyt
אליקים ביננשטוק,1o2uM2XE4x90BGi0fbPi3_fVtWtuBW4GT
אליעזר קאליש,1tClj1pEwOdNf1CP5_KhANlC-rtS7_Fro
אליעזר מרדכי שווארץ,1wQqCrHW1qeUMPmsqle-nEFJBexi5yig2
אליסף חפץ,1Og8LmygEUuv_xnEJTNxQA9WSITpsQliG
אליהו שטיין,13shREdoCYKc2BmD8mDxEH8_DrMqOse3H
אלימלך זינגער,1zfjgJE0fVijwLcgLIwCLdiFLcePOuJmc
אלי שוובר,1qo5lC32vCipbuEaXMbipIZXT9bnQpC-z
אלי מילר,1IRZXvkLQHi0r6kbgXKK_jXQXJOE6eC9e
אלי ליפסקר,1Z49NXgHf6-WD9mA88ZhIqcrwYPWFQ2sk
אלי לאופר,1TzE8OhEgvrld83jDuXBlW6V8z6C_peEb
אלי כהן,13imcKxdPomk-9aZUxWeDih0EVDBKRQkd
אלי וייס,1u8_TorocsevqQyVZG_lvR6QEsSG5Nvum
אלי גרשטנר,1BnNFhgzIT2vjZvjvIrBXwpIluXeRTnJ_
אלחנן ענבל,1Jovoih0t9NMjFGO4HalcksJS0OhQMPKj
אלי אטיאס,1RK6dxbzrBBU9LcDW9lA4yfQph72HKn0T
איתן לאופר,1ndx1Z5aC40h4NEr1tv-eyie5AIogRE8Z
איתמר שטיין,10FAJDAGP8fAo6YMq9z8CE3kRz4RKGsic
איתן כהן,1G_Rg2LYrKDUm3D47v7msAE6nOG5ez__8
איתמר ארגעל,19VPajJBm7thwHXg8dR9et36Q5JL7sycz
איצי שווארץ,1h4so7AgyMM4Vyj6d3lJVVqNW_gEMCl3N
איצי קליין,1xYkpZfo2pIZl1SolsnWA3_L6RhC3RQ0x
איצי קופולוביץ,1N8XiVSpbb80BZmfXSdy70tPyol_bzQxH
איצי ספינר,1yhOhdmjYykzFJS4-b-AiN_tDwRNuO7wZ
אחיה רובין,1S1-y9UAlidv9CMgVXzSvgMgl1IqOHOf-
אחיה אשר כהן,1rsUjPP2OuflD9xg096erXy8Z-f-wPjaV
אורי הלר,1EgzTzFh9lVCnw_QdPDnJH-o6thVwF5fF
אוהד בר לוי,12bg6sLfL5uvgNUIBqOoUvTuV9RzfZgn8
אלי קליין,1Nyau2cf1yI_pWacti20WhwixITp5eM47
אהרן דויטש,1stCkGoJdyb4gyvLYRL3CboNt8xECMbFC
אברימי לונגר,18Zd5VBHRkyR79R8QD6K-kE8EwTNxZQk1
אברימי שטראוס,1Pb2eqpec4K26wvqLJAHICm03dW8GZjA6
אברימי גולדשטיין,16bArIJIdDQVlVUTFcZ6y-1v_6ohs6kWG
אברומי פלאם,1KSMAdroOo-upoJ4agK2avytlS0ugDhXy
אהרן שלמה כץ,1CZRhEE46GfLNKgbjIiJfhjh7z-wwHkSZ
אהרן יוסף שפילמאן,13Z75bTLxVL9E6EE03_VgA8qA71iIaYvY
אהרן מיללער ובניו,1zt7jKuzaDhjRYpsReZNDC_zOZnTQikmQ
אברהם סאמעט,1K8Ddfs0BDHZjg_8E5rdtY3T81Fq3PLY4
אברהם משה ברדוגו,1syYBO28Ap21A4wWPacsqyJSFp29KdYGa
אברהם דוד,1liZml9pJkixND8AJBVBtjZu1JpFrNqWT
אביחי דרף,1lho6rD05Y8XLOWsdrMCOMQP1scXVHYrn
אביגדור רוט,1GBYgVjacuOUFH2Qw9AzpVkfy7OHUTRmx
אבי זוהר,1VDz5Bar51DaOQ0rYRIvntwa--udIq3pk
אבי ברק,1N42wPTH40Dwcd8ZEMyJmwXikbx_Hilwj
שמוליק,1QYWNRPyqtyyMP9RlV6Zgo2_iDc25uU-j
מתניה שבתאי,1SXqBQ2wyjiwX7RnCrZ1AN910_UKPJJ_g
ישי שין,1vMe3En8QUEMB_Sx7ODNWnuw0ESpO-kFn
בני אלבז,1v-Fgh9AlodCNyyD30Z5SqlFv2SrWCSYr
ביטדוס,17EeOjOqJ4M22L1raSDKfJdomh3tEV0k2
אבי פדולינסקי,17DFFeNyhLKpQ8vQIhoq6k5WKUp43OGmK
סנדי שמואלי,1CC82R3U5UWeNK_6-pO_PmRA4cGHVQhqN
אריק איינשטיין,1nkYevzqfR2i7pZuvF_PyqC9oEkgo-BCi
ארי הרמן,1HQWo1YFeALuKSXdFXSs3a5tlDOI68e3f
ארי בן-ים,1Dt8pQv6f4bPUcM0n_bJ4WLiA4chOOPxg
אפרים דוד,1eiOGuh7N8xXTuGnlwYUesWGvOeK0a8b-
אסף שפר,19EIljJcdZ2tw3sN98irE6TzyGLqTfR69
אסף שלום ליבוביץ,1paeNj0yNb_d8cLZOOpwzixNS0Gi3d19k
אסף הרוש,18H1U-GgD9e1Co7Yk6ZFNRQargak0mtBo
אמיתי צדוק,1K4znt7_Lk9hjV3wXddMAenjL2kXjDs8Y
אלעד כהן,1gkJ71t-3pUl3cRB6Wdff42z8yZo7GYIR
אלישיב כהן,14QwmDCYSJVRx5w_QDHFzaTIePVaQIw_P
אליעד ספיר,1GQxmk8A-CLWaPzrcb8zyaHG-d3ULBCy8
אליעד נחום,1RvOp_7ul1__go9ds9Rvf0uNvcdkVvfoG
אליעד אליהו,1XqnkIiLECUBmoPdEKEOaaq-QuC7ZYanj
אלימלך כהן,1QAcrCEMajxmJfljAnrN6w2K8Ao4dhads
אליה גבאי,18IYG_R_6_HrqwkTdLcR_CY5Mky1MmYBM
אלי סלומון,1AW3misSSwfih8MPWXW2cD5NfSTpL4ZVC
אלי דן,1pLxIgT2msVXnyjJ1JqX9_79D-y2EXCik
מירי ישראלי (מלחינה),11rhXz4w4qS6gWe64LH04_D1mUGIDUkLl
אמיר דדון,19UfqcHAe7Il8Zfr8tVELu-U9UW1Y9_Gp
אלי בן ארי,1w7qLIIzc5z_6X2vq6JSauVNiIunne_Df
אלחי,18yRGMBMWb4CJfA5P2rJBmU8N_LsYa0eX
איציק קלה,1j3kzJ_X0IlzxdVSNQvdPdzSrxAJVBOrM
איציק ליפסקר,1mbbHDf9m6ELzSDT_iT9xxism966Vcp5r
איציק כהן,17tb2yC61CeJU2KQrgUFjL-NKfkqrCulQ
איציק וינגרטן,1vVkcCi42Hm_burIzZHTGz1ZMy9GaH8Gp
איציק אורלב,1lWANys-jZytp3ORsS8fmbuUeYF8iNhrn
אילן דמרי,1jmLhKZR3LA3VLsEIdJHz-Q-z6PbxaeXi
איל טהר,1CF0_LuYqV_ovRlDq4_TPCJ6ddbWTrRdm
אייל עובד,1yWvRsRnZPoBvg6BzWJ9gtexNJKJGA-op
אייל כהן,1f6ONwCOclS5-uyK3ohzkLtxvoJrwsrqi
אייל דביר,1EvGsjcMUnZWkUABXQ_BunBQxlnl2v5tt
אורן ברג,1FBwB2VzKmDMVZ1_sbxwdmnRqk_FIgUTZ
אורן ארנון,1nzM6ea4xKMEg9NUw_wa80zFvyktc_Y0g
אוריאל מאור,10mufKCt1NdFPcXfhDV7P58TVdqes340_
אורי פרג'ון,14u-yOhVJ8FoYzfhAIB5TpfEhGjvgdzDh
אורי אליאב,1JPyTnLSgkCBZFtAWQ2NWGhuB3GlH97Un
אוצר,1erjU0Wg8IiGSXdHabPkhAl-GsxzZ1BlR
אופיר בן אהרון,1GMnyrE2aV3ANFGWb42-AGQ1j-pxFfU8q
אוהד כהן,1THbSPnOqc7v3jazVSelsaZ44Sx3-JHAV
אהרן סיטבון,14veeWiCryVrAsfMs0x015GLXABendwJ6
אהוד בנאי,1E58u5teO8IXjmlKFQEpWX5RY5WCMkZFS
אברומי וינברג,1Gf0TEg3hLL9a-ZL0yK-qUWvR7PfJZgcj
אברהם טל,1E010t4h_SeN5xRwEHWGTx8ywGd0UsHVo
אבישי בדין,1_1NAUWEEsoWUrXV63Bt_crnlGys3Ff3i
אביחי נזרי,1EIEg2DlrMxTsgkiJ6LktTvq_oUDNy2Pi
אביגדור גביש,1GXElpaRV0uazLbiqK2Kd9AQiTlYsHPfx
מתי שריקי,1-TgTLNKQbvshTLZ3HjIS0-4iwv_ymJ6o
משפחת ואך,1L1SLvJKf6jRCDpxUECItUEGX63e4bn-w
משה טישלער,1SqM55gep4s__JIi-kKgsRSNQHTJ7guvN
חיים גולד,1qDXhP2Ghx0y2kioasuoZUOHqStIY2rQW
מאיר גרין,1-92dpI1pfAnuortTZkTX87QF1B7rWfC4
מאיר בנאי,1nSWffTzrROh3hS_Afa8czvlNACj_nG09
ישראל זינגר,17jT-TlJJLrC1JCSG1ktQxKEhHBfE_2iY
יצחק שדהו,1QVvCJ58Sekve_LNO29eBgShA-X-U8JEV
יצחק מאיר,13qRy6MlIQqmBGeQhUj22o_67f79O42Vj
יוסף נטיב,1y2lJqkbQcB_bHYC8BSZ0R64gtjadZ6OC
יונתן שטרן,10A5wNIoFaGErPtYWu_XU_XAwNOiucHPB
יוני גנוט,1b7_dOZsnjyc1Q9XNTJ4RcK8u8wFPn1PX
יוחאי בן אבי,1z3LM93ugTmgJPa6-ws7LNRaVJyVHBuO2
יהושע אנגלמן,1RMdcnqobJcBv3Mbzk0kLpkRiAVuvYpOQ
יהורם גאון,1m25O8fM32O5eKDprzPKWyBp63aHa4gcm
ידן כהן,1_y-96Jh6up7ONy4cpizItPKjCc4RAoFh
ידידיה חייט,159hOwKhv_BuirmCS8kEMGcvKbqzjNI8S
האחים אזולאי,1MnGB1ab-2mySgPw5qy87-Qx7jDc19nG_
דוד שפירא,1tFeT5MeuG2QhFhSQ4E5jbYgNmSpIhuYj
דוד דאור,1-4dTf0FKKWn27WR2yN4FU0NzqbVfbjPh
דב אינדיג,1ALgPsq4j1CC5-5k0I8aYdMdwaEcqcWFG
גלעד בראונשטיין,1qe0dB0r43CsToAKjRHq2JzMdWzSs9GoC
הראל מויאל,1kjW-EMDzGWuVtjeHb8OPQ_YPnNezj1Uk
הראל סקעת,1tb5DiFe1hWSxvJtYjt-kDOyzX24UUsBG
תומר חתוכה,1ZsjNOYEC5w1eX-rBJHIg5FDMRWWVn7TC
שמואל יונה,1V0zb5YyYr2Bav8kma3vGGjOSdPiDcm1x
שלמה זוהר,1UyAb8HAPDpiU3Dz45cbUHajvBxn7WtU0
שלומי שבת,1TwBqx_RuOVZp4aTQtDDHVYMNDy1LFTum
שוהם שמחי,1QK4E31uBSs3YYQ469YmLcUsecvnkT9KZ
רפאל מלול,1QD_ToL07TM9XQd9y4dWZ88lgIAcqSXu-
רועי ידיד,1Q9mIVRkXcrb9odBPoomgcL2Issab0n-D
צמד רעים,1Je17VwxZhqygqpm2SVY5HoZtkjx3SlX_
עמרם אדר,1D72rdESWd0vaJOttAzjsib6ELjh8jtfm
עמיר בניון,1CK-4cG7XB_uR8JBJpnQl2_bkB8xVkTy2
עופר הלוי,1AtMCaR61ECvzjR4ZObMgSTz7pWmDhNM0
עומר אדם,1AnCBuDFCDUnvWVh4tyyK4HCjqrix5gr-
עובדיה חממה,1AoxKkhRfcIFOGxH-Sp21WQkg5eLUHVcg
עדן חסון,19mDLfnosYvzH2zWn5bJO1zXsQKfJZtqd
סיני תור,14wsHTJ7lJhpvUNzeldpHrICFQerPef6E
סיני אביאל,14xAcqxSVUPArzSY5TqpY829Si5pumrTd
נתנאל ישראל,13jM3jtNATbjcAT59LI0R7ZCSUuywArep
נתן גושן,138BrJTL1MYsrRBRkTsyJvLbcfeud-DFx
נפתלי אברמסון,1xHUApfVJP09jq9lQfvTdvWKdTzPY3GWc
נוי לביא,1F97q8FJ_ZpmFxdT2W17-hFVhIwnWeBoo
נהוראי אריאלי,1VTMcc_eJRRs-QD7bYVXfCPsgprd0MYm_
מרדכי רוט,1ZCMRhcyCSo-xMDYZdbt9vtMH5dsHt6E_
מישקין אייזנטל,1q9brc3aEuq1GDfVUHNZlZC3FascP2ZgQ
גיל ישראלוב,1I9gOYqDhS1mfUaan3dLH4ZYhtr4FsvN6
גידי דבוש,1aDTaQsXiQqANCdYKbmxSwcsYfKnH2jv6
גדעון בר,1h8HOYBlUor8TSbmTq2AWj3V85lGvWzTQ
גדי פייגולד,1hC1ZhzGunUBrzJJo6nAzZsYrmifcJEVq
ברק קרמר,1gh8UG7q4ib7mNHWNj-zT0ru8POhQ5Zqp
בנימין פייל,1WXHX9Xw8v8PSpexRiuDWI9XGphdi_C0O
בנימין כהן,1nWdVr3xf-M3YA7yO_4DXOB62Ze4uSE6e
בניה ברבי,10zfxoMRSHepX5KCWB1zR_2rDS7qheKUt
בנגי רפאל,1j-trKDTa2It3NRFjRZmOQ5g6p9ZG0hUM
בן ציון בורובסקי,1OEn-zx2Hrimh8T4YhroOxc9KRDlZu4Xq
סינגלים,1LCVbrSC5WOQ8TzPINgLZAyn-BfKVWlhg
לירון דקל,1CcgimbchvKqLoYkMQe_5MWJZXd_TOP5f
ישראל צוברי,1dy8Pee2FhazAb3deP4Ft7U0C2vI7IAX-
מאור אשואל,1JAje-_fIDlQPIlkvo7F5tS_syY61SrE7
מאור אדרי,1003UH2ZS4nsz5H56gBSjhocODzI0Fbm5
מאיר חג'בי,14CCwG0LIxBOpJfFaW2MWs2Tma6e9Yr_I
ליאור פרחי,1GEeybY3tir8mqiz6wbzKWqrAQh6en7Fi
כפיר ואריה פרטוש,1URm289KvqeCPU-L8Z5GfHTncZ5xyZOMI
אופיר אלבז,1LkNLOmkWBjNsnpWnMIf4jrjrz5SevWLS
אבי פרץ,1invWBNLjjjAH7vEETxXMxZ6kXWuaxEML
אריה דרעי,1_pFDiD-xC3UGIR-oxgJCnyEYXMqkkg4B
אביחי צנעני,1rxHieSGkowurjTIZwU46CqW6BkQkB5bP
אברהם דהאן,1SBWapDkdNqhclEnHKvuF2GjpN2APsJby
אברהם אבוטבול,109r8YVWLBVs_1IvzOti_ONRYuUlAUfkp
אביתר צדוק,1FHld_aHtDHecsQTETZfd6W5vctepKAuA
אבירם שוקרון,1qlj-rAlH2sggCVEV7kJGn6-EzQ4_jGUP
אביחי חדד,13tNDQY065BQWbRYIPZou4Bhx-vO9RVMd
אביחי חגג,1UyMQTOKTZNHXl_ecrZYKI7a9x-27b8t8
אבי בניון,1EUrGgxnwqyWDtfv581n9Ajt8P640dlR-
אבי בן ישראל,1RWxpP5p2ylN4y-zY3Vq-WPrlF0mnixYa
משה ערוסי,1wWBuebPs5WJ0vcugr27jbysYEb0FmPpQ
משה לוק,1QGz8lwl3UCMOqWF919ZFlYVDi3l2F-CJ
משה כהן ספרדי,19CUkHHHnBJ1rD1MkzGT3eVwhqcA6xkyi
משה חבושה,10AEOUOlKVnWvwL4-1_dBvDLsFCdgmNkt
משה ויצמן,16_UGWAPO1zB6JED-iJyNSK9-wazvEfT6
משה דוויק,1hmlNeKox5pm9eQKHJHawVeY8StSA41Qw
משה גיאת,1lWh6zx5q8U81qv4DEUd8Ex3do-DlUiZa
משה גברא,1WVqO4iE1NwI51BaXlj_d33rL8_wyPXHg
משה בן מור,10k0znyNPYVCjdOZK0pdPRYqdLvc_K8KA
חיים רביבו,1VpeCZA_pxnu76xPS1jFCWVxPFfJU7ONR
חיים ג'רבי,15umTFD0SQPWgwX3qgxLlFoqv7tiMK5OW
חיים דבש,1CU7ZeZHfSY8fNVURZvA3e54tJtOYGFEp
חיים בר,1ZFwuDk4fUoK6m54vHqm-vfFsTTYKkUbx
ליאור  גריידי,11sw5SXOHnmXJ1fI3o3Wae_pJFAGtm4-J
זכריה מקייטן,1V7-qgCwp6oPWbJUFrIET6_wGkKg-TKTJ
ישראל אדרי,11QLw_8aHJG2pff-g-_olB1ho6XMh6pQh
ישי מעודה,1ENZ9IuEnJCbyQfhQV7L-Q9M5J5JJELVV
ישי לוי,1KeDUi2UYS-5r9uIy5OyIFB7NeWUIiqFe
ישי אביבי,1vY0VyyPSMZUd5x-aTlhXNYTwzqNPQ1mZ
יניב מדר,134ymI3QTwnGtT9l1EMeMa8bKDuBZ3nhi
יניב בן משיח,1lubZ9YU0nF3Jw3Z9bjmAyzVHJggUNTKj
יחיאל נהרי,1EluzmkGY5o4-5emtLm4QOMinWmmdQGBq
יחיאל נחום,1wDlRZpVKPANPOFchJAkxKDoqqYaJM8ah
יחזקאל ציון,1pRAAijCq0VPRTuCjEvRV3lDIoKBAKqNR
יורם צוברי,1bVnbBP1uiRqmcJpd-4-pMkcyWH5OjmxX
יוסף מזרחי,1YB-tF3WBfOVXpbry4RKdUXnuHQWvsCs-
יוסי ניאזוב,1Ph5s8LSEzWkBWYjoMq-eJF4nlgA6Tmxs
יוסי ברדא,1VEIpk54Kir8bPC0StMbGhgTOI6JC8X3G
יוסי אזולאי,1clWbQOlPQqQNvqUuQplHx9MsNkjT0-NJ
יובל טייב,1RD3LZxPaZEfluWBlmKGDxRjUFJcPJuLh
יהודה שובל,1bs9PNjjcEqBQq0wPNtWzeVUOSbkjsMnx
יהודה זיתון,1-hychZgbqsAKUqY-jpxOSKsdiGfOrkbE
יאיר דוד,111P4Rx8j-wscEtAGRuVKSB_WRARr8PhE
יאיר גדסי,19Bs_A04d0Pe4bIfvM2FBqiTEGvrivRI6
הפרויקט של רביבו,1Ihwqer9DbwElbwM2Jr6iTnzBHYwL0Bch
הינדיק הפקות,1nf2q_P60DxDDcVBkat8V6VxYOTvS4p9K
האחים ראובני הפקות,1aeGRkmk1qdddS1ADSqT206jhJ0dAl0F-
דקלון,123yV-hUISPWxVVyaIt2saNPlpq6ekFIo
דודו אהרון,1QSRyhr2qMuxhPIh97uYaBvNOm_bmdv3L
דודו דרעי,1yRr5fQsN97RI14wonVbExpAvFDu2UAS9
דוד שירו,18F1bJPBTCo4qWe9_kYOtRv9hoqqWqs65
דוד ריימונד,1VgFvVen6bYnRw0dh6Xhdyn6IHW1nJV8U
דוד יצחק,1Efxouj7IO17E1_w_TrC_I4LFX5wog3Zm
דוד חפצדי,1ZRpXOSy45zxjmHwqoRqZJmgVzo3rlsjj
דוד בן ישי,1Q0bzqX37pR-TRhFVUkf3v7P4StT0uTLS
דוד אצרף,1Q7EA0CZ5xfD8pzMsb912PU4i2u2lYQg3
גקי אלקים,1EGzg6UWn2yY45w2XiwO9oQeMQPTgtZ-z
ג'קי אליהו,1HeSiRlKfym4iCMZUC6lz_JaDwRtme56C
גל חייק,1CbDcQveLLaQyuT45-asjKYfjevZgC9X8
גל אורן,1FB_jLipXuUszimNVo-FqViFTMdND9ZZD
גיל רבי,1_TcJmz08nR0TT1slEnWMbbi6ur8EQHjB
שמעון משעלי,1WQWdTgCD2R2QDy9lT1aTZBi7XJfhh20w
שמואל מלאכי,1V-uu35o1syx4mqPWtjYvpguJ5M5G0ySr
שמואל בוקרה,1V3OYX_ZPleJ0WrakFLfTTH1EDeYBIUrZ
רפאל חכמון,1QDf3HCYZ9n9StyGCo6bWId4cOLihm-PE
רמי דנוך,1QASvFt2mRO9eovWLVhZ4MMd57CGcxcG_
רועי עטיה,1Q9XsAHv7lmCmoZC2UdodUmvNQvz8KkLv
רוני בוסי,1Q7D3st0-y_RLrChF6OX55mK8yN7lvRvp
ציון גולן,1J_jem3BPkDMBLYoNXKQoqwRIZ40ruhzJ
עמי שמעוני וחברים,1CAsfeO3E45FISjEvJB8PKBg3iw3WFidH
עמי מימון,1CB_KwoCuH86IuQMXTfFI146GxJ7dSR9r
עופר לוי,1AsNr8qcOrGvkN-Y2C4ky1GcJ4Q-8lNq_
סגיב כהן,14tmz1tkzgvKP_dm-RHUMsLpbpKUNGxEJ
מרדכי מושיא,1ZI7gzc1zRmPYyM0it8TFGAbksWpRpCto
מנחם דנינו,1FfCjbeC8GVQ7J7PTlVlOWilhkxPYCGTO
מיכאל סיאני,1GVQ6FJRIInHZROikQh9DpAm9LirqMi-z
גולן יונתן,1vUeF-GUz6CUN3hfzzgYBrY9tCJiQaZil
גדעון פריזנט,1vRKa2K0wSWVrsHjTP92S8r74Zq-r16B4
ג'וש,1Y7vRWKPcu-l0D_V5RNziNfa9hfin9z9f
ג'ורג' בר,1-ChY3MEy1bveDTYpg8EUkkl8gwpgTeqq
ג'ו עמר,1vOsKxHtV9ZYS2Xg5J3zkjTdHChLTH-bZ
ברק כהן,1ghn2fLxv2-Z_KuFgUqCNqb5j3PCkW6Bd
בנימין ישראל,15EYuhA8bks8kT3PgXhZYoQNCAEA1CQvv
בנימין יפת,1G23R6JpFc-1OI9aVMAKtu53nh86jSBKk
בני מזרחי,14KEhTPNNh4FM1_iA7A-94_WHPvyTCa_A
בועז גדקה,1glJBLfD1kXb7LLiIVdQZLzfteMuE7CzF
בהרוז אהרוני,15LDodkDrYgmGtDTGxItMwj3MjJG9_J4W
ארמונד סוסנה,12piBGX2cMNCRcNwQ3n8znDFPsXQbDGc4
אריין טירי,1zaEpO2gYm8_dqrArsYUCcf53NKJOxaxl
אריאל כהן,1D5Id7m4qEYIckWfWofssQR8QZjhd53Lk
ארז יחיאל,1evYS3AjBEHg1Xcbk3RnRqDyN8MLrhr8h
אסף לוי,1ZgUdZJMqK2-QNk1JMzOiBb2dQtOwQ4yu
אסף משיח,1Klf0RbNr1z3YvWoGCm0UW1HRdGbSBpFE
אמיר אליהו,1w-gDhFWBYXEhJ94ykK1Du9AyRxzKyAqZ
אמיל זריהן,1A35c738WhZ3kNWyV-8VR_Y-vkv8lhrLm
אלקנה מרציאנו,1yRSdlEF9A2UdHSR_CnPXDMr1xtTuzKZz
אלעד שער,188QsQ29dwm--j_kYgUupL1nrDkC1ZrWu
אלעד גפרי,1S_KBsOzepDKn7weJp3dC-vHoiKhUAfpz
אלירן D,17Y601bEPQRHJhVm3od4hAcPbn7CL2vqy
אלנתן אברג'ל,1BSbye0iZ0Za_lypRAvkoNPcpR5WI1nmh
אלעד גבאי,1NPPb95F1BDdk-lNdvi2YOgCIPrM2AgRu
אליהו בוזגלו,16HIJbzann2H6_9cwpG6TJm9wLYR8SN_g
אליה ביתן,1ONirbUUMsQb1fXr7TdFZsQawrSrGdCT1
אליקם בוטה,1YAbmDXqRjT6aCdeOk1K6JeaMv3Rtcj7I
אליה והב,1cB0BSfJ_HtyEmZZKrpdd2KDb6adBbZD8
אלי בן הרוש,1vnB0cANEWK4sCAyglD0HRS9lfXNuoBls
איתן רבני,14N4Zr1agytAsZ7pymha1QE4IXwhkDxPx
איתי עמרן,1XiNncgOH4O0FrNV2K4exNXLEEE7ue_jh
אילן כהן צדק,10O_8dAKB61ZQQbgmSYwtv226r8bYvl_5
אייל עמרם,1yiwYZnzFEvIQvJWy3YBqLWiyPv-mk3ss
אייל ימין,1W9Se1AgmJJd_-57hoLq7rcfoJ6Mo0TRp
אחיעד חודפי,1gd7RrbvwLX4G3d8KdkXJXJMbwTLzJdWn
אושרי טויטו,13xA4zW4Ld6GvKMtW9u3Jd8gjCp-ozZyo
אורן תורג'מן,1WQXJvM9PYoKslXu7FL_1CV8w9tq1EteS
אורן דוד,1S9MWp1wWn27xyFFZlY0_V0v951zLJcgv
אורי שבח,114hkQ10X1AKQn97BFmgtYkc6bi0l6BGL
אוריאל אלבליה,1I-ygJZPVE9iGwg8tBtGLj6iJclJ6bdyh
אורי זר,1a5OQR5LJged8mWIhPCGVTNk_Ar_7YFOm
אופיר סלומון,1HPpfmTK36Qzsl0dVJF_U3hGQdV3V__E1
אוהד עוזרי,1f2PW6aLhrCOaYwVuplowLl5XRA3AcWmj
אהרן אהרוני,1qOsycqqtTt6mzJ1wnS-Xe9LZ6D1xbvMe
אדיר גץ,1bdDRf_BqVqYkEJLJYOH8bauYBIHVvpxb
אהרן עמרם,17GFRRApubiuELV539PoxaaTH1pB-5gWl
אבישי לוי,15uAnxHDIwTRucXKN6trjrJyqySnisXgN
אבירן אהרון,1Z5PPEL1ZZH75CKtQyd_XY1_gji8bR6o_
אביעד גיל,1UYwAHED9ZrTfQEW5F_Fydjey0McHOXIp
אביב צורף,1PMnd1f2sckAsZP5JGf6mPHIeJaYg70PT
אבי לנקרי,1GrOnZUvKfTnf7a4bWUwX0prBctILmH7L
אבי חן,10XwfzgEs2cz5XE17-vltN0JHmZnB9p_W
אבי בבאי,1iKJBUupmAXTVn5BKi-P6nmV9zsXVDKb-
אבי צליח,1tlvhsAgxL7JIdLdxLFbRiBJxVB7j-sQ-
יוני אליאב,1NZ2UEnt8vJrTScqJzM3Rts5MSIo2e1dU
רפאל (רומן) קונסמן,1QGN6mNTpG8-EkmWBE3H-kKZ3RvysrA9g
אוסף ניגונים,1USfJmwqOdPeZCejzTyrN9Vj9ri1U4t4P
חנן בר סלע,1RGFvgGtm6OiDPvwN3p2icvo5XeEYv_DK
חן אורקסטרה,1IhiLSKRwbD2u541akEub8gN2p1FwR6aT
מחרוזות וצלצולים,1IQHbS5qqFpF3ZSefKlP3JG0p2iqfVxSc
צלצולים לפלאפון,1HpCM-Wl4Ur9B4dIrkJ3wZ4B_nQCPmx_E
מוסא ברלין,1vUkFFOdJ-HujX3QJnv9npUCBbTm_UvQA
לייבדיק,1ZwFKvjRi1QUIt19xxsyLeqmOP0re2SAP
זלמן גולדשטיין,1kycah3yBPK_3oZUXfCzccdvjaXwsMzaH
זאב וינדיש,1xMKC-WWUtqP5FJLGZhTUT-QRbZ5jCvP2
ווברמן,1eLkfSQB07zVBmrf4ozFXpHx14a_-4wUT
ישראל לאם,1CFhdaz3Oczk3HWm7BeF_H6MJBkWtEMG6
ירמיהו,1mirEgeJBvMLb7ecbGe9g2S7rqoSgbuVr
ירון גרשובסקי,19Bmrw-YsBSsSwByGLTRlZQE6LKJ4SOrW
יעקב אבני,1lQH7C81Q8mDuv2hfeBYsGNuF5PYJZ6ND
יוסף גוטמן לוויט,1e899cQK2nF0_1mRzNm-zGaw5qFY-7Z-F
יוסי דיין,1wOcIMzCMUs-ZkiekwRnGjOFf7BFhLd63
הפי בייבי,1xilpccJw9qHV0pQWrnoFPayMZoHl4Z_0
הזמן לרקוד,1z-_MjNko7p4wDPFxcFKxH232DeU2KUn1
הגדולים של הכליזמר,1f2z_Tg0TPA0_aKlCFj0EDKWNwLTDi3Me
דניאל זמיר,1P_t7OSlbgTPimfkXWOxdnxatWrCxJSOb
דניאל אהביאל,1Vq1UJcYjKvwwYhW_W_MeTPakkFJ-Pm49
דני אבידני,1JJl0z94FeDwcLD-huch1fTtwLVb6sxD2
דן גידסון,1JHOZMAvjqUmeAYWP_Jq5I8rUmhBtMF6F
דוידי נחשון,1THQcM1nunEJnLYEXRW3E5JF1rZ_oyzGv
דור אסרף,1eWgM1tthur5s9WH_sl_o5dOjWVSHNK84
דוד קליגר,1FKWNZQldy-mbul7E89lgnhNsUZltykPw
דוד הלר,1El_-WA94XaIQwB5CCYje0Ykb2oCFVEUJ
דוד בלמס,1tHimdgRFf8YKmlf2ti51ed129TX_-x7F
דוד אסרף,153M2gqxcksVz2qcFNExcGK0OhdwW8L4T
דב טאראס,1SxO6QV673_RtRR6F1VGcc_XaiKR88oyn
גרשון לב,1Gz_p_wsJYyVvace5X6uW9ngAVd4MkH_I
ג'ף הורביץ,1dYu_jbh1J2ZOTqJXeZgixm6FrBqIJQOF
שמחה מידלי,1WI5gRXn2Sa2bnksseAxtrGlIOA3hqSr5
שמואל ניימאן,1V-mTn_SOOx3wEiGYVP2tgY8TjYXWG5Pw
שמואל בצלאל אלטהויז,1V2Ssg6v0lD18v6gimjyD109HbAcRaMy1
שמואל אחיעזר,1V3trIxv2u6m5QwTBazsFpZN8f27ezg6f
שלומי זייגר,1TxfzQ5Gtbkv9tZCgIyrqmPt8NznTfK7n
רותם הפקות,1QC3m803oPZs_MA4jgZAUl4CPOOzacIEg
רוגע,1hWeqGxf8cj8QFCCLY-gCwza2CIO_RMrn
קליידרמן,1OQVNNYaNY64NHzmUeG5--Sni5LZ51x_8
קלאסיק,1KcrKDf0s07J7AYRk2iIN6kVDcDwoa2tC
עקיבא בן חורין,1D9RVbCsLad1exoIbR2NEM8RYCkPGot6D
עמוסי דיקן,1ApZ9jHqhCUov_4IDctfvFT_BfGjAp5W-
נתנאל לייפר,13jIlsuaZRC3MGCrM09yHvpBj0D5Ax1Pn
נתן קורל,1387Ck_6t42EBLvMUk3DFzczgM4K9DIn_
נעימות סופרן,1Htdn-fs2JhQdKrXe6NHCTZ-JgBjECo-7
נעימות אולקתום,1HvpbatOPllqMMEkr49Em112Y-wptR_ao
נעימות,1I3g3voya5rBp_Ls7HhdYoNsBxF8kLaV1
מרגוע 2,1I6g8fjdfi7kXWhsSefu0TZNet-2bhG_m
מני גורמן,1YRdlm5YwUXSfrznxKu3x6EQXdOzFAZus
תחית המתים,1hUgFRUyJXlZT6kHSg2FGq-bosl04dDAv
קלאסי,1hWnP5frUS9bGGnkLEN6u1skGeCKYgWVU
מנגינות חופה,1INYMcFNvE487ImewLq98uXCdNdWQJXEW
מארשים,1HGLkwLjLXTo7EQczDqqMFl6m9FlvXUTb
כלים,1H_JQSswj21Nx6Ft1s8eP40C7iI7udSF2
יצירות,1H_LkUlYRZX2WOM1N2_nToPKdEQcjkAod
טראנסים,1HbyHdYLAj8riET_br5_cCO7sEq3FyB_I
טיטניק,1Hf0AQ7niaZPKvZcABl1ePplhlZeOm8On
הפינגוינים,1Hna9i7eMQs_YmoMQwDXDDEHW9LA1BTUG
הורה ומירון,19g_AeoXX_e2PYYikLkzhFguJdxkooF-u
בודדים,19lM_5hQ3b-K9gwS_Y58jny9MvKDM4jeB
מייקל רזניק,1FGKRpPXaLX7BNLPgsR1mOzPxbfVCnbL2
לריקודים,1HNwEuudUxrdjAepPhY4Al8bQmXkVm-31
גיורא פיידמן,1h_iZWCO4stn6sFNVK12_K1bcWc3sDPMm
ברני מרינבך,1gT2t_yf3O5A2WXPptqn5ZB4Z81t8kEGp
ברוך דים,1daJAThl-kK4efooF-95I6HqjsRMpkTGW
אשי ספר,1aEC5cBEqeCHrLfy8QqsSinhe4k10Lg0B
אריאל שולדמן,1Xhk7yFDPmFFByo4QAya1mdj149dXpEXp
אנסמבל - תכלת,1evBRb2TPI93BazCy6JOafFc3zUVlDyAC
אייל שילוח וחברים,1p4DwN_8bAR59IYXawSGOp5s2lTfVS-jk
אייל טויטו,1EdsPBUhlNimgsSu_9e7E72OKp7cRTRH5
אהרן גולדברג,13XY5dFZwOiMksYQZcNzd-0d0k0oLnKus
אהרלה בנדר,1uJvVEOVRu0h6xTdEb41G0DHwihr0psVO
אברימי העלצאר,1jv63N-p0dJV5ij6HqZUCsWq1AV3kjEds
אברהם שמואל ווידער,1ECq7OZQjhjdL9z9DbJDnjMLHFQ_ja1Bp
אברהם לייב בורשטיין,1wxF6P2pXeMViToACYdG0ZcOG7d_B_fmt
אבי רופל,1Id43a1qA6zmxVI8s7xF7u7DOvUKafjku
אברומי ברקו,1Rkl_cV-beeq8FbZV8Eq9FbQXCVp4cuAg
אבי זלינגר,1J7CTOS6jgCidaGZ3RRgL3qly0YdCg-D0
נשמה אורקסטרה,1hBHFpk-FQ2VmDoAfn1NvGzBcqdheBjjJ
סונולהיט 1,1SquNFNHZaEElLSI6CAP7jIChV1f4RnLl
סינגלים,1K9iSAOVa8UYacXHUpuGSRn7Rmmr6nRlW
מאמא רחל,1km6-RQ_g8Wnldj4uMmkJ2eO4QJzYVaST
יהושע פריד,1SyjWwI8R8DhffnKxib42rKe8lume5f05
יהודה גילדן,1i3jEf5kIRbQZGEmABB2t6FuLpEm07W0K
הפרוייקט של שלאגר,1GrkYoCnxq2LLszDkq3WZ3RGuL4vwhh4Z
המניין,1xmH3i0_X-lBeT9YiX3fj0j5qRUtk-1zy
הידברות,1r1n0hqozOfLseyL6IYiOmMIvkcZiv2MW
גל פז הפקות,1IZsLblxeYLlewObLmvMTP8sOc3xxAqx4
גל סטאר הפקות,1ybQBEm8aHq9evXZbXelLlmHH09qECpNT
התעוררות,1ZI7dJJy1SG-WAoozYFxCGxkMBOvH6Ogo
תפארת ירושלים,1ZtWJBsgmQ2Nmwu_NfITo9rYWNA7iU46Z
שמחה מיוזיק,1WHdacnisueSUNePHIqVGzO8YbIaqXOBi
שלאגרים,1TsKG2d3ZpFUanR-SNJADAZ51i75m7lcu
רדיו קול ברמה,1ORbN4Ct_LVQ40szK0KpIwtscaxFZekQm
קוקה קולה שירי שבת,1KcwfcUWcBkIve9ryEyapaZI2M55oPUjE
פירסט קלאס,1FaZ8RtIu-yNr7eWTQT4N79ee19jKOFM1
פיס זהב,1FGZ88ApfS_XlYCta_h3sRihGphEsUGim
סלקום,14vprFkYoIwGN5p9Tb6C--Q8kWE2feyQA
נועם הפקות,1kDOHFXNCO3ekFN3C3spjvWXpLE22H1d6
נגינה אורקסטרה,1Malgt-Qn51EroXdQqONeKJPFEI3JcLJF
ילדיו,1hOYxZgJmSZRBd4NMVazsK8hJoZSsg3EA
יא בא יא,1L-kAth-yn1T3dUXG2VzllJQiqGUqHd_a
חמסא,1a7qRP3zDd3N_ibMisEhmPMGUVc_QOTnd
אחישנה - ישיבת ההסדר ראשון לציון,1cggOnLm7grkbwFf1xTYndUuc96kfnwOe
מתיבתא ווטורברי,1uWcaRdCK4wCyzHXm-0Bkz3MkNWBY5Fa-
נפקא מינה,1VSYw2ezEbh1laHLKriWqCcVLd1QhuB2k
מועצת השירה היהודית,1gIDAYwfskeWjJWqzwX__EUEkHhpZ3D7w
לב טהור,1xD3OTSlEcKlDigYoPqrjQ7Ag9sEma-GZ
להקת שלוה,102LLYSFjRQU6V6qkyBY41igaQfeAuEBo
להקת שחר,1_R0VLMWjA5HeXszHmvNdUSL04iTdEr9e
להקת שפתיים,1eHxbf_grX0zDNGNVDyi6IWGBqSIZpWHC
להקת רבע לשבע,1xGHOCLKNwv4pR7TrTFbgIJCKI_3o9yuu
להקת סינגרס,1xHG3Wq4PVrhCT4nVzgTV7cWiKpr_As-t
להקת נהורא,1xKrNk3zdguOQOGYFeeYdWxDMBQNOkzbI
להקת לכתחילה,1xRMDP_GG4tbya9NXzZMidIpmnS0hbvUB
להקת כוונה,1xSv5eRV23Ubon4kL7JKOIXAr7hz-ZV7S
להקת חסידיזיץ,1xY9cdXuvQ2bo03yKy9madZ2FjioK5sEi
להקת הרבנות הצבאית,1xYFYcZoacF1BQh4tnfPyrL8B0Bhzj5cI
להקת הנח''ל הישיבתי,1xafmE3WrXLgVUcKOZIRqzg3qn2OjQtV5
להקת המושב,1x0mtY0zSBuKIbn1_VKg2Vjr4sKb8Ds65
להקת המדרגות,1x3vNxyVV7zqczqwt9PJW2p42DWwHpY8_
להקת דביקות,1xC3e2Q4HfFNVMvRZsWM2j056H_g2TCR-
להקת ארמוניה,1xCBPt0MHz7lTbUiMVgiE8iI84cGwonYq
אנונימוס,18UJc7h7P4vqGy_puVDR7tOFZ3DDQaQJv
איילת השחר,14sDQkpBHszgPfWOIv47gFROC2xVNhYqM
ישיבת רמת גן,1-K-eZTYbX63_yA2NkQ7IIhZJ4A66PiNK
ישיבת מרכז הרב,1NILU3NKAFL0WIxsnuj8QvKJ0DwIN8Dpr
שערי יושר,1wViHMct1S4wDZJnvqXI5JFcKOfQ24IVF
אוף שימחעס,1VgRIQjiRQ4d513DDT3vx4s45-NuZtmz7
משוררים,19PmwArR6aZgFNdMBVSn1a7kUW7kJq6iY
מקהלת שירה ופריילך,1YPnT7iNGzMqo7z8LT3VR9Lh9TEImosk9
מקהלת שירה,1X3VOpxTpwduyGm3n-HeomNrMJy_IjKAq
מקהלת נשמחה,1GzUpMR6AUf1whmwIZ1HJxNftL5j1U7Cf
מקהלת נרננה,1Ne0MKNCcI432Arg7eGmeZ1Onz-V1_Whl
מקהלת נריע,1SCT65Iu5XYeTvYxx8lgKvXjxMFDtxjvi
מקהלת לב,1Xk-aXeWipnWbAz4VlcQNtWgzDqqv9tYX
מקהלת מלכות יענקי דאסקאל ודוד פולק,1bQ1iomOe9u1brDcKAEF8rqegINLcZq_L
מקהלת כתר,1suaqLIR_HBR3QFsNuspubBWmyqZlLJ9p
מקהלת יחד,1WIcKjcRU7QJ7r9_i3pxFG3ylRLlCj0Fx
מקהלת ידידים,1OIkqFY6G9CbjhEjm5oVVnnL-GJOuldSJ
מקהלת חסידי בעלזא,17hgX8f8QXvvUN2WJDVmCDeOWqPkRprMa
מקהלת ברודערס,1NTYzU1MzUzK1dxI0MWlncknUkZIu59OO
מקהלת בעלי המנגנים,1103rc-ue9RdGWrPDiWvAbyO8V4rZGnnf
השבטים,1Cj9r2FEnBJXh_FpTonZHBcb4W0P-tShK
אחדות הנוער,1ZvH_lS2Nk4dEfyCn8NmoC6UwzxNSfptl
הנערים שרים,1MXU4Ulo7GnXiXK_-wtaGZra5LRquCMAt
הנערים,1AvgN3m-7nxstBuq-s99z31-Eo54f0bsq
שלשלת ג'וניור,1V4633n7GGLoh0cqWcs0OYH0JN6LflSDv
מקהלת שיר הלל,1ExmXFNgHKbFIKC7sSYdqR2a6CSM18pCg
מקהלת נשיר ביחד,1zypm8h3iWlQZcA2SEtaH04b34fwLUgvV
מקהלת ישיבת דרכי תורה,1dLNAjBpSKFWGvp0ZyTOvm28zQhfexF7r
מקהלת זמרה,1HODqrBFGZ2bM3GQafKbKdU66CpQTbbj9
מקהלת המדרשה החסידית,1wjC2ZzIXU2PFpptSj3lhsl3LyV591Qsg
מקהלת הישיבה לצעירים,1s8NgqSPspRbYvXjJe7zITq1WwDsmxLjq
קול ברמה,1Kb3-poKT6KhdjjyQAyAwUDO4Omal7vBH
מקהלת בנים לוס אנג'לס,1FIlCSQKfftk17b_z3u-DZgWJJZJIbZfA
ילדי סוריה,1KB00L-ih8ir0zawXKs0vRZXSaaSg0gWm
שירה חדשה,1St7NPADeWhOg3olgWBLJojCQLKUkZSGm
ילדי המלך,1-oads6q8tUOs1CKnqZcRtFLEAYcnS3RI
ילדי המלאכים,1QB8iX4mhpdBmOSrbuy0Nzmgks-kC3Reg
פרחי שלהבת,1ITpIY7SPuzpXFsY4a2l5UeWrqC3RDe5N
פרחי שונות,1IUOStEwptOaUGhVU_QRq-p_NptqFeKCy
פרחי רעים,1I9M-GJb8L_6CSaMCvRrtgQdmtouS7aBL
פרחי קול נעור,1I9XnGxhgFwPssIu1Xp9PeVWbzA3fDMSV
פרחי ציון,1I9dhunOMrw_cn8LMI5p8YCP7qkjVFVXy
פרחי עמודי שיש,1I9rOL8JDTSolU9jBdtik2FdVABhBs0WE
פרחי נעם ישראל,1IA38R-b6H8KWyPYnE8MyxKdGy7C5venP
פרחי נעם,1IAO9iZUAvKnu_-QPdWgXJmB8ne3yik0u
פרחי ישורון,1IB05Y8gFWLtKxdiJ6XuAYwqnaecDRizB
פרחי ילדי צפת,1I7Ybfq0B7YF38-ZTEx5pRULEsWfb-ZGB
פרחי טורונטו,1Fc0OxuvKOCzlu7yDegMEPR9cMZHJhWr7
פרחי השומרון,1Fc3pD5egIk7l2SxuBT3rYmPhsP0qLD5a
פרחי גייטסהד,1Fc7-miY99grNR-y7uP1mWOutif_QoobI
פרחי בני הישיבות,1FcTdy8yEB3-zkXbYGbQe1eRcMA6iVTj6
פרחי אנטוורפן,1Fc_ftc6JGr06YAnk_cr2rA89Xlwpmnm5
פרחי אהרון,1Fcixb1yamkMsh8ROVd8XrrHbgRqHe4M9
פרחי אהבה ואחוה,1FcnisUeVx-MPsooRFUcytDjxR1B_0Q1f
פרחי אגודת ישראל,1Fd4NvD5kJkD1AXHTce6_fLmRmxgyedn7
עמית סופר ותזמורתו,14PRj3FnxRMiHwkIQccu-RC9oU1gBd1NH
משה מאס,1MTR-Lv9Y1NdFJNCHtPRaWoHqVO1XJF9l
מנחם הרמן,1aklIRg3YmfpZot9qJav3zHypASudVkEE
ישראל סוסנה,11py5I3W-aIPiZ9t049VggndvY9wmYcb9
יענקי רובין,1s7K7WRvcuk0qur-jTUo7bMkIYM5OOaoe
יענקי כהן,1TmWyox3pygDuQkJXjFsjvFaZJ0rl5DzY
שעיה ברקו,16u5zOYhqcenaW6Xp2uBrNexNxdS0TzLv
יואלי מרקוביץ,1xC4jhvCqQan2wyfqN2BYVwPKd2ATgeTl
האחים גולדברגר,1yRAQ-PrDBOyq-are1INb5Xm396JW0Aaj
ליבלה ליפסקר,1ERQ_QIahfpLgMYzOAjnRyJe6ZtHa0KBd
התזמורת הצפתית,1CqeckeJJoC_NIB3dDavGwCErPiPbx2PP
התזמורת העממית,1MQ3OyrHZgoMpl_kpJ7wyi-GXb0nKmgj7
תזמורת שמחה אמיתית,1ZuDkYPae-9TtukHsPE2GI21rIwhuoMP-
תזמורת שלהבת,1ZuL7QOBjtCmj9gJ9cwok3bTYeh-0gT_U
תזמורת רעות,1ZuQuC_cP5IFelNS_VE_yd37RDo4UapwY
תזמורת פריילאך,1ZuU6ymmecZkRs-hhPvHoszJvLXaCn04X
תזמורת ענבי הגפן,1Zr0L23iFxuJC-OZFMW5-xsJR8reIL2mc
תזמורת חסידית ושירת מקורות,1ZrM7cS62Ei5m2FPvMeFIe05-SsR2l6Ec
תזמורת המנגנים,1Zrk7aVAjmICHWhwtSO2e9nCTMVDyzVNd
תזמורת הדרן,1ZrwI1eFQawsN9V47MVAZvCbbjgiiFa_d