מיכאל עובד,1GPAGf2SZ_6MEvDRBVvlJaoc3y3FONvEb
מיכאל סקופסקי,1GU3QyLNpZks8zMms4vi01GjP4FYcd8Eq
מיכאל סיאני,1GVQ6FJRIInHZROikQh9DpAm9LirqMi-z
מיכאל סורה,1FU7GRCwil2bZSqse0w5lAiOpVBuP63tk
מיכאל נועם,1FWRpotuRe7bw1SXfNztXWdf81NKlOAQA
מיכאל טברסקי,1FnyILsjRUISd3VB05fWdO7v7ZRw_x8Md
מיכאל אזולאי,1FuJihnTfziBLYVH0_2EhIFr2wtBgEc6a
מייקל רזניק,1FGKRpPXaLX7BNLPgsR1mOzPxbfVCnbL2
מייק טויבר,19tLWU8HeBzt5tYggn7-gW8KY9TboMfoP
מידת הרחמים,19z1oiW1srIWC0Ynn25VCB8G3xIt9e7iv
מטליש,1AMujQKbzHq7cI8MCnyo_tQo6iETZIOUo
מחנה בני תורה,15thhq7FS4G0RJkv2J3cYxvo9KzLGR2oJ