Serial Number,Song Name,Hebrew Date Folder,Singer,Copied Drive ID
70000,יחיאל גיניגר - עמדי,שבט תשפה,סינגלים חדשים,10zpBrNTyVK2Fhs6Pux-fcAWF8F3l6KtC
70001,יואלי קליין ומנדי וייס - אין קדוש כהשם,שבט תשפה,סינגלים חדשים,1KQu2mJA4Mtaowwtt7jrxK91ACklb1fIZ
70002,זושא - Needed You,שבט תשפה,סינגלים חדשים,1935KQRQcMrZHbgNArMrbb5eRBlWUfn6j
70003,יוסף קרדונר - עיקר גדולתו,שבט תשפה,סינגלים חדשים,13Jb6KxIo27ORLrWlGkNTkUbBAFNioWs8
70004,יהונתן ניצן - פתאום שעה אחת,שבט תשפה,סינגלים חדשים,1aaxO-PRvnSo5dex1u-ATcB10NqrrqfCz
70005,חיים מרדכי עקשטיין  - אילן,שבט תשפה,סינגלים חדשים,1-nGpRZcLlgRXsYtqLLbCi0GtCJT4zcoW
70006,יוסל לייפער ויונתן בלוי - אילן,שבט תשפה,סינגלים חדשים,1Rhfm3Vgdwc3hn5fNewCP21OUtAV81k35
70007,יהוידע שחר - מול כל המלחמות,שבט תשפה,סינגלים חדשים,12GDI6xc4N3SDS86IViO8yyBjIbjl4fCj
70008,וואלווי רוזנברג - אלוקי נשמה,שבט תשפה,סינגלים חדשים,1MfZ_Pe2uBddxNmHO17tgpU2hAV3Ahuuz
70009,יענקי רובין - השם נפשנו בחיים,שבט תשפה,סינגלים חדשים,1no5FuWtw6UBnTv2v9mUif8xeLUeVEoW4
70010,ישראל גברא ודייויד טויב - קם ונופל,שבט תשפה,סינגלים חדשים,1VZslWQSE3EiVyr9lmCcUNlnNMvDkueLq
70011,ישראל סוסנה וישיבת ירוחם - התנערי - שאבעס שיר,שבט תשפה,סינגלים חדשים,1kKCkEAlKgseSa1m8shXLbPeLgOYfyhDF
70012,מאיר אדלר - נפתלי'ס גבאי,שבט תשפה,סינגלים חדשים,1hCcJXp0qwHbrRo-YatxykTZxcpsUrpPn
70013,מקהלת זינגערליך - אחינו כל בית ישראל,שבט תשפה,סינגלים חדשים,1Tp8oh_1Se8eSyQaxU_OiQAyUG46XJUXn
70014,לוי פאלקאוויטש ומיילך קאהן - ניגון מצוה טאנץ קרעטשניף,שבט תשפה,סינגלים חדשים,1yxVR0UmWnBIusjrB3VUaphasI4s6TQxO
70015,מנחם & לוי סגל - תראה,שבט תשפה,סינגלים חדשים,1LG6OieadxLXv98LgKVjav2Cu6VL1z5ov
70016,מאיר ענגעל - אז ישיר,שבט תשפה,סינגלים חדשים,1Ir6FJ-vBdeJYTwGcSOMs72QEpQXkmuPb
70017,משה אייזנברג - שהחיינו,שבט תשפה,סינגלים חדשים,1qxBTw6topVwNP6aKi6YrWT0zN0XPECob
70018,מקהלת קאפלה - הארציג - זינג מיט קאפלה 1,שבט תשפה,סינגלים חדשים,1NPBjbBJjd-c3_7WOLCN6Y1TaBL2ecjTd
70019,נסים סאאל - בריך שמיה,שבט תשפה,סינגלים חדשים,1hT6IKYcgwWXBwODPjZQ9xwfnd-NJSzQL
70020,נעם דוד אהרן - בליבי,שבט תשפה,סינגלים חדשים,1WQwj7b87j3vyjzkAU5LlfA1AdO7H_PAO
70021,נריה גרנות ומקהלת משאלות - אחינו,שבט תשפה,סינגלים חדשים,17xxxbT_q2uo0aBipK-qUP60hnArpjetR
70022,נתנאל ישראל - מה עובר עליי,שבט תשפה,סינגלים חדשים,1-gmsW1eHY_wlOI3VVNjzRKGo4iZSC24o
70023,רפאל מאיר הלפרט - השבת נועם הנשמות,שבט תשפה,סינגלים חדשים,1M3k2rejmJ5XOY_INekVXadENAYP7G2Eo
70024,נתי רובין - פאר אים,שבט תשפה,סינגלים חדשים,1BZ4aVF831PW3fDR-7WBLPRSnEmjj06ln
70025,פסח איידנסון ומוישי ולס - כי לה' המלוכה,שבט תשפה,סינגלים חדשים,15XNndVVZNzJRmwsMv4OGox3ynvF9c2rD
70026,נתנאל אבקסיס - געגועים,שבט תשפה,סינגלים חדשים,1Ig9vDJ9hSDTWSBkvsTkiphdljNHjPKYj
70027,עמרם אקער - רבי'שע מאמענטן - זה היום,שבט תשפה,סינגלים חדשים,1nMMxNk7g8GBLHehgRRFtp0g7xRnjGo3p
70028,עמרם אקער - רבי'שע מאמענטן - ואילו פינו,שבט תשפה,סינגלים חדשים,12j2N-ZJCoTcLVCcTnQYZ0ClOOh0HSuIU
70029,"שוכי גולדשטיין, מאיר אדלר, בנצי שטיין - א שאבעס אין ויז'ניץ",שבט תשפה,סינגלים חדשים,1VkW9ufVSjhb5Ogk_1tHB8zTqCNsp1Czi
70030,שולי רנד - אילו כולנו חכמים,שבט תשפה,סינגלים חדשים,10-P87PDB3dgEH0qUF7QxpkpWKQQwTjNO
70031,שלמה גובי & חברותא - הצדיק היה אומר,שבט תשפה,סינגלים חדשים,1s8kmqLlln-5Oo7D141tEIOAIGsucOAWs
70032,שלוימי מאיר ושוקי סלומון - שיר לארץ הקודש,שבט תשפה,סינגלים חדשים,1Yb6mBkpq4dkhJO6JzGzgGkKOsEijsSPh
70033,שולי רנד - דממה דקה,שבט תשפה,סינגלים חדשים,1hAzS-8p3YH4-Xsrknh97i4R2SfpN1jP7
70034,שולי רנד - עולם הפוך,שבט תשפה,סינגלים חדשים,1WIC_Tr5qS02pqziFx4wmhXcHLNTJ4tqa
70035,שולי רנד - לגלגל את זה הלאה,שבט תשפה,סינגלים חדשים,1jNxvNzC481fY0I6TMqdo8l_YesoX38-d
70036,שולי רנד - המלאך שלי,שבט תשפה,סינגלים חדשים,12H27Rg_EbqIpdNB528lQyOthH2xGXo9x
70037,שולי רנד - שבע השנים הטובות,שבט תשפה,סינגלים חדשים,142GdBS9YVR2Lg7w6Ka3S7WPgCfc3HNHU
70038,שי זוהר - תקווה,שבט תשפה,סינגלים חדשים,1yGbsV8ZVcwNXEkmM6kWkwMobg1qa3tVJ
70039,שולי רנד - נהר המטהר מכל הכתמים,שבט תשפה,סינגלים חדשים,1Zr6BlMO4XoxFDMAWMSRGS_eiNqIfN9dn
70040,שמוליק סוכות - עם יפה,שבט תשפה,סינגלים חדשים,1GMQHoowHlcvBC4jEBPxRshKLcGCHiUSb
70041,שמוליק סוכות - תדבר איתו,שבט תשפה,סינגלים חדשים,1lh-te9N0S4p9kQsQPYkgGvcSRnce4jSO
70042,שמוליק סופר - כל עצמותי,שבט תשפה,סינגלים חדשים,1UJZPUSeVvubTRkjqMtIC50OfroiUcWpR
70043,שמחה אברמצ'יק - תהילה לדוד,שבט תשפה,סינגלים חדשים,10XTnLbtNSn7tsyNfRd7atf4bzO1-MKrQ
70044,שראל סופר - השם רוצה לתת,שבט תשפה,סינגלים חדשים,1cArlRec9M6NhGyghCMk_VOE7KrBOkXzT
70045,"אבי ריימי, יאיר בודנר, יוסי ברגר - אדון השלום",שבט תשפה,סינגלים חדשים,18vZgt-NC_LczKrACkGFgoJIsZo3_R-vB
70046,אבי לרנר - אילן אילן,שבט תשפה,סינגלים חדשים,1TPcUilXv3O8WY7Keom4aYsIw5xBfnhPU
70047,אברהם בלטי & יואלי פישר ותזמורתו - Creation,שבט תשפה,סינגלים חדשים,1W46RjZ7NS_5ti4WZ5Er34Y-uaqgXWYq3
70048,אברהם מרדכי שווארץ - ותקבע אמונתך,שבט תשפה,סינגלים חדשים,1SKGKMvtJZJGmxiGSnvnI2b1f79BmhNOA
70049,אוהד מושקוביץ ורפאל אוזן - ברכני בשלום,שבט תשפה,סינגלים חדשים,1FjJ2Pz0rm3y2Sfnp7Az9PHkN7kGkplrK
70050,אהר'לע סאמעט ואהרן רזאל - לאמיר דיר דערציילען,שבט תשפה,סינגלים חדשים,1Wr_FX-2ntHtiKzVPSSttnjOseH8oqyzk
70051,אליהו סבן - צפונה,שבט תשפה,סינגלים חדשים,12fS6b25QafMhDaaai2dSgPSBI2U5OBLA
70052,אלי סייפרס - אם אין אני לי מי לי,שבט תשפה,סינגלים חדשים,1KEmCrt_Bb_ev-03473MQZq5J8HvdJpCj
70053,אסף הרוש - הדרך אל הים,שבט תשפה,סינגלים חדשים,1tE6RO04HDMENJZTtsVeYhWA7_vnh1lck
70054,אסף הרוש - הנה זה בא,שבט תשפה,סינגלים חדשים,1Uq2hTOTFVT_hJNa8-FqQkyNKFvMEa2gg
70055,אליסף חפץ - ער איז דא,שבט תשפה,סינגלים חדשים,1T6BeGKFrr2GdQ8wbrhDQo35SDtZjNeGX
70056,אסף הרוש - הריני,שבט תשפה,סינגלים חדשים,1JyYRauCXTQA4ZUuf6z2ByZ_bh3zsJ3su
70057,בנימין ברות' - ועתה,שבט תשפה,סינגלים חדשים,1ZYT66IaOc0XG97vhI_JGOMA_9AhWF5Dv
70058,"ברוך לוין, זאנוויל ויינברגר, הערשי ויינברגר, מוטי שטיינמץ - ממקומך",שבט תשפה,סינגלים חדשים,1i2y8kwddMtYc1VBWUmr6Nexco-eYnzZw
70059,דוד רוכמן - טאטע רפא,שבט תשפה,סינגלים חדשים,1BbX0uvG-7KwJO8Cjau0bBef4pcEyRTW8
70060,דייויד טויב ומשה שניידר - חברותא - פתחו לי,שבט תשפה,סינגלים חדשים,15Pp7hbNqqXu7ksEOStW2Ihe4AAKOEkBK
70061,הערשי ויינברגר - על זאת,שבט תשפה,סינגלים חדשים,1vfmH_7G2B7Sz6EqAhkPMi0Ij46Z5p80f
70062,אברהם פריד - א איד,שבט תשפה,סינגלים חדשים,1Z_uZt7-kYgP63XJ-H43NhPC3wERYvC6J
70063,אבישי אשל - מחרוזת תימנית,שבט תשפה,סינגלים חדשים,1tdbi-vkh3Eet38BxAC9Sl7G9-dvsacAL
70064,אברומויש - מיט שמחה,שבט תשפה,סינגלים חדשים,1WTCd11LGHXNqnW9xTxcxgkgAQZq2a1Fj
70065,אורי דוידי - בעזרת השם,שבט תשפה,סינגלים חדשים,1avvNjADvWVWbAvOkFD5iAUERIR_VttLA
70066,אברומי ברקו ומנחם מושקוביץ - זרעא חיא וקיימא,שבט תשפה,סינגלים חדשים,1iwMvwOG31u1lLwUTlKaz3pSFA0uyR8lr
70067,אברמי שפילמאן - השקיפה,שבט תשפה,סינגלים חדשים,1QRbyHP5dwsTgxXzycto3kvttyG6y9qnD
70068,אלי ביגון - עד מתי,שבט תשפה,סינגלים חדשים,1mGAnhWXtwGm3hOAEU8CZJMnRVZE92YN3
70069,אלי זיידנפלד - מחרוזת פרחי מיאמי,שבט תשפה,סינגלים חדשים,12Xu6omktvQbmrZxp2TS9Kv6yQ-qV5Wc1
70070,אנשי עקשטיין - דרך אמונה,שבט תשפה,סינגלים חדשים,1Cn_zB_lPWL_VhVpuZBV2vIUNGCQhvDOB
70071,אהר'לע סאמעט ומקהלת מלכות - מלכוסאמעט,שבט תשפה,סינגלים חדשים,1LE0eyx6sT5MMF1EcgmQ-u7ggAruzgkRF
70072,דניאל יטיב - ר' חיים,שבט תשפה,סינגלים חדשים,1ciYeeK2LRqTSrsBjQK1wTxv7nzjyZHro
70073,"הערשי רוטנברג, שרגי קלוגר, אבי פוגל, שלומי מייזלר, מקהלת זמרו - בנצי'ס נשמה",שבט תשפה,סינגלים חדשים,1zRCGuUaK9CGjwDq8FsGvepcYRPN9-S6A
70074,בני פרידמן ואלי מרקוס - קול ביער,שבט תשפה,סינגלים חדשים,1_gsBsTTPxAgxY7EdIO94pnKgKDuSPWwQ
70075,דוד דגן - מים רבים,שבט תשפה,סינגלים חדשים,1z9MYPIoulS4JIDG1LaZN1tUx3GBAOnjG
70076,אסף שפר - אלוקים נותן כוחות,שבט תשפה,סינגלים חדשים,1PdQV7NSi27uKXjw5yCOo1049CS6kv9qU
70077,יהודה שמעה - יותר מכולם,שבט תשפה,סינגלים חדשים,1cCPrAiYDx9y4LJ3Wtio_ZpLVFVMN9ShK
70078,מנחם ברנשטיין - איך דאנק דיר,שבט תשפה,סינגלים חדשים,17hgC93deX7AdTvah00sKQ9TnALZxv55i
70079,יהושע אינדורסקי - חופה וכיבושין,שבט תשפה,סינגלים חדשים,1CA_KI_pt2RPIA3G8ikbQnxfpgUOQelXi
70080,זלמן שטוב - עוף חול,שבט תשפה,סינגלים חדשים,1VvI2FgO-UuOtrcSTNGVQ_g663dGhfaLo
70081,מוטי וייס - הנה זה בא live,שבט תשפה,סינגלים חדשים,1ENodsqc9SCqzygiuw7oC7DTRaQ4VNmCr
70082,מקהלת נגינה וישראל אדלר - המבדיל,שבט תשפה,סינגלים חדשים,1XZc1I7HjWIGUDxR-fWq85YPi-uAyzxiF
70083,משה קליין - בדרך אמונה בחרתי,שבט תשפה,סינגלים חדשים,1BvraOHr-KJRv0I_7pYinnoo8w1K6djj8
70084,פסח איידנסון ומשה דוד וייסמאנדל - רצוננו,שבט תשפה,סינגלים חדשים,1B0RTm6ItcfC1lPxWCVE266EmC_WhkcSc
70085,עוזיאל דייטש - עד הנה,שבט תשפה,סינגלים חדשים,1odGiihuNHjLy8D_6Y2dYYzf4HI6JofAO
70086,משולם זושא - ווערן בעסער,שבט תשפה,סינגלים חדשים,1iJA8W1eCINuYUfuBKoRyRe8pE9C_GCCQ
70087,שוכי גולדשטיין והרשי סגל - סאיז דא א באשעפער,שבט תשפה,סינגלים חדשים,1tgm2vn2iBKCDwKaup0itJC7V7FP3zd3G
70088,שייע ברקו ומקהלת ידידים - מחרוזת סעודה,שבט תשפה,סינגלים חדשים,1U_oMm9NFfkyvB6JQtaDIOE7PXFEJH-FR
70089,נחום אלימלך קארנבלי - ברכה אחריתא,שבט תשפה,סינגלים חדשים,1wsn6pwnDzuJ0DqcFl9uAwMsfDLARkclD
70090,שילה אליה - ריבונו של עולם,שבט תשפה,סינגלים חדשים,1huEZ7l9XIvP3n8oHhfDhtibXufhrFIao
70091,שימי וייס - מקבל על עצמי,שבט תשפה,סינגלים חדשים,10cvP0oj4pci9Mhfso80T8PQENgrQ8iUD
70092,שרון אבילחק ואודי דוד - נוגע באורות,שבט תשפה,סינגלים חדשים,11O4frubG3CvH1lKEA5Z3kD1W9wHpvwmH
70093,שמחה בירנהאק - שמע ישראל,שבט תשפה,סינגלים חדשים,1fwkbSqABbOTREz1dP5iV5XTwhlvxAcfF
70094,אברמי שטרויס - אשת חיל,שבט תשפה,סינגלים חדשים,1SqN_58cWrzUOLxAtXOBt5nyNgo89J_81
70095,חיים גרין - לא ימוש התורה,שבט תשפה,סינגלים חדשים,1QBoA4YupCvMHCjDqcc670iLC3-Gp8x8l
70096,יואל רוט - אנא בכח,שבט תשפה,סינגלים חדשים,1LXA2Kt73MbXhACjF5UW8EqQbzlU8nADo
70097,"אהרל'ה שארף, מנדי וייס, שוכי גולדשטיין, עקיבא גרומן - הנחת תפילין",שבט תשפה,סינגלים חדשים,1-CggVZxV78CzRCaRKFnoVK-1Umv3QPqK
70098,חיים הורוויץ - אך טוב,שבט תשפה,סינגלים חדשים,1HlwjLerujyCr2rNayOvu2ljlI4tKbZam
70099,אלי מרקוס - יהא רעוא,שבט תשפה,סינגלים חדשים,1eJhOhOIta0byC8MW82L05fJPSrD2lC88
70100,"יואלי דוידוביץ, עוזיאל דייטש, עקיבא רוטמן - סעודת בר מצוה",שבט תשפה,סינגלים חדשים,1m-_fqfWV4Rpp_BoDvsDTA_N8G-qz_sa1
70101,מאטי אילאוויטש ולייבי ווידער - גאט בענטש אמעריקע,שבט תשפה,סינגלים חדשים,1yM4KKTaNZNu8LPRwzUYbLgOMLByz5u2E
70102,אהר'לע סאמעט ומוטי ויזל - מחרוזת משולם גרינברגר,שבט תשפה,סינגלים חדשים,1zX_mLOvoBoDURAlFxLREQDFGYTiw0h5Q
70103,מקהלת משאלות - בעבור אבותינו,שבט תשפה,סינגלים חדשים,1NzRkVuAIFygtSqzqeopuGxmR6Oj1CB3A
70104,משה אוסלנדר - One Place,שבט תשפה,סינגלים חדשים,1E95GrxXIEfZmop7WmyCFGk7UBZ_6r4US
70105,שייע ואברומי ברקו & מקהלות ידידים ושיר ושבח - אוי וויי,שבט תשפה,סינגלים חדשים,1hYfHvU3Ifrupkxojlp8O6F_weB8SkOX8
70106,גרשי ישראלי & להקת זפטיג - אמור מעט,שבט תשפה,סינגלים חדשים,13x3qtUKNgYC5PRq2ZvtSfswIftA2BHyH
70107,שרגי קלוגר & יוסי ווברמן - ורפא ירפא,שבט תשפה,סינגלים חדשים,1eYZunJDISPtHhj8JaNscduyXAv5xntAP
70108,אברהם כהן - להתקרב אליך,שבט תשפה,סינגלים חדשים,1PpXPAEh3-CxiCBr0PPEf9S0Vn4CSFmOD
70109,נהוראי אריאלי - קווה אל השם,שבט תשפה,סינגלים חדשים,12D05ERO2qFCujN46tb6WDQAdLC1SIN9E
70110,דודי פלדמן & נחמן ליאור - יהי רצון,שבט תשפה,סינגלים חדשים,1aW92Np9UomzyXdWrSIv6r5b0mr6-5nvl
70111,אהר'לע סאמעט - פונעם בורא אליין - תקציר האלבום,שבט תשפה,סינגלים חדשים,1h9aPp4RvAgs10-2Gm0TgMVG79yHvn1jm
70112,יצחק מאיר & שלומי קצנלבוגן - קה אכסוף,שבט תשפה,סינגלים חדשים,1uoJ4StoBzAhmQG7BC6tBN2ETHKRGtjS4
70113,יאן סונגו - Ecoute Moi,שבט תשפה,סינגלים חדשים,1PJrpUo7QfHnzhqIa5jHbM8hhpAJXmXd-
70114,אהר'לע סאמעט - מעשה ברבי אליעזר,שבט תשפה,סינגלים חדשים,1AEuaMvS5kNjprhfEY_E0kaUeJm-BfC3M
70115,דוד פעדער & פומפדיסא - ימים באים,אדר תשפה,סינגלים חדשים,1bnoC3Yg2iPtJBjtb-ByPemeyMtXe5GEn
70116,אברהם פריד - ליהודים,אדר תשפה,סינגלים חדשים,1a4fQquP0yNy4iFTiy_DOKiAiCNMi3ZGV
70117,"מקהלת מלכות, פנחס ביכלר, הערשי סגל - הללו בתוף ומחול",אדר תשפה,סינגלים חדשים,1luJb_dwekRSran_9zaY8XCDU1jr8SIJR
70118,נפתלי קמפה - חסדי ה' כי לא תמנו,אדר תשפה,סינגלים חדשים,1JHHwWGQmtaNmc5dQGqD_aFFeUgAsmqb6
70119,שלום למר & מקהלת קאפלה - מקימי,אדר תשפה,סינגלים חדשים,13EjDmChDsWAc9BskYHljuyIdbSFMRh9Z
70120,ישראל אדלר & מקהלת נגינה - ויתן לך,אדר תשפה,סינגלים חדשים,1xOb2tnGpOydsDeO44sAFAgMmaHlmM-97
70121,גרשי ישראלי & להקת זפטיג - חכה לו,אדר תשפה,סינגלים חדשים,1H4FGsJF1xULxZOjVGh9Ycaun3uIqL5Sx
70122,שמילי מורגנשטרן - מחרוזת Live Energy,אדר תשפה,סינגלים חדשים,1g9msVXAmoh6sc19z5LUL90eUaJfRWVMC
70123,שמואל הערש מילר & מנחם מאשקאוויטש - פורים 2025 Shmash,אדר תשפה,סינגלים חדשים,1RJJ_rGDCXfNncoe7yUAVYgmK2XrI9wd7
70124,"מענדי טווערסקי, BATMAZ, Sped-ed - For The Yidden (ליהודים)",אדר תשפה,סינגלים חדשים,17QuSE3JKqbqxTsERg7B_j0YWSNuP2q3q
70125,מאטי אטיאס - די גאסן פון ירושלים,אדר תשפה,סינגלים חדשים,1jnEqexzr58to-qbkMzIlr79P-NykhF9H
70126,טוביה שטיינר & שבתי מרדכי טייכמאן - האזינה,אדר תשפה,סינגלים חדשים,1QWN3Hm2QGJTUB-jces13WsuHk7vMXqUb
70127,דוד פרלמן - זה זה,אדר תשפה,סינגלים חדשים,1xkuTCQO1vwZy1Jk_3mbh0p_kjmg13cKf
70128,חיים טווערסקי - א איד,אדר תשפה,סינגלים חדשים,11J6eVWnlm9E01fTACuNvwK6AhiCKXt6G
70129,אורי דוידי - ליהודים,אדר תשפה,סינגלים חדשים,1OfVRvtrcvjOb92VOpx0xOiTkYQPhdPdu
70130,אלעד שער - מי שאמר,אדר תשפה,סינגלים חדשים,1mo8qGhnqrqUC5qdMqTuoGoKKg2iteZiT
70131,נתנאל כהן - זכור,אדר תשפה,סינגלים חדשים,1IYyUtOsNB4OYZV_Pf-4rLx3tT2nVkgfm
70132,"שרוליק מנדלסון, שמחה אברמצ'יק, שרולי גרין - שיר המעלות",אדר תשפה,סינגלים חדשים,1dh1FtrbbQqAj_EQQneV4zCvrbjx43t5H
70133,קובי ברגר & יהודה פכטר - מרבים בשמחה,אדר תשפה,סינגלים חדשים,1OtCkt6HNChQff5s2pQztPeSxe_SAry9s
70134,אלעד חסידים - כי מרדכי היהודי,אדר תשפה,סינגלים חדשים,14bxCmkBRzw0ndqpDh5sEN_FOjPUMtcZR
70135,ציון גולן - אם נסגרו,אדר תשפה,סינגלים חדשים,1qWoCDcdpnMruScNjCCExFXQ6n6bCfGIg
70136,מכביט'ס - תמיד אוהב אותי,אדר תשפה,סינגלים חדשים,17czMuZzkcqjRy4CqUGTi8GwsRqDCCpMp
70137,נחמי גלויבער - נאנט צו דיר,אדר תשפה,סינגלים חדשים,12pCuQ5GmCPJZChI2o6n_7uYE-ml9cbVj
70138,מוישי פרסברגר - לופורים,אדר תשפה,סינגלים חדשים,1s3dLf12s_OBgY_PotjFBlysGd6oTn41v
70139,שמילי לאנדא - פורימיקס תשפ''ה,אדר תשפה,סינגלים חדשים,1NUdbkK86oPVDzVLRraGgwg12ONGHVIX_
70140,יצחק מאיר וינד - אפיריון,אדר תשפה,סינגלים חדשים,1TbYFfsmIcSGOdpUDUEC2bt7y5tPNDkRk
70141,יאיר בקרמן - אמונה בחרתי,אדר תשפה,סינגלים חדשים,1TIHIl7om3QCjKMR8WNy4BTpqlwMA0s8l
70142,"תזמורת מלודי, אברומי וינברג, אבי מן, אריק דביר - פורים עם מלודי",אדר תשפה,סינגלים חדשים,1iIFwTx3_YSH1W_B8UxnPKEwiX3HbwzWr
70143,מרדכי בן דוד - חברים,אדר תשפה,סינגלים חדשים,1eNCdrFpcFz2Pvx7IrHLzcK9Rk-3lgIcT
70144,ישראל סוסנה & אברומי וינברג - ידיד נפש - שירושיר,אדר תשפה,סינגלים חדשים,1mUQxmhBeqqVDAXeCMPB2BUZnOiMDFvtO
70145,AitchBeeEss & היידי רוזנברג - רופא חולים,אדר תשפה,סינגלים חדשים,1M02se97u1BOV5xLh9qDTvhM3Jh8R4p4x
70146,אליה דרעי - אחד אלוקינו,אדר תשפה,סינגלים חדשים,1rKcSH1958P7wzkRp8ajqGpNvipI6tkhD
70147,משה קליין - ככה יעשה - רמיקס,אדר תשפה,סינגלים חדשים,1VCfls3Z54VvgOg1x4mKvZcNz-2_0HZ4G
70148,אריאל זילבר - שושנת יעקב,אדר תשפה,סינגלים חדשים,1ECMU0jw85Px97RhDyu_c7ASPUSnfgTT4
70149,נחמן זוננשטיין - הצילני,אדר תשפה,סינגלים חדשים,1q_ZAyGaSgz045jWOIoyJWhohWkUkRdOU
70150,סנדי דינקל - אשרינו,אדר תשפה,סינגלים חדשים,1Xp2-Ukhq8R96ZOmmJHEnXqPyB6-f0KGb
70151,יוסל לייפער & אהר'לע סאמעט - מצאתי חן,אדר תשפה,סינגלים חדשים,1YSB0IL7CKFB2ThLZ86FRu1aPJvS4k-WC
70152,מוישי בלוך - סט שירי התעוררות חסידי לפורים,אדר תשפה,סינגלים חדשים,1F1hG3-Sr19oG32d8_Md3lgtRKR92MURX
70153,היום השמיני - Haman how's it hangin,אדר תשפה,סינגלים חדשים,1rfuwVfnObBiylSNAk3k65vSqp9vFdDb4
70154,ברסלב - פליאה,אדר תשפה,סינגלים חדשים,1asLH3-kD7XX4c3W8Bvr1zczeZphV6BfE
70155,חברותא & דודי פלדמן - תשועתם,אדר תשפה,סינגלים חדשים,1rDKAqFIgb7wj0dv9Bqams0aanEfjSwMN
70156,אברימי לונגר & שרוליק רוזנטל - שמחה במשתה,אדר תשפה,סינגלים חדשים,1BbPj3lG01uh-_83KPEClxvXsebL-YGHa
70157,"משה אוסלנדר - Rebbi, I Want To Learn!",אדר תשפה,סינגלים חדשים,1_xzoXB3JzO4bQuxRD5MAltiDc_iPf7ju
70158,איציק וינגרטן - ליהודים,אדר תשפה,סינגלים חדשים,14hkw4zlbmb1xN9iyB4VPcV4wWhVU7InW
70159,שוקי סלומון & אריק דביר - עדלאידע - רמיקס,אדר תשפה,סינגלים חדשים,1dlv9z--gq9tQATO5RMcOU8qvQK-Aod8z
70160,פיני פולק & שוכי גולדשטיין - מחרוזת משה רבינו,אדר תשפה,סינגלים חדשים,1xxe7z5nBV3c4mUk4BVuQzIiDWwGyHnDb
70161,אושי רוזנבוים - הייליגע טאנץ,אדר תשפה,סינגלים חדשים,1gLGsgIE5JseTpe8JLXe6PK0wbSrSf6be
70162,אברימי סול - שיכורים,אדר תשפה,סינגלים חדשים,1xsi_Z0wr7SorxFoxL6heYw8etPypmUFX
70163,אברמי שטראוס - רייניג אויס מיין הארץ,אדר תשפה,סינגלים חדשים,1mKBgIxtrfnYdpBU9qr7p1gwhsXJOSrLD
70164,אבי & דני קונסטלר - המבדיל,אדר תשפה,סינגלים חדשים,1E8srfrFUtez7n0Pg4mr1BqowguWXOwkH
70165,טל ועקנין - מחרוזת פורים,אדר תשפה,סינגלים חדשים,1mb7UQRRqZMIlpW0kUH6vGAYF4Hxies4X
70166,אלי וייס - קריאת המגילה - פורים,אדר תשפה,סינגלים חדשים,1Yj9UcRTnJfbd8qJG5nWfX-isevrHUYbs
70167,אברומי ברים - ותוסף,אדר תשפה,סינגלים חדשים,1vVe0DkxvSoCabGXGj3ArA3Oyt7VwOhkj
70168,יעקב שלום - הייליגע שבת,אדר תשפה,סינגלים חדשים,13vNveGtD3Z3_5VOK0AFZQcqQK9VPt69p
70169,אלי מרקוס - We Want Moshiach Now,אדר תשפה,סינגלים חדשים,1nHqykmDWQZBIyKdinKHO4L1o3V-YAWlF
70170,שמולי שניידער - כל הלהיטים 2,אדר תשפה,סינגלים חדשים,1kn0BNaWWWCq0FUvbt3EhutyCkXRK6Eqq
70171,יששכר דרור - קודש לה' - תקציר האלבום,אדר תשפה,סינגלים חדשים,10BfON0Y-Zh_Z9QD1oI2Zlb4vnITM8ICh
70172,יששכר דרור - קודש לה',אדר תשפה,סינגלים חדשים,19y0lQqwpyESJJ6wWxZmt4HZUiL8VdqGL
70173,אברהם פריד & אפיקו.מן - ליהודים Upmix,אדר תשפה,סינגלים חדשים,1btA9u6q5KE8N96XHKg8Cyr9MjVDtGH7S
70174,יענקי פדר & שימי קליין - בזה השער,אדר תשפה,סינגלים חדשים,1vduDpqozjFWV9izCL9JljGnPNfZ89jPo
70175,ברוך לוין - #TheDanceAlbum - תקציר האלבום,אדר תשפה,סינגלים חדשים,18Js9UBjbc2i9Dp6vxIaH2qW_Oj1HK5Ld
70176,"יואלי קליין, יהודה מנהיים, אושי פרוש, יואלי דוידוביץ, שוכי גולדשטיין, יוסל לייפער - יום טוב טאנץ 2",אדר תשפה,סינגלים חדשים,1OA0intRFGbgUn-dNOjy7JHUCclbZynlR
70177,קובי ברומר - פרופורציה,אדר תשפה,סינגלים חדשים,1HwjDkWby5fPdOyOPv6xBBDT_zPZzt2IO
70178,יהודה מנהיים & מנדי גולדברג - מי יודע,אדר תשפה,סינגלים חדשים,18zY2q7SGW0sScmhwHh3dhUQWCPmqWcyT
70179,DJ פארברענג & שרולי גרין - יום כ'פורים Upmix,אדר תשפה,סינגלים חדשים,1ribj09GdTLVnGbOdP9teFS6ELuhRpJHg
70180,שרגא פראנק & נחמן הלביץ - פריילעך אין חצר,אדר תשפה,סינגלים חדשים,1sHOTBLMo52dKMahgXgN9PCjSIteuia69
70181,אושרי פאר - ה' שומרך,אדר תשפה,סינגלים חדשים,1_9HSN4Hu16BwTNM1p-a5fsZiu75QLsl-
70182,דודי פלדמן & חיים פולק - יתברך שמך,אדר תשפה,סינגלים חדשים,18N8ypT8_9LbrBmSIoFY5jWwSeM5hT4RA
70183,"ברוך לוין, הערשי ויינברגר, מונה רוזנבלום, מוטי שטיינמץ, זאנוויל ויינברגר - מחרוזת פרחי לונדון",אדר תשפה,סינגלים חדשים,1qzPa-kRMBTZ6xpvaxxaGDF2JwhT1Bv-T
70184,איציק אשל & חיים אביטל - תמיד אוהב אותי,אדר תשפה,סינגלים חדשים,1MnE_WIS2dIyLpngDAgyEle5B0ua_F8Uk
70185,"נחמן הלביץ, נחמן צוקר, אבי מזרחי - אראבער טאנץ",אדר תשפה,סינגלים חדשים,1QtP-pdOYYe04FDJHvA4eFhGuU-hyGLOA
70186,אליה והב - מחרוזת החפלה ממשיכה,אדר תשפה,סינגלים חדשים,1eMuCkI8FtlPboPpF4xGp1wmn2QvspSui
70187,מרדכי בן דוד - תמחה Live,אדר תשפה,סינגלים חדשים,1jpZwfuTi5QzwdQTZN1KcCY_lmT1MgO9C
70188,מקהלת נשמה'לעך - שושנת יעקב,אדר תשפה,סינגלים חדשים,1zQYDmQk2ajie7sgIPl2ZVwd7ABtku-ii
70189,גרשי ישראלי & להקת זפטיג - לא ימלט,אדר תשפה,סינגלים חדשים,1JCZ92lHfS9qlWxvSkM1UccoaeOQNQAyc
70190,"שרולי אלטמן, בנצי ווברמן, ישראל ורדיגר, ירוחם וייס, שייע ברקו, חיים ברוין - מחרוזת ריקודים",אדר תשפה,סינגלים חדשים,1U2OpwpUUvmRPgTFwdf012f_e2EM_dIgv
70191,יואי מוכניק - הודו לו כי טוב,אדר תשפה,סינגלים חדשים,1MAYZGX-2v0lW-1P8DmMVtiL_4BPhGyef
70192,"AKAY, Mendy J, memi - ואהבת",אדר תשפה,סינגלים חדשים,1ZK2k448KPBOWAXv5596emKPR8LSsVNl7
70193,חיים שלמה מאיעס - לכבוד שבת קודש,אדר תשפה,סינגלים חדשים,1dvtRAA9RhkjeVMAQLouUAzDoVqbC6dB6
70194,יצחק קמפה - מגן אבות,אדר תשפה,סינגלים חדשים,12YpdbuZlOJ1UrG6Hv1z-kW7rx4_Enzlx
70195,יודי ביאלוסטוצקי & שמילי לאנדא - אין כמו טאטע,אדר תשפה,סינגלים חדשים,1uNA99_2vdW_qNXOFclq3Y8p4HkHUQLim
70196,זרילי ווערצבערגער - Track 3,אדר תשפה,סינגלים חדשים,1lUp2Y5HgyCOA0ZyuVIRpRiphqeGZ23qq
70197,שלומי אלבוים - א פורים טענצל'ע,אדר תשפה,סינגלים חדשים,1eVQv4t4AtSt5NL0Tt48KCTPp9kp9Fe7h
70198,תומכי תמימים - ארץ אחת,אדר תשפה,סינגלים חדשים,1rEOLw_bqR1Wt_6QRxEwzqQ5iPO8vwGpw
70199,ארי סאמעט - POV ON,אדר תשפה,סינגלים חדשים,1jWNRzOK8rJ9fIVcsh-l6iWwBm9wpLKiR
70200,שמילי אונגר & תזמורת זאלץ - הורה רבותי - מחרוזת ריקודים,אדר תשפה,סינגלים חדשים,1gRviuQbJGq4vvr1ASiIS3OxMVjLg07_i
70201,אברמי דאנציגער - המלך,אדר תשפה,סינגלים חדשים,1-sJgbhGotokhkt1Ad8_YQs3QYU61SA9u
70202,"יואלי פאלקאוויטש, עמרם גרינוואלד, שלמה זלמן פערל - א טאנץ אין גינת ביתן המלך",אדר תשפה,סינגלים חדשים,1yX6DaNvvWL3UYba0ABLR8B84cxglT4LI
70203,פרחי ניו יורק - משנכנס אדר,אדר תשפה,סינגלים חדשים,1S_7Rea-f_ZQZrqk1EUXV5Qe13DUhSVVO
70204,ארי ברמן - פורים דאנס 2025,אדר תשפה,סינגלים חדשים,1xeWoPYfR0gKWfijOqhnMgaFtUfF2e7sr
70205,שמוליק ברגר - פורים מיקס 2025,אדר תשפה,סינגלים חדשים,1DpwQsSr38Z5mBsuiAMspB4oy9u1hD0a1
70206,"יואלי קליין, שייע גרוס, הערשי ויינברגר, מוישי יאקאב - נדדה",אדר תשפה,סינגלים חדשים,1KjX6LCQTmDdcbAvhScTLuFE60SBxOmvY
70207,שמעון יואל וועבער - חסידישליך,אדר תשפה,סינגלים חדשים,10ba-vAsQGcsvsU0D1OZL8GwO0HZlc07z
70208,שמוליק סופר - פורים מקובליץ,אדר תשפה,סינגלים חדשים,1Txs5u883LVqH2lwOLh4gKyCyOiTUg01A
70209,מאטי אילאוויטש - אידישע עבירות,אדר תשפה,סינגלים חדשים,1J_snGQ4W-HGCiYL7BQRTy0fuaTGukpd0
70210,אהרלה גולדמן - דבעסט'ע פורים,אדר תשפה,סינגלים חדשים,1LJJI2pk6MqwAZIy0g8_vqSyB5DlZmQBi
70211,מאיר סטאריק -  פורים אין תולדות אהרן - תקציר האלבום,אדר תשפה,סינגלים חדשים,1517CkCdqzpQSh-UCsvsQRC1swvMm9xsI
70212,"מוטי סגלוביץ', נתי הרצוג, ישראל נחמן גבאי, יהודה יופה, שמעון שרף - פורים דאנס 2025",אדר תשפה,סינגלים חדשים,1I8fxCogCERMd2ENldyVpZlb_uggnVO0k
70213,נותי ליברמן -  מחרוזת פורים 'פורגאיי',אדר תשפה,סינגלים חדשים,1sv_CvyvHWwvOx4-87vzurwSHteaK37su
70214,DJ שמילי ווגעל - פורים מיקס 2025,אדר תשפה,סינגלים חדשים,16v5ntx3OkOEujZVzo6tMzbMJy5AKrmQc
70215,U&ME ואייזיק גליק - הורה טריפ,אדר תשפה,סינגלים חדשים,14L8rnGnqhIvo7YaCoIdd1g2l2CO6TFJS
70216,יניב מדר - מחרוזת טברנה 2,אדר תשפה,סינגלים חדשים,1KN1SdxH5ZgHUYspcReGg5yDC2oGrk7_H
70217,נחמן כהן - ומרדכי ידע,אדר תשפה,סינגלים חדשים,1DFOrIDxAydrKWEJs9zemjzc7g4jlU9uT
70218,יוסלה קרישבסקי - א חסידישע טריפ,אדר תשפה,סינגלים חדשים,1IhPjQYcBTlxXhLh06awpQg2E9gJH399w
70219,טל ועקנין - תמיד אוהב אותי,אדר תשפה,סינגלים חדשים,1mSOFzjnILB9giZKMFKAZkBAdBd3TU5ov
70220,קלמי שווארץ & מקהלת שירה - מחרוזת ריקודים,אדר תשפה,סינגלים חדשים,1vU0vgRFAo4oBJ4YWtJpnPtQJ1lvD910n
70221,מאט דאב & איציק דדיה - השם מלך,אדר תשפה,סינגלים חדשים,1FxzUOXRH8M1GSbpn4TZZB0bX3JszIIqg
70222,הערשי בלייך - רקידה הקדושה 2,אדר תשפה,סינגלים חדשים,1VjxlupTiRmnNGdMZAlPIBH8qer3D9RZ3
70223,איצלה איזנשטרק & חיים פלאם - פורים פארטי 2025,אדר תשפה,סינגלים חדשים,1_B13eJ8Hb1wA482c8BaOrJC8M1J58lUN
70224,מאיר ענגעל - המלך,אדר תשפה,סינגלים חדשים,1JxL5GYk1r8vz18ZiXO16BT7t4cdlvAJs
70225,עמירן דביר - נצח ישראל,אדר תשפה,סינגלים חדשים,18Ej5y3OFaGrVuY3ERY4DSG1OZTIh6rCM
70226,"שרולי גרין, ביני מאנדל, חזקי שווארץ, קלמי שווארץ - א אידיש טאנץ 2",אדר תשפה,סינגלים חדשים,1IboOOePdc4P8njza2BBxPdS7llkmYlOG
70227,יוחנן אורי - חסידישע ביט,אדר תשפה,סינגלים חדשים,1-NESjBRg7pq4PFdqF5lqfAbRz-HgnRlZ
70228,יוסי גרין - שושנת יעקב,אדר תשפה,סינגלים חדשים,1Y_7LrqeYNuw8PI1yLy30MLvINgvQtW3G
70229,יעקב שוואקי - בטח בה',אדר תשפה,סינגלים חדשים,1t8jCOJh9j8KHCfgYO9D4-3F9zSSKx6Vl
70230,ארי גולדוואג & אלי קלמר - שים שלום,אדר תשפה,סינגלים חדשים,1lD8V-P1yLdQAJEUelD6St6n_RXqn_iG9
70231,יונתן רזאל - תמים,אדר תשפה,סינגלים חדשים,1FeX9fRbeTB65OiZpVP6e9WY3rmvqdVto
70232,ג'ואי ניוקומב - Freilach All The Time - תקציר האלבום,אדר תשפה,סינגלים חדשים,1AfzaCLWLItqV6jucqdXCUE_xqQtWKf0h
70233,אלדד טסה - הטוב והחסד,אדר תשפה,סינגלים חדשים,1FHVQD0iEvhmJVIKO_Ov2sQdYFgUT70C8
70234,מוטי וייס - על אבא לא שואלים שאלות Live,אדר תשפה,סינגלים חדשים,195u4OYDqgSNsXCPOaGR_isdmr64EuvQG
70235,יואלי קליין - יא דו האסט די כוחות,אדר תשפה,סינגלים חדשים,10Q_serA2Db353jj-AtH6HsSWDyU-xzrg
70236,משה קליין & הראל טל - ואני אשיר,אדר תשפה,סינגלים חדשים,16D5NoL3G321ymJ5o4vCeEDpHUXr-PIzR
70237,חיים אביטל - ותן חלקנו,אדר תשפה,סינגלים חדשים,1qPwh3n_W6GfDglmyPf0EcLrespzIMOJr
70238,מאיר גרין - אומר תודה,אדר תשפה,סינגלים חדשים,1C-xRYpiRzbvlTTf3K3gv1k9CS2qzWrsV
70239,ישראל גברא - מזמור לתודה,אדר תשפה,סינגלים חדשים,1EHZOURr1LdgRoZXieTk1ZN5FsxJmy5cr
70240,יוחנן חייט - בחירה,אדר תשפה,סינגלים חדשים,1A6LxuXEwV4iAXpK3y9Z5tWp8g-ebkJK7
70241,טוביה פרידמן & מקהלת מזמור לתודה - המלאך,אדר תשפה,סינגלים חדשים,1Z4rbCCSDbmR1jEQU0_JVcTvvdA_Pu7Jn
70242,נתנאל אבקסיס - לדבר עם הבורא,אדר תשפה,סינגלים חדשים,1qFFgNPO5LezXPP2OnWt6RUXx8Ry2kp-t
70243,שי גז - אבא מלך,אדר תשפה,סינגלים חדשים,1XuRDl0zax3jUdDdmNwWvipYXiMYiSHa9
70244,"מוטי רוזנפלד, יואלי דוידוביץ', מקהלת מלכות - מחרוזת ר' מיילך מליז'ענסק",אדר תשפה,סינגלים חדשים,1XgDz8z5y7m8nQpuhNHaWUcadAGqgjeYC
70245,הרשי אייזנבך - הלוואי עלי,אדר תשפה,סינגלים חדשים,1Tuyqn4U6aCqY0qfw-FH996aRupgb_HBv
70246,שמואל יפת & ישיבת יקירי ירושלים - אבא טוב - שירשרים,אדר תשפה,סינגלים חדשים,1SLo2n4v4KnCsYt-ID5hQVnC3cBDHxuMu
70247,יעקב ישראל - יום קדוש הוא,אדר תשפה,סינגלים חדשים,1sqNdmKndWKvwTs-uHgwiD1ae00iVe06O
70248,פרחי מיאמי Experience - קה ריבון,אדר תשפה,סינגלים חדשים,1oZ79V6DcKRA_0PYOOUlUCAbJVhNIf9wQ
70249,ירחמיאל ביגון - תורה ומצות,אדר תשפה,סינגלים חדשים,1SIrbrik4F_6F5m6DF3TVUeasMlOdhzfl
70250,יעקב שואקי - קדיש,אדר תשפה,סינגלים חדשים,1nCMO66Hj2X5HeX3kYpQAxRKtPvJ1BD-k
70251,אביש בראדט - אדרבה,אדר תשפה,סינגלים חדשים,15jmHE7Sa2OOYeUrkPhnd6BQZb_ANNfsz
70252,אודי דמארי - היום הזה,אדר תשפה,סינגלים חדשים,12oP4xOGPXksMx-accKbGYAQrxxTYaHH1
70253,מקהלת נגינה & ישראל אדלר - גאט פון אברהם,אדר תשפה,סינגלים חדשים,1mbC7MF_QrtIuYvWua4Sl8L_5KzF0AUKp
70254,שרוליק מילר & אברמי שטרויס - כי לישועתך,אדר תשפה,סינגלים חדשים,1Md221QuhxcN-oaGU6ZzFhPVgidwb9Y7s
70255,"נחמן הלביץ, דור אסרף, אבי מזרחי - אונזער תורל'ה",אדר תשפה,סינגלים חדשים,1VgaYXG0M9wzNStS6yi9A3noHyBTaugm4
70256,מוטי גולדמן - הנה קל,אדר תשפה,סינגלים חדשים,1XTC-7JYgtgDncr1_9tdTZpOGuZyefXcE
70257,שלומי גרטנר וחיים אלטמן - ברחמים גדולים,אדר תשפה,סינגלים חדשים,1cFr6kOq9e2Ve4nCHYQPC4c5mFX6X8tTs
70258,שרולי פלס - והיא שעמדה,אדר תשפה,סינגלים חדשים,15lL9ngj4njyQJoqZqecGAGp1FJIOZRUP
70259,אהרן סיטבון - תפילה לשלום,אדר תשפה,סינגלים חדשים,1RzlPOBP_N8MychzMQf56RSsbAfoegVtk
70260,איתן כץ - ונחה - רגעי חופה,אדר תשפה,סינגלים חדשים,1CwMXnmjBHtVbpgB1SkcPe_bBnush9TMw
70261,אלי מרקוס - מחרוזת ריקודים,אדר תשפה,סינגלים חדשים,1X46nrH5R7bwd8kraIZCduSAbfLeKEQOm
70262,דני פלגון & דוד פרלמן - צמאה,אדר תשפה,סינגלים חדשים,1MZs0YP46AkrBZeYjnMwTV0IfxhuknXo7
70263,ישראל גולדרייך & יחיאל ליכטיגר - כך נבראתי,אדר תשפה,סינגלים חדשים,1pR4r8ZMSbXDFrIJr65iqyTn69LBohF_g
70264,הפרויקט של גולדין & יוסף נטיב - בדמי ימי,אדר תשפה,סינגלים חדשים,1gYIL43Hm6pVye64ZpxaY264r3T6QRqAE
70265,אבישי - גיבורים,אדר תשפה,סינגלים חדשים,1C6ppsKP5fxdsYeYkHrno8g187IFVRYoQ
70266,"יואלי דוידוביץ, יואלי קליין, חיים פולק, בנימין לייפער, אושי לנדסמן, מקהלת מלכות - רעים האהובים",אדר תשפה,סינגלים חדשים,1bdHhm8eTzCrB_w5ecqlTMXZ3Ocp3j0KI
70267,נהוראי אריאלי - קווה אל השם - רמיקס,אדר תשפה,סינגלים חדשים,1rsLm1Cz-WXIzU2fGZi83aZE8D7QLDboo
70268,דייויד טויב & אליעזר שוובר - מרחוק,אדר תשפה,סינגלים חדשים,1GpyeakYTBn_xAAatBUy3-hKnPNm_oTjK
70269,נתי לוין - מעבר לפינה,אדר תשפה,סינגלים חדשים,1WtRFjSB2OwuWJ1LScxPPEZ59Xt1Cdhlx
70270,ליפא שמעלצר - אלעזר ליפא'לע הגירסה באנגלית - תקציר האלבום,אדר תשפה,סינגלים חדשים,1KJIJxR4gyOBvqNdvMQ6UJ6cuDdZhujF7
70271,ישראל מקמל - מחרוזת שבת,אדר תשפה,סינגלים חדשים,1Ri98nk3cEEg-UodryyBivpKPzlIld3kY
70272,צביקי רנד - רננו,אדר תשפה,סינגלים חדשים,1gyZDWEzm82sWcVfGhErc9Tq7v2bzJuqI
70273,יעקב שלמה גראס - איי איי שבת,אדר תשפה,סינגלים חדשים,1H0ATrYQqMiW7FjE8n4lgk6Pu-xNgLQ84
70274,"אבי ריימי, יאיר בודנר, לוי פאלקאוויטש - והראנו",אדר תשפה,סינגלים חדשים,10rY_G3vZXHLIf8HxiZ9r9WTAYPkpQAFh
70275,אבישי אשל & פיני איינהורן - אין עוד מלבדו,ניסן תשפה,סינגלים חדשים,1m5bTyhHdob48Q8w6dT9F_Vd73qTHz6Mp
70276,אברמי שטרויס - מכות מצרים,ניסן תשפה,סינגלים חדשים,1Mlw2Q57wVid6SeK3z-9PUWNKO6i1EmUP
70277,יעקב שלמה גראס - בריוועלע,ניסן תשפה,סינגלים חדשים,1oVgdFqd2ebin2IqXra-FciMOzNqmkOUu
70278,שייע ברקו & מקהלת ידידים - ר' שמחה,ניסן תשפה,סינגלים חדשים,1xLKOJf3RgUQL5lUyQIu8TzHDXkVaGb7n
70279,שעיה היטמן - איה,ניסן תשפה,סינגלים חדשים,16ZYwkxziO_NsoXxB3Y4B7-yGY63vHLOl
70280,יהודה שמעה & מתי שריקי - ושמחת,ניסן תשפה,סינגלים חדשים,1PC7ZUIlk6pGek3A6IgCdifE0AQvqnrW7
70281,אריאל בורסוצקי - דף חדש,ניסן תשפה,סינגלים חדשים,1C0k3PFzy9Yfj2BopjQpeLA037_P7Beno
70282,משה טישלר - נס,ניסן תשפה,סינגלים חדשים,1T1sgHZvDNNkeHRSBi-RW0wu2X6LqXB8l
70283,נחמן זוננשיין - אחים,ניסן תשפה,סינגלים חדשים,1MTOgg_Y_EHu6XA9vxNSSTfhuKVUIuyYm
70284,מאיר חג'בי - שיהיה לי יום טוב,ניסן תשפה,סינגלים חדשים,1_VfMxdjLnkISO1SuHxhsfa7CWLiCHo-w
70285,שי וינר - בכיים של הילדים,ניסן תשפה,סינגלים חדשים,1fdHXQWvYgmAj29KtZnVD3qudCx2hAtvO
70286,חיים גולד - אנת הוא מלכא,ניסן תשפה,סינגלים חדשים,1x5jR43o_PcOtJdWjVhZC_sUD7SD_hEEL
70287,יעקב יאנג - שמחת בר מצוה,ניסן תשפה,סינגלים חדשים,1iJnGUSzZJVO9rkJL1G1iT_qmmAXc2K0T
70288,אודי צברי & חיים ישראל - דרך שאבדה,ניסן תשפה,סינגלים חדשים,1BnV6nSWTBOICevXgDCttlFnzJY7RjCgI
70289,משה דוד וייסמאנדל & פינקי וועבער - מתי תמלוך,ניסן תשפה,סינגלים חדשים,1mdUUi-8lYXJagTVWx-WyaJZCB7aVYs5D
70290,חיים גרין - והיא שעמדה,ניסן תשפה,סינגלים חדשים,1YJswLQWneyu0FY0_JTQYFUV_YoT9yvJI
70291,אליעזר זוסיא קיש - להגדיל שמו,ניסן תשפה,סינגלים חדשים,1Nw4_StI1wyo7k0ZUAZ9ToqGuDqqQ63ya
70292,איצי וולדנר & יודי ביאלוסטוצקי - והבאתי,ניסן תשפה,סינגלים חדשים,1F60_Vz2IAC7_0F9MBcfZpCu7eCHqgbNo
70293,זאנוויל ויינברגר - כאשר זכינו,ניסן תשפה,סינגלים חדשים,181nEZzZg9ARP5bSQ6TLASLG6xzV-vEBc
70294,זאנוויל ויינברגר & אפרים מרקוביץ - והיא שעמדה,ניסן תשפה,סינגלים חדשים,1WCsCJ-D4nXT2XM1qY4ckdn3c1fy2fHxG
70295,מקהלת קאפלה & אהר'לע סאמעט - זינג מיט קאפלה 2 - הלל,ניסן תשפה,סינגלים חדשים,14ytNzTGM7iBBXkEWyiilAc1Z9IytkOKo
70296,מנדי וורך - מקימי,ניסן תשפה,סינגלים חדשים,1goK7-zzI5tshnvYFqhTj_-J7BSFNwWJw
70297,ברוך לוין - Our Place,ניסן תשפה,סינגלים חדשים,1oX8MW-IKTuvL1uvmg1xXElWDDlOZaFXZ
70298,דוד פרלמן - Jerusalem Stone,ניסן תשפה,סינגלים חדשים,1kfiUJ8NjlL67TfWXqTiU69VTHoAKmDqg
70299,שייע קלר & מקהלת שירה - חסידישע פארברענג פסח,ניסן תשפה,סינגלים חדשים,1sogoR6FenXeSq5ujlKuTd8ydyxaiDIgZ
70300,יחיאל טויבענפעלד - ד'בדחן,ניסן תשפה,סינגלים חדשים,1TD2Sx7p81Sy6DnwvfR6s8CC8ATFY7q3t
70301,מקהלת נשמה'לעך - חסל סידור פסח,ניסן תשפה,סינגלים חדשים,1YyWTvICmmCj771ndt5PFS4s3-gTyvwgV
70302,שדרני קול פליי - פלייחג - מחרוזת שירי חג הפסח,ניסן תשפה,סינגלים חדשים,1kd6z_khThlxGzMR-RBaar7QXtgXaSM9K
70303,"זאנוויל ויינברגר, מנדי ברנדויין, מקהלת מלכות, מקהלת חסידימלעך - מחרוזת כבודו",ניסן תשפה,סינגלים חדשים,1kUjzyRtp6pIvqj-JmvqkYt4f8d2iiofV
70304,מוטי וייס - טובה כפולה,ניסן תשפה,סינגלים חדשים,1e-m2UdBOOlCCAyPKNTxuD_l_vs7X-WJz
70305,צביקי רנד - אנא מלך,ניסן תשפה,סינגלים חדשים,1_AjhvYvFpkXzU4NMvCdjgxOBtYRzjyqp
70306,זושא - אלף בית,ניסן תשפה,סינגלים חדשים,1hM2UwtRLFX86tRyfGcl6w-coSe7HYS1H
70307,שלמה זלמן הורוויץ & מקהלת שירה - ניגון הפלפול,ניסן תשפה,סינגלים חדשים,1B2LF2PzqKE4nsqy8Mnb8UQpfwe2OiF2b
70308,"אבי ריימי, יאיר בודנר, משה דוד וייסמאנדל - רזא דשבת",ניסן תשפה,סינגלים חדשים,1caksfPJwOIlUHQ9Z5Dnvty33vLmcjgWy
70309,מנדי וורך - הלל Upmix,ניסן תשפה,סינגלים חדשים,1v31ukSufldrIdmf0APBOpjdytGWgtR5S
70310,מאיר ענגעל - אור,ניסן תשפה,סינגלים חדשים,1OnmM3ad7buYDMXmZQO-ANXfhm4JoLpKD
70311,פרחי ניו יורק - משיח היום,ניסן תשפה,סינגלים חדשים,1M7GOjFNh6IdzCGAl-8AmGlL76TT8pKwJ
70312,מקהלת משאלות - מחרוזת פסח,ניסן תשפה,סינגלים חדשים,1DpAi8PEEGACkY2N7zWwCYxhfW_NjI4Ht
70313,יענקי מרטון - עזרנו בשם השם,ניסן תשפה,סינגלים חדשים,1XMyb36_r-fjQtqRlM5TA482X-8pGG1Ca
70314,חברותא & גיל ישראלוב - אחד מי יודע,ניסן תשפה,סינגלים חדשים,1aB_TJQvAD9enrqGfxq10DWV0uRoutsqg
70315,"זאנוויל ויינברגר, בערי וועבער, אהרן רזאל, בני לאופר, מקהלת מלכות ושיח סוד - אני מאמין",ניסן תשפה,סינגלים חדשים,1D1345fUpYy1txemjGaSzYZ_TSJbbbgY8
70316,"ישי לפידות, יונתן וידידיה וייס, צבי גרינהיים - עלה קטן",ניסן תשפה,סינגלים חדשים,1876q1WLu6T6I-t4mOYIdVi8-VSiG0ec0
70317,אורי אברהם - ביעור,ניסן תשפה,סינגלים חדשים,1cWDVeBGcbZvSaaia-DDlMTQL0XfSPNBx
70318,דוד פעדער - לראות את עצמו,ניסן תשפה,סינגלים חדשים,1lqIId7Mi5kn7mCoDLV9NFDUhCgAtJaiG
70319,"בערי וועבער, שלומי גרטנר, הערשי רוטנברג, יוסי גרין, מרדכי קאהן, מוישי קרויס, אידיש נחת - חידוש נחת",ניסן תשפה,סינגלים חדשים,1D7QKEuXXASpyJvM7jWtqAIgl5fs8nVmk
70320,מורדי ויינשטיין - הודו,ניסן תשפה,סינגלים חדשים,1LsDmEN77RQYHxMuOCB8AlZeKXOquXavv
70321,יהונתן ניצן - יגל ליבי,ניסן תשפה,סינגלים חדשים,1c29FhJFqYekq3uzCm4jGATDNdaVe3Rc8
70322,בן צור & אלייצור - הבת של המלך,ניסן תשפה,סינגלים חדשים,102NIdVOuFxherjETLBKdEQTR1m5FXFUI
70323,צביקה בנדר - מי יודע,ניסן תשפה,סינגלים חדשים,1WtTgb2ro7Nv9HmzKUvU9ZZRLlrLOULSm
70324,שמוליק סופר - תודה לך רעבע,ניסן תשפה,סינגלים חדשים,1KuXH7jJmvRd_o5cI9r7XMgi3sy_f452_
70325,מקהלת הערגייש יונגלעך - ויוציאנו,ניסן תשפה,סינגלים חדשים,1nGYT8DCQ7JDLQLw37eoEje8bFIlsDAyW
70326,גרשי ישראלי & שלומי שיינפלד - סדר טיש,ניסן תשפה,סינגלים חדשים,1O2fkROuBkT-Edv-EGjVbBDbdxub5DorJ
70327,"הרשי סגל, דודי אייזנשטיין, יואלי דוידוביץ, שוכי גולדשטיין - והגדת לבנך",ניסן תשפה,סינגלים חדשים,1icX2ke-JNFCBF3GdgbshHgBRK_N0hbwK
70328,"הערשי ויינברגר, ברוך לוין, נפתלי קמפה - שבתי",ניסן תשפה,סינגלים חדשים,1Ms5sBHt5HWmpLKEwmTWXSHvMZcYcTLbE
70329,הרב יוסף ברגר - ולמען תספר,ניסן תשפה,סינגלים חדשים,19oNqcDW7XpLhjyBlJt-qysfoXCNlTbjq
70330,יהושע העשיל שארף & אברמי שטרויס - קדש,ניסן תשפה,סינגלים חדשים,10CCKDp5f307_ZBpEx0FIrZZ8JDQBGgnb
70331,"רבי גרינספן, אפיקו.מן, מנדי וורך - ים ים",ניסן תשפה,סינגלים חדשים,1N0im7kzHp0lhPKFfST7AWmck8JmTAoq7
70332,שמואל זלמן - סימני הסדר,ניסן תשפה,סינגלים חדשים,1i0U-TzBSuHYFF81uMiCnBqDeh03Qvs7K
70333,שרולי פטמן & יוני אמר - ממתק לחג,ניסן תשפה,סינגלים חדשים,1VwpIEkTrUmiB38oWlM9Y9fn2LF7AHwKP
70334,אלעד אלדד - תפילת הכלה,ניסן תשפה,סינגלים חדשים,1i97aIxisLxwuxt6rBmJVEoNpza3U5ueH
70335,מנחם לב - קרב יום,ניסן תשפה,סינגלים חדשים,12O36sIRL43Go5sVHovK1SaZ1tzSbF-pU
70336,מקהלת אנסמבל ילדי השיר - פסח מצה ומזמור,ניסן תשפה,סינגלים חדשים,1oC8AXhumJqh94E1g9R1IF2yJqnX5RAM1
70337,אברהם דוד פרידמן - לפיכך,ניסן תשפה,סינגלים חדשים,1acQfjWDQ_q_uMRs6PDG7-CNgQorAkT4o
70338,"הרב עקיבא המניק, שייקה הרשלר, ישראל מאיר - מרחוק",ניסן תשפה,סינגלים חדשים,1oOjywDsjMPaIrP4QoJUI3u8csVIoOBv4
70339,רפי ביטון & קולות מן השמים - דיינו,ניסן תשפה,סינגלים חדשים,1FbCKiswDmu5vazWtgPY28ML1FLrh-JMP
70340,שלמה יוסף - אהיים,ניסן תשפה,סינגלים חדשים,1sjsHCbDQ1r5oRU1RUUpdu6anbY5tBJQW
70341,"מיילך ברוינשטיין, גרשי אורי, משה דוד וייסמאנדל, מקהלת יונגערליך, מקהלת ידידים - מחרוזת יונגערליך",ניסן תשפה,סינגלים חדשים,127t0clP4Nt5t-pXMCI0v6-aX7mVyM0Df
70342,יוסי ויטמן - נזכה לעשותו,ניסן תשפה,סינגלים חדשים,1JoaoxW6vExxo6nfXVndmIL0dP8Nc8uoZ
70343,אהר'לע סאמעט - חסל סידור פסח,ניסן תשפה,סינגלים חדשים,1QUxIuuT8P_zQkAT2h0OwP9u37QwGnl8e
70344,שימי יונייב ותזמורתו & ת''ת שיח יעקב - מחרוזת גאולה,ניסן תשפה,סינגלים חדשים,1nMXbmF3x-xKcqguaQfWxTvKYvv3j-E8z
70345,אפיקו.מן - עשר מכות,ניסן תשפה,סינגלים חדשים,1mjoVlOCLeGqB_3aXblXdUQTGFlupas7E
70346,יואי מוכניק & איזי - ממצרים,ניסן תשפה,סינגלים חדשים,1qqC0t6jGB4DwvutKblrFYxx1vbRyrIJf
70347,יעקב ארי' רובין - נשמה'לע מיין,ניסן תשפה,סינגלים חדשים,1zglaSHslnTTQFpuqb4IZDyQF5PvVjTYX
70348,משה קליין - מי יאהב,ניסן תשפה,סינגלים חדשים,1eKKEqr2Z9Ygx4aR6biy4PN7ok23LKsxQ
70349,אלי שפריי & אהר'לע סאמעט - כתפוח בעצי היער,ניסן תשפה,סינגלים חדשים,1lHYTDL7NBJfkZ5pMi3ilvUpibaVKK0dL
70350,צביקי רנד - שיר המעלות,ניסן תשפה,סינגלים חדשים,1Nta7TqrM5X8XcebPHhx18_52LwWaDdJE
70351,לייבי דייטש - קרב יום,ניסן תשפה,סינגלים חדשים,1u5ft6Hb6dhvoWJctmhq0h393pio70x3i
70352,חברותא - ברוך שומר הבטחתו,ניסן תשפה,סינגלים חדשים,1rrhxs7nx20Lg7MhM9rTFuCqbCsRWJtxv
70353,יענקי ברלינגר - שפוך חמתך,ניסן תשפה,סינגלים חדשים,1rfuzj2ks4ynSF2yty3NA9kKRbZ7iuw3D
70354,שלוימי ברנשטיין ומשולם זושא - קרב יום,ניסן תשפה,סינגלים חדשים,1VLOoyaLpT9fGZyCaRQPAjIVq-uu4cSoF
70355,מענדי מארקאוויטש - מיין סדר נאכט,ניסן תשפה,סינגלים חדשים,1ZN3amIpEkLAbDCQ-PtomvIqG86MZdpjF
70356,שלומי ברנשטיין - קושיות,ניסן תשפה,סינגלים חדשים,1-fYygszpt8Xs3o6jYYt6aOtBP-uFEwUC
70357,"חיים ולדמן, דוד אונגרישר, דוד פדר - מחרוזת פסח",ניסן תשפה,סינגלים חדשים,1Fj2a-xXky9z8reEJRMMxqr1pe8qiMb40
70358,שרולי ויינברגר - ולא שבט לוי בלבד,ניסן תשפה,סינגלים חדשים,1eZknDMB3jl45WWDM0To4NXXAwc32fjA7
70359,"אברימי לונגר, יואלי קליין, עקיבא גרומן - עוד אביכם חי",ניסן תשפה,סינגלים חדשים,1dGfRu54HpyIV8vvFJpiCso5yPY-a7KhD
70360,הערשי ויינברגר & נפתלי משה שניצלער - אלמעכטיגער גאט,ניסן תשפה,סינגלים חדשים,1CiFUkWAYFLrXqKwTGFqPgdVrq4n9a2gT
70361,ילדי נערינו ירושלים & ישראל סוסנה - והיא שעמדה - שירושיר,ניסן תשפה,סינגלים חדשים,1lcq1WyJo0GIy24QMk57Pux1UhBsUti9F
70362,שרולי גרין - מחרוזת הלל,ניסן תשפה,סינגלים חדשים,11vCkppDX_rfTFjb21IO9QWLKSRWmNNGy
70363,מאיר רוזנברג - מיין מצרים,ניסן תשפה,סינגלים חדשים,1XT4C_OrVXjuTIfvphony5z2-0FpD9d4B
70364,יואלי דיקמן - אוברטורת פתיחה למופע 'תדבר איתו' של שמוליק סוכות,ניסן תשפה,סינגלים חדשים,1vDSVkJsiSQVIndCP7a7hGzaI8qFCZcXp
70365,זאנוויל ויינברגר - רצה הקדוש ברוך הוא,ניסן תשפה,סינגלים חדשים,1hKATKNr7JDpU74rlhzUXFPCFYHI2dV_G
70366,נפתלי קמפה - ווקאלי - תקציר האלבום,ניסן תשפה,סינגלים חדשים,1H-DS9eIBSbGp-f8NjfH_OsWXF2Nzxb0a
70367,ארי גולדוואג - A Cappella Soul 12 - תקציר האלבום,ניסן תשפה,סינגלים חדשים,1UJGq0ijwVB6wN7RuajyOYyU3Pe4v6b-d
70368,Healing Melodies VOL 2 - תקציר האלבום - ווקאלי,ניסן תשפה,סינגלים חדשים,1jh29R41XP2I_2TYvGgaffUWe4-nZGe5e
70369,מורדי ויינשטיין - כל המשמח - תקציר האלבום - ווקאלי,ניסן תשפה,סינגלים חדשים,1pby8EIEsMLIVJOAigzXTVNM1ktI1qRPt
70370,בערי וועבער - הלילה הזה - ווקאלי,ניסן תשפה,סינגלים חדשים,1nNTP2mCWenz8HAQM0yQkZrxqrB1PQkyf
70371,דני פלגון & ארי גולדוואג - תמיד אוהב אותי - ווקאלי,ניסן תשפה,סינגלים חדשים,1vMV2Hwut8EppomW3u9V34oFrl0pb7QVy
70372,MD באום & ארי גולדוואג - אשת חיל - ווקאלי,ניסן תשפה,סינגלים חדשים,1WhCKvoAluolNPTUEEzEkzqDoEFpa9_Wy
70373,שלמה זמיק & ארי גולדוואג - לשוב הביתה - ווקאלי,ניסן תשפה,סינגלים חדשים,1Bsf-lco8SN1_ZjiVfQwhtLP1H6o5Wel4
70374,שמולי שניידער & ארי גולדוואג - Unspoken Words - ווקאלי,ניסן תשפה,סינגלים חדשים,1zljbtUtRoxkb_puxi3xGvp6kYI7OS3ZI
70375,יוסף נטיב & רועי לביא - יעטוף באהבה - ווקאלי,ניסן תשפה,סינגלים חדשים,1h3h6mipjvOweHf-7eQf1D2RJRl_6YdaG
70376,שי וינר - בכיים של הילדים - ווקאלי,ניסן תשפה,סינגלים חדשים,1fzr4JVjQfU-UKN15JJ6GwFVlcIiTh9Hx
70377,אורי דוידי - בעזרת השם - ווקאלי,ניסן תשפה,סינגלים חדשים,1ijPmFqZrVWVcjh3KGufTEM0eoS-MRLnO
70378,סנדי דינקל - אשרינו - ווקאלי,ניסן תשפה,סינגלים חדשים,1xm2xVJfaGhcX4E9K9y9-NgYl3gv5xNAb
70379,דוד רוטברג - Harmony 2 - תקציר האלבום - ווקאלי,ניסן תשפה,סינגלים חדשים,1IhDMZMbgIXyGNqUEMt_YWTtx5ZI7Ayha
70380,ישראל גברא - מזמור לתודה - ווקאלי,ניסן תשפה,סינגלים חדשים,1xytQ51SlEhOZkZfrVXCEyTlbliur5cGk
70381,יונתן שטרן & סהר חלוצי - מחרוזת עקיבא - ווקאלי,ניסן תשפה,סינגלים חדשים,1nQEiWfnH-NAOpZpWXY7PlY4aYDOAHsxd
70382,יונגערליך - קלאנגען און געזאנגען - תקציר האלבום,ניסן תשפה,סינגלים חדשים,1jSNBCxwPeunVPIrJhZ8OSADOXGDpjApx
70383,מקהלת מוזיקאליש & דודי קאליש - תנועות - ווקאלי,ניסן תשפה,סינגלים חדשים,1i2wG_tZGIImp6GXHCRTViCFG5n-fOYWu
70384,יניב מדר - לאן - ווקאלי,ניסן תשפה,סינגלים חדשים,1L1c3PW_OMDVaUqe6cqmujFXKJAEOcRYr
70385,יוני ולביא גנוט - אחינו כל בית ישראל - ווקאלי,ניסן תשפה,סינגלים חדשים,1b9bFS_ObKynSv9fhvIHuCLE0RAmSb_u3
70386,אלייצור - טאטע תטהר - ווקאלי,ניסן תשפה,סינגלים חדשים,1iPFrBa8BO_oZPm0wCczJymE0A21SuFGH
70387,שלמה מנדלזון - קה ריבון - ווקאלי,ניסן תשפה,סינגלים חדשים,15xJvyPp4teQ5IovHU3kG0oobNVdtZbg3
70388,משה קליין - תחזור הביתה - ווקאלי,ניסן תשפה,סינגלים חדשים,1pfIc6Vtqys-XoZKw0QXTWah5F0MzmwwU
70389,משה דוד וייסמאנדל - אפריון - ווקאלי,ניסן תשפה,סינגלים חדשים,1HehqtGZRFpASX8o3XBL53nmfpsmiA_Ou
70390,יעקב רוטבלט & דובי אילאוויטש - אפריון - ווקאלי,ניסן תשפה,סינגלים חדשים,1KFDVg5PZwpxNyOACXl4td_lIp_0hEaXu
70391,אהר'לע סאמעט - שומר השם - ווקאלי,ניסן תשפה,סינגלים חדשים,1LWXb5c5ZkNcHW6Mw-iDAhbA5urAoOlma
70392,"רבי גרינספן, אפיקו.מן, מנדי וורך - ים ים - ווקאלי",ניסן תשפה,סינגלים חדשים,1DL9NyboRIjhUHh9mfNIGGmNQucvaG0Ql
70393,יוסף עבאדי - בדרך אל האור - ווקאלי,ניסן תשפה,סינגלים חדשים,1jYmz70py5pC0Yg9vw4TXeWgWOtos3BZu
70394,אברימי סול - התפילה - ווקאלי,ניסן תשפה,סינגלים חדשים,1tHBlKhyenhVGumfblRvwMGGvz1YTN-Aw
70395,יעקב שוואקי - קדיש - ווקאלי,ניסן תשפה,סינגלים חדשים,1LgyC488iIziKYUqJkbw0lR1Ms_hUN47o
70396,עדי גביסון - אורות של תקווה - ווקאלי,ניסן תשפה,סינגלים חדשים,1P872___kv_CTbtEjMES8qZt300Jb9I4c
70397,יונתן שטרן & חג'בי - יהי רצון - ווקאלי,ניסן תשפה,סינגלים חדשים,139OrgeXx26tX4zG3Er4b7Kk2GsAdsIfe
70398,מרדכי בן דוד - כרך נחמד - ווקאלי,אייר תשפה,סינגלים חדשים,1hjeaMeRQidkoEKV0TNSQseAPVKRsQQSB
70399,יוסף הלפרן & ארי גולדוואג - Don't Leave Me On My Own - ווקאלי,אייר תשפה,סינגלים חדשים,1sUjY5wHm7taLGay_Qw6FIl278dpFdVjO
70400,מיילך ברוינשטיין & יענקי שטיינמץ - יודע תעלומות - ווקאלי,אייר תשפה,סינגלים חדשים,10hMDf8VV9Rxxd6sVujU5HkGSSBqXl6SB
70401,יחיאל גיניגר - עמדי - ווקאלי,אייר תשפה,סינגלים חדשים,1caJs74XkzJgqQitDM07BBibiRS6ddo7Y
70402,בערי וועבער - דוד המלך - ווקאלי,אייר תשפה,סינגלים חדשים,1Xx9ue-mncFHL8wNzYXnZ8SgR3r_Af9kk
70403,יחיאל גיניגר & ארי גולדוואג - I Need You Now - ווקאלי,אייר תשפה,סינגלים חדשים,1_i6rnKwDtVjqIdsio7q3rBhKWC3iAVdK
70404,ליפא שמעלצר - שלם ישלם - ווקאלי,אייר תשפה,סינגלים חדשים,17WpDQTLo0LEC2hJFIIDMDEOv0YKE21EZ
70405,אלייצור - תמיד אוהב אותי - ווקאלי,אייר תשפה,סינגלים חדשים,1hh3vH_O5n3rVdzrO3ZXTDYXUWpQ6J3LL
70406,אברומי ברקו & מנחם מושקוביץ - זרעא חיא וקימא - ווקאלי,אייר תשפה,סינגלים חדשים,1VidWPka9VjFFXDCvexWxvT6VOfbDTuql
70407,אלייצור & בן צור - טאטע תטהר & סיפורי צדיקים - ווקאלי,אייר תשפה,סינגלים חדשים,1-SADmmWjQkLmgDSsJLTeeLxQGo5dGvwQ
70408,אריאל ברוסוצקי - עד מתי - ווקאלי,אייר תשפה,סינגלים חדשים,1tZ87LJoUWv5qpCBMnoqbCcNp0HsW0NMS
70409,דניאל יטיב - ר' חיים - ווקאלי,אייר תשפה,סינגלים חדשים,1OS3STAoOy9uGb-9HK6_w4ZaEXeSpJXuj
70410,דודו פישר & עמירן דביר - מספר,אייר תשפה,סינגלים חדשים,1lkVhcsL1bkOQgIUvo8VlSSo75UwCYshn
70411,אברימי רוט ומקהלת הישיבה לצעירים - מחרוזת  ושבו בנים,אייר תשפה,סינגלים חדשים,1VO9auyeCa3mgedRo2HeAN8UpmI_PjpCk
70412,יהודה שמעה - שיר מזמור לאסף,אייר תשפה,סינגלים חדשים,1gyL071haNV0dkHH_FKA2zZaUCKGqwJHR
70413,ג'ואי ניוקומב & נפתלי קמפה - ניגון סלבודקא - ווקאלי,אייר תשפה,סינגלים חדשים,19G_6LVpiPOr0KN2nqAjyMU-9AUKtS68E
70414,חיים ישראל & אהר'לע סאמעט - ר' ישעיה בן ר' משה,אייר תשפה,סינגלים חדשים,1raYfmnPgfREx5B23msFszRvKDfDfeux4
70415,"זאנוויל ויינברגר, מקהלת מלכות, מקהלת חסידימלעך - שיבנה - ווקאלי",אייר תשפה,סינגלים חדשים,1NbwolV5Ck31oZwyCSPW55tCsJv-7ZpBZ
70416,יהושע העשיל שארף - רבי ישעי'לעס השגות - ווקאלי,אייר תשפה,סינגלים חדשים,15zz-2NMFfibtp-aJt5F9g8_RtoPZ5kyo
70417,שלומי קאופמן - Even Then - ווקאלי,אייר תשפה,סינגלים חדשים,1D0Caj5XnTs-Uvts_eMiQAO1HJ17gHd3C
70418,מעכי רוזנברג - זה קלי - ווקאלי,אייר תשפה,סינגלים חדשים,1x4E5HCSBlnIjz0UJc3o-C8tGJmiSWDoo
70419,"אברהם פריד, עמיר בניון, כיפה לייב - שמחות קטנות - ווקאלי",אייר תשפה,סינגלים חדשים,1Inm8TQK8xyfLkgSq2j6CgLYTAfKyruhx
70420,מאיר בן דרור & ג'וש וולמרק - עברתי בחושך - ווקאלי,אייר תשפה,סינגלים חדשים,1GVGo5_uoE5lBfbpSvcrfc2sfqHx_ttaZ
70421,מקהלת מוזיקאליש & אייזיק האניג - אנא מלך - ווקאלי,אייר תשפה,סינגלים חדשים,1P6dttxi_87ixdD1ph3UWMmNjENaQuk-G
70422,מוישי בלוך - סט ווקאלי חסידי תשפ''ה,אייר תשפה,סינגלים חדשים,1tvuH7dvpuGJ1j4dqUSAMpRTBWBmwuMGn
70423,שי זוהר - לא אירא רע - ווקאלי,אייר תשפה,סינגלים חדשים,1NHHvxjtt2kGC0NPQMFWrfPniwfqHIFqI
70424,מקהלת ידידים & אלייצור - תמיד אוהב אותי - ווקאלי,אייר תשפה,סינגלים חדשים,1KwGpL3ZMAlZSGAY_DsO5RmskorveihOF
70425,קובי ברומר - בלעדיך - ווקאלי,אייר תשפה,סינגלים חדשים,1GS-D7k6Rdo6KD8dGvIigzHQSdL5KxuZ9
70426,מקהלת מוזיקאליש & שלום למר - קרוץ מחומר - ווקאלי,אייר תשפה,סינגלים חדשים,1F8T9XUSDl7Iu_DcjHsDE6yKBpc5xKe7X
70427,שרולי ברונכר & מענדי טווערסקי - א נייע טאג - ווקאלי,אייר תשפה,סינגלים חדשים,1rPei6h6i5jvda33PvoFS2ITrZFM1JseN
70428,מאטי אילאוויטש & מקהלת תנועה - רבי עקיבא - ווקאלי,אייר תשפה,סינגלים חדשים,1BW3Ul7yze0A5xB_zhuBRck_m1xBEdMCL
70429,ארי סאמעט - וידם אהרן - תקציר האלבום,אייר תשפה,סינגלים חדשים,1feXJf0CjUQ_8r8VZ1CIB31vUBGLbRZq-
70430,בוסטון - מחרוזת ל''ג בעומר,אייר תשפה,סינגלים חדשים,1Ilul9VhogwgfsQXzGrQTfRXWE1NB0XVx
70431,DJ יהודה מור & DJ אבישי אהרוני - סיני סיני - רמיקס,אייר תשפה,סינגלים חדשים,1dQuJNxc2XRNQHsR9bjeSQ2YKpPLVuqNy
70432,משה דוד רונזל & מקהלת הללו - מגן אבות,אייר תשפה,סינגלים חדשים,1uccck5QxpIuVF6VzgNtte7Tu_yZtazHC
70433,נריה אנג'ל - סיני,אייר תשפה,סינגלים חדשים,1tMnQQqJ2O0bkaE9P6iXTucZrXadPaC6v
70434,יניב בן משיח - רבי שמעון - רמיקס,אייר תשפה,סינגלים חדשים,10RDdTbhERcnSVLOoSIXEmaXscEogGgar
70435,דוד חפצדי - ואמרתם כה לחי רבי שמעון בר יוחאי,אייר תשפה,סינגלים חדשים,1xrzQfGqZkJ8zjiV5GLcdHlfEcyed2J9H
70436,נחמן פילמר - סט כלייזמר 2025,אייר תשפה,סינגלים חדשים,1Q_hmkBhhrn1iPcRDyjF8jDi8X93B9wZF
70437,שרולי גרין & שמילי לאנדא - עפן די טיר,אייר תשפה,סינגלים חדשים,1GUp-C_GZjABG_mzIbXHmtvgnUR406M-R
70438,שרוליק קלצקין - יראה,אייר תשפה,סינגלים חדשים,1Z5ADzMch8wb6mk5Dl_vOtu70FOOyGEn9
70439,"שמוליק לונגר, מנדי וייס, יואלי דוידוביץ - יבטל",אייר תשפה,סינגלים חדשים,1ncUpdguZYL4x_aAffLKx3zph00Bx1Otr
70440,ארי היימאן - מבטל כל הגזירות,אייר תשפה,סינגלים חדשים,1U7NgamWVfXY3AgCjh3EwueqC1XpW8BGI
70441,שמילי גולדברגר - רבי שמעון,אייר תשפה,סינגלים חדשים,1gRx6Rg3fC74w2mbWILeTOlT4E6IPxnbl
70442,הערשי בלייך - טישן אויף בענק,אייר תשפה,סינגלים חדשים,1AdRgmxGIXaKQpBX28yxtscMQYDAiN_wV
70443,איציק שריקי - לכבוד רבי שמעון בר יוחאי,אייר תשפה,סינגלים חדשים,1XWdjD_9-Lr2K0PrEAVRZ3cGUnnTp07PM
70444,חיים מרדכי עקשטיין - א טרער און מירון,אייר תשפה,סינגלים חדשים,1-r-sEU6EEPWnEsbofWZ0Dsm0iZNABxDa
70445,יוני Z - יא יאללה,אייר תשפה,סינגלים חדשים,1eZm71aFQ1m26Jxembnb-u9vfcWBwlTyg
70446,משה קליין - תתבונן בעולם,אייר תשפה,סינגלים חדשים,1xv7PYYzQe5kFNYd_i-ZyHWHN_tF4NDw7
70447,הפרויקט של תמרי & אהרן רזאל - אעופה אשכונה,אייר תשפה,סינגלים חדשים,1i3Z_-G5qRVJ0-DcuaM9XD3B10kfSkOOz
70448,אייזיק גליק - זעהן גוט,אייר תשפה,סינגלים חדשים,1YiYsatpG0onDpG2HHMeG6Fgmy3ZO-IKX
70449,אלכס קלייר & אפיקו.מן - The Cave,אייר תשפה,סינגלים חדשים,1WkbN1zaUeyEsgkiDY5N3KSJ6YOOk_Qgw
70450,"נוחי קראהן, יצחק מאיר, מארק לוין - ידיד נפש",אייר תשפה,סינגלים חדשים,1pZNn4DxPbJBHpIjxYAWOnxYLH045JffG
70451,שלומי ברנשטיין - עקיבא,אייר תשפה,סינגלים חדשים,116H0mfhHt3g6kO4LljOGoHgAY0ZVT2g5
70452,אברומי & שייע ברקו - נאר דער אויבערשטער קען העלפן,אייר תשפה,סינגלים חדשים,1cfbGBdxuPGqHIWHCJa0B3iQZOehMtUtT
70453,יהושע העשיל שארף - רבי שמעון לכל,אייר תשפה,סינגלים חדשים,1YQEc97v0m1Hk6KB0fn0-dLgpWjyRiLmk
70454,אורי דוידי - תודה רבה,אייר תשפה,סינגלים חדשים,1NnHUEZ7Uumnf3K4MPBzRs8KVTvh9SkbD
70455,יעקב גיפטר - אשר ברא,אייר תשפה,סינגלים חדשים,1VRpQCPjT8MnNv2dm6AOzI6S9Vt6oWI17
70456,משה לוק - אני אפאר,אייר תשפה,סינגלים חדשים,1S8FnVMT1QQD6lhWpBGGMLqsiRjs-9xaq
70457,אורי אריאלי - אין עוד מלבדו,אייר תשפה,סינגלים חדשים,1R1hEQplCp8ZdROU7xFofafv0VM7nVjXl
70458,ארי סאמעט & הערשי ויינברגר - וידם אהרן,אייר תשפה,סינגלים חדשים,14cdMo_nSlI16l3IVWGXX1_-ciIonLFFf
70459,יוסי גרין & יוסי צוקר - רייכטום,אייר תשפה,סינגלים חדשים,19ix_ec3He-atf5ku8YQyq6tpu2DvITys
70460,שי וינר - יש לי מלך,אייר תשפה,סינגלים חדשים,1Dyl8WVpETs4QHlvYaCT2TLnAtlAj5cds
70461,מעכל ליבער - יום השישי,אייר תשפה,סינגלים חדשים,10Jqg_Dpgy9V40D51BnNlluwERoFAsGtP
70462,מרדכי שפירא - Trying My Best,אייר תשפה,סינגלים חדשים,18XbnRhS0aGW9xlpv861FOeLfTKxR0SNq
70463,מרדכי שפירא - קיוינו,אייר תשפה,סינגלים חדשים,1G17vypA5ucKqH6_51xE8VTgEQsYC6bcG
70464,דוד פרלמן & להקת נשמע - מחרוזת סעודה,אייר תשפה,סינגלים חדשים,1Y0FCCfu9j-yq-Qm-ZcPFv1uF5VO-LiNp
70465,זושא - This Is How,אייר תשפה,סינגלים חדשים,1fRhWvBodaySgXlzEvbNUmxb22rTpoy6I
70466,מידד טסה - אני עם אבאל'ה,אייר תשפה,סינגלים חדשים,17R5A-2Q_A5ReBmBxmvhB8GzUE9kq_g5t
70467,יעקב שוואקי - קיווינו,אייר תשפה,סינגלים חדשים,1B07IULrqUgAHL2XEAtfTFWOaZgzrYjRG
70468,גבריאל שמעונוביץ - הדבר הזה,אייר תשפה,סינגלים חדשים,1GNEXBubmFY_F9sjDSBRmauwkIo1t9w3x
70469,אודי דמארי - הכל בסדר האלוקי,אייר תשפה,סינגלים חדשים,1udWJxh0Xo0MVQmnfvXKYL8VY1mvSy3JK
70470,שלומי דקס & מקהלת זמירות - מחרוזת אני מאמין,אייר תשפה,סינגלים חדשים,100l4XN-n-XnatvJErEvZJN1Gc4qE_r-3
70471,משה קליין & הראל טל - ואני אשיר - רמיקס,אייר תשפה,סינגלים חדשים,1qMyHTSeoqDmmH58gJwRS9OIAoTLEDDLO
70472,אריה רובין - פנים יפות,אייר תשפה,סינגלים חדשים,1XXY8pfx528yMOmty-0hDaNROq5KFCPTX
70473,אבי לרנר - מחרוזת תחשוב טוב,אייר תשפה,סינגלים חדשים,1a0bEhmlqef2rmvcO-OkJMtuIpMdfBKBc
70474,זאנוויל ויינברגר - רצוננו,אייר תשפה,סינגלים חדשים,1hUarBIPkaAqNOHXOBagQMKHMYFeWcaGf
70475,יענקי דסקל - אתכנשו,אייר תשפה,סינגלים חדשים,1h0RfVva2a3bpAWZgsZcO-sOY32s0fRj6
70476,פיני איינהורן & ישראל סוסנה ותזמורתו - אחת שאלתי,אייר תשפה,סינגלים חדשים,1vTUIcP2T8sTLXVeDj8XuKCjaegfJbTPq
70477,רפי ביטון & קולות מן השמים - אור וירושלים Live,אייר תשפה,סינגלים חדשים,146PiZYp_GRsMvefK3aUfBBUqxeTyRhGK
70478,אייל צרפתי - הכותל,אייר תשפה,סינגלים חדשים,1spyO0DvNdohKNfEP_rr8kPaPBHI9HbZ2
70479,אורי דוידי - עוד יותר טוב,אייר תשפה,סינגלים חדשים,1fRJkFhDNEUov_LeSW_KqU4br33GBgw-4
70480,"רפי ביטון, קולות מן השמים, ניסים סאאל - לקול שיריך",אייר תשפה,סינגלים חדשים,1XCmZNTql-ArBEBDhxLcthJl1m35ymDxs
70481,ישראל מאיר - ונראהו,אייר תשפה,סינגלים חדשים,18P_SvjD0_RDXknDe-6J1iLXWvEx3L_PH
70482,מאיר חג'בי - שנינו חיילים,אייר תשפה,סינגלים חדשים,1f0OUo7muWqB5oR3Jo7CHyReszDXRDD5D
70483,אברהם פריד - ניגון זיידע חיים אייזיק'ס,אייר תשפה,סינגלים חדשים,1Bb6AuRchAuDmw5bAX8fldxMUXbBYgwif
70484,גד אלבז - משערייך,אייר תשפה,סינגלים חדשים,1y3T54n32LObRL3lEiW5-zKYFZErvsdm4
70485,ישיבת הכתל & עמיחי פלסר - והראנו בבנינו,אייר תשפה,סינגלים חדשים,1hbDqQVijjI8V6qIM-1_1qxJ1iYCY9McQ
70486,אליה והב - חזק אותי,אייר תשפה,סינגלים חדשים,1KEgnkdqaGlM9V3AfGTHvp8dQI2gVxnh1
70487,יוסי פריד - קומזיץ,אייר תשפה,סינגלים חדשים,109ft4ZHFlbgRdnRw7EAAh7aOjmUC-8vy
70488,ברק כהן - גם כי אלך,אייר תשפה,סינגלים חדשים,1gIrzF1-jjPxeUWn22AGn-xawO7WFa2Oj
70489,שמעון לוי - סלח לי על הכל,אייר תשפה,סינגלים חדשים,1cbff1ZwpfpDgblK_XqSjzrpq3G51N_0I
70490,זלמן שטוב - רצא ושוב,אייר תשפה,סינגלים חדשים,16ltZuR0r_y1ulP_JrAzTgWbMgTQfwSPb
70491,"אברמי שטרויס, הרשי אייזנבך, יואלי דוידוביץ - קרליבך תורה מדלי",אייר תשפה,סינגלים חדשים,1hIuazNefDkSGL3t52vtB1AKXnG_9qeyQ
70492,אלי הרצליך - בזכות התורה - שירת המונים,אייר תשפה,סינגלים חדשים,1RVId3vqGMvitXcmqMoB6Zss4yYyR3Nff
70493,שמוליק סוכות - התעוררי - קולולם,אייר תשפה,סינגלים חדשים,1cc9cVzl7Es-t9_z-Dn3ynEYSKLBJJBxb
70494,לוי יצחק כהן - די נשמה ניגון,אייר תשפה,סינגלים חדשים,1rsz4M3XOhs1Ye8-dIwq2cfzVvdjSh1Vu
70495,הערשי בלייך - נעשה ונשמע,אייר תשפה,סינגלים חדשים,1CwA04VMA4CJARVUU5yuzxkXiEwF7Pulz
70496,"ישראל אדלר, דודי קאליש, גרשי אורי, פנחס ביכלר, מקהלת מלכות - מחרוזת ובנחה",סיון תשפה,סינגלים חדשים,1Rf8fePVVjsDXn5tv5UQa_PAxvWx1gpJz
70497,שמוליק סוכות - הקב''ה איתי,סיון תשפה,סינגלים חדשים,18AncRtGu8RxeiRlA4sSP4J2bi1M6_tBt
70498,אלי דקס - עכשיו אני יודע,סיון תשפה,סינגלים חדשים,172yDhg6iXl9Xyd5mVo7Tu8NJ9yWywXXe
70499,אריה קונסטלר - כל הנשמה,סיון תשפה,סינגלים חדשים,1TTnYcElqhrcgaCmccxhl5pLt-ajDAR_z
70500,יהודה קירשנר - עד מתי,סיון תשפה,סינגלים חדשים,1ZEVrcTvVOujqC-ojTSkJrkIjdMvsUOXC
70501,יצחק ריס & ת''ת חפץ חיים כרמיאל - תורה,סיון תשפה,סינגלים חדשים,1G1gYrq74v8IYJG5mRRgvM67w2Fn8SWi6
70502,שמואל הוניג - כאיש אחד בלב אחד,סיון תשפה,סינגלים חדשים,1TXteUSErZhGzOir9RllYnEjWgrPoBJhI
70503,דוד בן ארזה - לכו למים Live,סיון תשפה,סינגלים חדשים,1RYxtKWHTuNVsVDotTK0_3B3K9AM9xCnj
70504,"יואלי דוידוביץ, שוכי גולדשטיין, הרשי סגל, דודי אייזנשטיין - די הייליגע תורה",סיון תשפה,סינגלים חדשים,1K-ZPXr1A7vg1CykL2ZwFPtobwMDAgKY9
70505,קובי גרינבוים & דוד שם טוב - והערב נא,סיון תשפה,סינגלים חדשים,1tWR2c3_nPqDIvkU8R4utz9EtnyVOQgu6
70506,שרגי קלוגער - שבועות Cover,סיון תשפה,סינגלים חדשים,1pXetGTwaPPruGk_jLatjAdMTFuMBNhlI
70507,צבי גאלדרינג & חיים יודל האפמאן - אהבה רבה,סיון תשפה,סינגלים חדשים,1ovsaV9zPCdK8MQig3tT9H9cDrJNAdg0m
70508,ישעי לברון & מוטי ויזל - כד יתבון,סיון תשפה,סינגלים חדשים,1s1Vi2QCzt0_D4mJCnj81tUyIJ05N2VlO
70509,אבי הס - מעין המתגבר,סיון תשפה,סינגלים חדשים,1To46Ym4rSQWN8XlqgSKAI543CfBeQ924
70510,מרדכי בן דוד ויידל ורדיגר - שמע בני,סיון תשפה,סינגלים חדשים,1PuF5MxaP4mR7rhm1kOvguxMr38Ta94_4
70511,אורי דוידי - תורה מגנא ומצלא,סיון תשפה,סינגלים חדשים,1wxG6HZvATwB1MJ5kEHwhS3bnC6z5wtCg
70512,איצי וולדנר & יעקב שוואקי - ותערב,סיון תשפה,סינגלים חדשים,1-3zkNSRxzSGsF31t0X_U8GpKOPygLFl8
70513,צביקי רנד - מים רבים,סיון תשפה,סינגלים חדשים,1k-hzL3Uwy4Dfp1GFV2KsUwTzaFYGwIv8
70514,אבי אילסון & ישיבת יסודות התורה - קעמפזיץ - מחרוזת שירי שבת,סיון תשפה,סינגלים חדשים,1tX404nFwS-eFdRAqPiUSRm2DXZ7Sr_mT
70515,עקיבא גרומן & מקהלת חסידימלעך - התפללו,סיון תשפה,סינגלים חדשים,1UcCEfmvxE1hjaLP1HQqEllb5yn31XH63
70516,דוד חפצדי - יישמע קולי & איזה לילה,סיון תשפה,סינגלים חדשים,1K3BNHBo9hBkHtcA06gf_6igE5IORURtk
70517,"אבי ריימי, יאיר בודנר, אהר'לע סאמעט - וזכנו",סיון תשפה,סינגלים חדשים,1F2jgeY3q4QpONkEpchelTYBSK1vCItWS
70518,יהונתן ניצן & דודי ברים - אתה בחרתנו,סיון תשפה,סינגלים חדשים,1mpUh4G7AmCE1vN9R0kkON_xEWW0GjcZo
70519,נפתלי קמפה - כד יתבון,סיון תשפה,סינגלים חדשים,1RIlANlHMF8pA6LuVzFXnidzcgIf5TpxT
70520,ארי היימאן - מחרוזת הייליגע תורה,סיון תשפה,סינגלים חדשים,1oEMLURvbCVQzJe2JaMF1fcJdXGBZ3y63
70521,דוד בערגער - תורה'דיג,סיון תשפה,סינגלים חדשים,1xXaLDyGEhvsY8mWah2eH4WuwlNWf10Ob
70522,מאטי אילאוויטש & שלום לעממער - סמבטיון,סיון תשפה,סינגלים חדשים,1vQvc873PkjJGntXZYLe7oe8u45e5Jmsc
70523,מקהלת דואט קינדער - מחרוזת תורה הקדושה,סיון תשפה,סינגלים חדשים,1Qmqd2AmYVN_9jk5kwR_nXtKcrOL3wfDx
70524,דודי משי - ויהי בנסוע,סיון תשפה,סינגלים חדשים,1CXBEjC61nPIdhCad3jVVPO2bJEk39ur-
70525,יונתן פסיקוב - מידת ההשתוות,סיון תשפה,סינגלים חדשים,1RQZgl3WYui4VF3TVT7C4f9Z_pwtF5rjW
70526,אהרן יוסף פרידמן - אהבה רבה,סיון תשפה,סינגלים חדשים,1y3rLsWuOH2SWnL2TLdP224jUU6-8ouP7
70527,בית ספר חורב רמת גן - תורה תבלין,סיון תשפה,סינגלים חדשים,11ywOrHiTN9H7FaoThZ1-GPrw4LyXpa8D
70528,"נפתלי קמפה, הערשי ויינברגר, זאנוויל ויינברגר, ברוך לוין - מחרוזת תורה",סיון תשפה,סינגלים חדשים,1YYdK2ateyCHuVExH2hazlNHlj41bRA-z
70529,נחמן פילמר - סט מתן תורה,סיון תשפה,סינגלים חדשים,1yhS8SrC_00qOKXcmGO94uRUY241UFhmp
70530,מרדכי בן דוד & ישי ריבו - תורה הקדושה,סיון תשפה,סינגלים חדשים,11Dfp7LjxV_g5oNX9QFqxR-xCKC59s2Ml
70531,עמירן דביר - כדיתבין,סיון תשפה,סינגלים חדשים,1VV0hjBFns5tm4El0I1zQlNal2ELFXMtJ
70532,יעקב שלמה גראס & לוי יצחק לייפער - תורה ביסט אזוי זיס,סיון תשפה,סינגלים חדשים,1moNtC3cqMyVCJUYOfLOjc-6bpPXx9emN
70533,רפאל מאיר האלפערט & יששכר גוטמאן - אהבה משולשת,סיון תשפה,סינגלים חדשים,1DvPMIsPgwu07KU2rEUG1Vqfx-888tDAh
70534,הערשי ויינברגר - תנו רבנן,סיון תשפה,סינגלים חדשים,18RhKu2IEjydRBWukH1iVRewdOeP5yuQb
70535,ישיבישיר 7 - ליפא שמעלצר - ניגון עליה לתורה,סיון תשפה,סינגלים חדשים,17CeOePEIpKx7bM9B8GN9_KqkBeCHBghz
70536,ארי היל & שמעון לוי - רוצה לתקן,סיון תשפה,סינגלים חדשים,1imoZ_OmgXyQ8GegrjmGOfNVfda6cdJlQ
70537,אפרים מנדלסון - קראתי בכל לב,סיון תשפה,סינגלים חדשים,1zBPvX3T3Zf-wmyDQifr59OmscYY1zCDc
70538,אברומיש - משכהבבל,סיון תשפה,סינגלים חדשים,13tWCNs84lIsnHo-P9yf7vp8QbSOM94HX
70539,לייזר לוי - עוד ישמע,סיון תשפה,סינגלים חדשים,1dxDL7iysQ3cvaOgIToAmDG0ggQVqFr77
70540,גבי אהרון - בלבב שלם,סיון תשפה,סינגלים חדשים,1LSOjBcRLpqVaXovB7_Bl0RIwNCFReX60
70541,יענקי ברלינגר - אויסגעוועלט,סיון תשפה,סינגלים חדשים,1EVuF53fRomBhRmkxUHnvK_Z7sg2ucsjW
70542,אהר'לע סאמעט - יהא רעוא,סיון תשפה,סינגלים חדשים,1EUXOXkNpGnuY9pVviS2OQv2KOZAsQJFL
70543,משולם גרינברגר - אשריכם,סיון תשפה,סינגלים חדשים,1XZz1cNNR0i7O3h_SWzPENOFls8jJY9Dr
70544,יואלי קליין & אהר'לע סאמעט - כי הם חיינו,סיון תשפה,סינגלים חדשים,1AgWx-EQFnO68QNCuXIIISGhcVeUsOzNG
70545,אבישי אשל - חופה לבנה,סיון תשפה,סינגלים חדשים,1cUD4rjjAMk0y_NJ4YglMTqFVYgwXw5nQ
70546,דניאל יטיב - כנפי רוח,סיון תשפה,סינגלים חדשים,1XM0oCT6NHPzw7gW-u8crOpE-kvGjwZ6A
70547,משה דוד וייסמאנדל - בקול נעים - תקציר האלבום,סיון תשפה,סינגלים חדשים,14hSrrtxoZjeDV3eLfWQ6oSjDflEeDvYR
70548,ג'ואי ניוקומב & בני פרידמן - Freilach All The Time,סיון תשפה,סינגלים חדשים,1h4MuYqbEz4cgp2kmonnXOpmoym7I2ePz
70549,איציק דדיה - בית של שלום,סיון תשפה,סינגלים חדשים,1jkj1BTaRaIeHPvzWv5GjjPuoLFBEgXZj
70550,נמואל & שמילי אונגר - כי לעולם חסדו,סיון תשפה,סינגלים חדשים,13bbc0qqXzCZ2xmiv2_vv6MA_SENdxuGi
70551,חיים פולק וברוך ויזל - דרכך אלוקינו,סיון תשפה,סינגלים חדשים,1AhMGEM49qUr4-BIsFnd3zjCFyYFSLiLb
70552,איתן כ׳׳ץ - בית ה׳ - תקציר האלבום,סיון תשפה,סינגלים חדשים,1sF4v6eHLDKAxGmZ8uC8FyzNyAK5VFAl6
70553,משה אוסלנדר - קטנתי,סיון תשפה,סינגלים חדשים,11b_0MF8fS3jBK4MHHprWsaZUsQCV20Cd
70554,משה קליין - תבוא,סיון תשפה,סינגלים חדשים,1qvM35JqvEQQ5l0Sy4GguPPy0_UQJ2cvQ
70555,שלוימל'ה קרישבסקי - היום קמתי שמח,סיון תשפה,סינגלים חדשים,1crX92es4L7EZ7yaxssQS73B3J6VmkqR2
70556,קובי גרינבוים & אהרלה נחשוני - ריקודים LIVE,סיון תשפה,סינגלים חדשים,1Hhq-WY7VrwsvhPB1r3QXv7T1YulQg7na
70557,משה דוד וייסמאנדל - בקול נעים,סיון תשפה,סינגלים חדשים,15ZHuxJp2hU3ZZemDq_SAOSoQduD485SM
70558,דינוב - אשירה,סיון תשפה,סינגלים חדשים,1InQn1ChanZmvwxqn1yAu0o1hZwvwNDwO
70559,משה קאהן - עוזר דלים,סיון תשפה,סינגלים חדשים,1RGCA8JT1NG9mYABbvh9rkg9mcPkOBII2
70560,מענדי טווערסקי & חיים טווערסקי - דיין רצון,סיון תשפה,סינגלים חדשים,1bke2peWKvHUczX99dzSIpIWKcQCZealF
70561,מרדכי שפירא - אין כאלקינו,סיון תשפה,סינגלים חדשים,1uC8K86AsHN7sBtt27DtEBywwHzJfEoUi
70562,מרדכי שפירא - מי אנכי,סיון תשפה,סינגלים חדשים,1CRhtbdxJDcQzZl7vbqVg9W77nvugBs63
70563,שמחה יעקבי - מחרוזת חופה,סיון תשפה,סינגלים חדשים,1rEdcwcBxyYFqX8CLuWBzLn7-SwSggF9h
70564,דובי מייזעלס & פינקי וועבער - אן אמת'ע קרעכץ - תקציר האלבום,סיון תשפה,סינגלים חדשים,1Vz2azGSzQTWChvuyOIdcQdFD2P8yFx5B
70565,יהושע מרקוביץ - תורה,סיון תשפה,סינגלים חדשים,1ssAeD3ndUUZ0VJy7dWpBjRIrZ-FAb40f
70566,איתן כץ - בית ה',סיון תשפה,סינגלים חדשים,1ff48BNe0hfUF_pL4_y_RJiboSIe23HBB
70567,שר שלום מהצרי - האר עיניי,סיון תשפה,סינגלים חדשים,1cFXH0O0SrHqczLpNzDpk7ZXon7k9pT5o
70568,"משה לוק, רפאל ועקנין, יחיאל לוק - אספר חסדי אל",סיון תשפה,סינגלים חדשים,144kHJrElkMQMAHLnYmO5-qtLKP7XTjIk
70569,אלי הרצליך - ותלמודו בידו,סיון תשפה,סינגלים חדשים,1G5s1-4MfWvlWa_UET9-psKvJ2OKlxLie
70570,ברק גרוסברג - רוצה להירגע,סיון תשפה,סינגלים חדשים,1dW91H53iXqTWefxpqK99EqhvzPoQDolc
70571,שמעון בר יוחאי - צעד לאושר,סיון תשפה,סינגלים חדשים,1hfefQCAYAcU4Uqe3euXv0967Xp3mFpv7
70572,ארי היל - עולם שלם,סיון תשפה,סינגלים חדשים,1Ol75SIJrGQjU01o9lHLTwbpyGfy7IbUZ
70573,"Abe Cohen, Ari Cukier, NACHAS - Torah is Our Guide",סיון תשפה,סינגלים חדשים,1CpYWH4ldJGxR99H2uDADhinZZzGtAuVl
70574,ברוך קלעמפנער - נפלתי וקמתי,סיון תשפה,סינגלים חדשים,1mD9TRX83gsLHoWefNYC4WkhI8aZzygJ7
70575,"קלמי שווארץ, שימי לוי, ארי סאמעט - וועסטל טאנץ",סיון תשפה,סינגלים חדשים,1TQE89ojrYGtgUkNrC_YESK008jgtJlk2
70576,חיים ציפל - עומד במקום,סיון תשפה,סינגלים חדשים,1y6pIB6ZbZ5M7VFxmPwMapI-ZQrqH-RvQ
70577,נתנאל כהן - נתנאל'ס נוסח,סיון תשפה,סינגלים חדשים,1bVP-6q5Kk3N2sZ2b5q0bax3JMvXc6JXQ
70578,שלמה הלוי - מה רבו מעשיך השם,סיון תשפה,סינגלים חדשים,1_NjXkFJFTJejsJ0fVn5p_cRXg3p7zENX
70579,משה דוויק - מחכה לימים של שקט,סיון תשפה,סינגלים חדשים,1oFSfgs1ZwXIxeXpkUDYiEai4Lf3tQjZO
70580,זלמן שטוב & אהרן רזאל - על נהרות,סיון תשפה,סינגלים חדשים,1rz3DojMQ9klh-r4WNWl7Iae6V_Kwyox5
70581,אביעד יחיא & בועז גדקה - אם אשמרה שבת,סיון תשפה,סינגלים חדשים,1Uuzj_W-c_RDEJODjDzZZM1iQkgwhBP6O
70582,אלי וינר - מנוחה ושמחה,סיון תשפה,סינגלים חדשים,1Hpb0FvCA1oSTWItEnZTx-LP6SaM5WmYU
70583,יידל ורדיגר - הוא ולא אחר - תקציר האלבום,סיון תשפה,סינגלים חדשים,1zTZiSmCtHZXHD6xQAtgx-FvatDFO_hO4
70584,"ישעי' לברון, ירמיה דמן, משה דמן, יוסף צבי ברייער - בעלזא אוצרות - ליל שבת",סיון תשפה,סינגלים חדשים,1lI16iLDZSyMxNIuvWJuJ2W4f9sQl7txE
70585,דוד חפצדי - ילדי,סיון תשפה,סינגלים חדשים,19oZYhwhUlycjnPLs-lY3KcKB7CQwsbyt
70586,צביקי רנד - שמרה נפשי,סיון תשפה,סינגלים חדשים,1Y59FCq1Ho_MPgVHMdKEb5WLujAqhmTYZ
70587,"אבי ריימי, יאיר בודנר, מקהלת קאפלה - וביום השבת",סיון תשפה,סינגלים חדשים,19lv0HAlTVRqyLP0FPjuDVr6Pf8_5Mp22
70588,יוסף קוגלר - אהבת ישראל,סיון תשפה,סינגלים חדשים,1UMz0YlPGa1JluLWFEcZWKnE1nhWXLOD4
70589,יוסף קוגלר & יחיאל גיניגר - הכל יודוך,סיון תשפה,סינגלים חדשים,1KZMi6gbyMJhGfn5HWK_8GYG3TK0-6RQX
70590,בנצי מרקוס - Dance Forever,סיון תשפה,סינגלים חדשים,1QnwSkf4TF6OukujAyjCiZYOOQM4Mv9fu
70591,משה מילשטיין - שבת,סיון תשפה,סינגלים חדשים,1ZMg2hIKVLi35JwqzTx56KrFw5qrBLdIt
70592,ירוחם ווייס & מקהלת ידידים - מחרוזת ריקודים,סיון תשפה,סינגלים חדשים,1JQusgWVCn83h4zRToe3tk3j7t4DulctY
70593,ארי גולדוואג & רפאל קליין - שלח אהבתך,סיון תשפה,סינגלים חדשים,10JD4HoCKbu80oC8JHY8WT_oPA5NqtAbE
70594,"יואלי קליין, מוטי גולדמן, יהודה מנהיים - ויחון אותנו",סיון תשפה,סינגלים חדשים,1_zHt-rvZdtl7B_pIDMVDkhLs3cmE7CIV
70595,יידל ורדיגר - קומי אורי,סיון תשפה,סינגלים חדשים,1myFLXYglG9HdGufxMztV5ZADfssYEiSS
70596,"אלייצור, איזי, בר צברי - תשמור עלי",סיון תשפה,סינגלים חדשים,1FIrY9FVMO3a5Yfn-JIgeipMFc0oDWn6W
70597,אלי וייס - אמר רבי יוסי בן קיסמא,סיון תשפה,סינגלים חדשים,1pURXhK3TULtiz9YvYcXlT7rGViLXO9qS
70598,שימי סגל - עוד ישבו,סיון תשפה,סינגלים חדשים,1t2YLPDIy0vIm-_gdjgX6sSrXCVryObHC
70599,משה אוסלנדר & מנדי וורך - מלך העולם,סיון תשפה,סינגלים חדשים,19-oLctcF8igJOMDEqETdnoZVnzuOmAUJ
70600,דניאל אלישע & אברומי וינברג - דרוש נא,סיון תשפה,סינגלים חדשים,1l8KgxqVfhsrGjOORLKWr1D8rs-By0YgT
70601,מאיר משעלי - מחרוזת אל תיפול,סיון תשפה,סינגלים חדשים,1VUASNKpeXiXjrVJXXOc6DrQ5aOx1I2Ut
70602,הרשי אייזנבך - הלוואי עליי - רמיקס,סיון תשפה,סינגלים חדשים,1m9XHnvoaBSHt9YWPSDpA0oznID2QLzoh
70603,טוביה פרידמן ומקהלת מזמור לתודה - אשר ברא,סיון תשפה,סינגלים חדשים,10KuhgS6dyIGHLIi9IxmNM45LHH4y3FxL
70604,יצחק בן ארזה - מחרוזת קבלת שבת,סיון תשפה,סינגלים חדשים,1PaHvb8h0leJwUZWJkx9GeUZ4UGCETdYR
70605,איציק קמפה - אנא עבדא,סיון תשפה,סינגלים חדשים,1UPWX0VQAfKYMSi6AtOx1wJ3cgOezqTWn
70606,איציק דדיה & בערי וועבער - שכינה ביניהם,סיון תשפה,סינגלים חדשים,1c2KBk1LvUCCtfYj3CmH6TSE9b5VppCSw
70607,אופיר סלומון & אלחנן משמרתי - מחרוזת שבת מנוחה,סיון תשפה,סינגלים חדשים,1WwVOWt4tiEvz2ZtPp9uGNoVyVX02K5oT
70608,יואלי קליין & ישעי' גרוס - שמחת התורה,סיון תשפה,סינגלים חדשים,10zyW9X-OD_bpXXErW44W6aBBhc4Cn6n9
70609,דני היימן - שיר המעלות,סיון תשפה,סינגלים חדשים,1YI61u1jm1KjVvlba9AZHAVes_qOlhc29
70610,מרדכי יצחק סאמעט - יחידתי,סיון תשפה,סינגלים חדשים,1JyNdU5diAbXozrSCeb0d8v2cAV92DXwF
70611,יהושע מרקוביץ - שומר ישראל,סיון תשפה,סינגלים חדשים,1eCGtw5ppcH2msbm_M9onqx11Xmhqz-If
70612,חילי וגשל & מענדי טווערסקי - עם כלביא,סיון תשפה,סינגלים חדשים,1J0rBONHn-evL16S9Zbc9UFjr8-eiqCjT
70613,יואי מוכניק - תורה,סיון תשפה,סינגלים חדשים,1gUW6FF_-mqkcAU6WxVnE3NKVHYBSjFXq
70614,רפאל מלול - טאטע,סיון תשפה,סינגלים חדשים,1fh617AvLPUgb5d-FCiZ5NWDywyZ1m4Qa
70615,אברימי מושקוביץ - א סקולען פארברענג 5 - תורה - תקציר האלבום,סיון תשפה,סינגלים חדשים,19hoHP63p5dKe1EaWvNIjCn-KrkPHXBea
70616,עזריאל געלב & דוד פעדער - הייליגע שבת,סיון תשפה,סינגלים חדשים,1zcfEUv8tpgTX4BIBbRJ6sNBTwXXOZ4cW
70617,בנצי ווברמן - זכותיה דרבינו,סיון תשפה,סינגלים חדשים,1Fi6UteFxgb4ksfzvJlZ61pFvG9M5eo9_
70618,יוני Z - We Will Dance Again,סיון תשפה,סינגלים חדשים,1_bLS5UivUkl2VVjfWgwLC5o5ONa1E9E-
70619,דני היימן - הודו לה',סיון תשפה,סינגלים חדשים,1dAf_bF87-qXAUHkwRd4WsMmVM5JK5ulc
70620,נפתלי חיים - אבוד בדרך,סיון תשפה,סינגלים חדשים,1YkPe3fF54ef-Le0xOYK5talpbEXMZAwf
70621,נתנאל אבקסיס - המלך,סיון תשפה,סינגלים חדשים,1gsyI_gU9HVeqrXR7LSbKnAKgILqI_CjT
70622,חיים הורוויץ - עקבתא דמשיחא,סיון תשפה,סינגלים חדשים,1eGX66tEwWFkUIuIYswAsIN7JkbiWaDPR
70623,אבי הס - תהילים פרק צ״א - יושב בסתר עליון,סיון תשפה,סינגלים חדשים,1uLCzZmNfai-UaXTdW-tH08a_yMyAlUid
70624,ברוך לוין & יוסי גרין - אל תירא מפחד פתאום,סיון תשפה,סינגלים חדשים,1OPxogzhFKGw2y8Zc75grrM2J8TbedNKI
70625,אלי פרידמן - בעל מלחמות,סיון תשפה,סינגלים חדשים,13xmcAoMzmPGPhxhHjVhRmOPoJvpvLfyO
70626,שמחה ליינר - New Day Will Rise,סיון תשפה,סינגלים חדשים,1HbPA4aC-deaHedx3ebwPkbrRgBSG6YIO
70627,יעקב קבילו - בונה ירושלים,סיון תשפה,סינגלים חדשים,14D8WPlUEDbHcj0NSWqcL2CnMB3dwW5sd
70628,אבי בן ישראל - שיר השפע,סיון תשפה,סינגלים חדשים,1a-8nVFpdQ2AszGmdn-fb64inCK9x6GX9
70629,שאול - תודה,סיון תשפה,סינגלים חדשים,1AwiaTL1moXVDWGtOTJmvBh4R4v1xA4VH
70630,מענדי ווייס & חיים פולק - ולעורר ליבי,סיון תשפה,סינגלים חדשים,1I1sXGC_qqaGS8cUboManXlvMJfB4kqYp
70631,אהר'לע סאמעט - השיר והשבח,סיון תשפה,סינגלים חדשים,17h_NU4IMSWJ3BrE3qhZSstWESB-O4kvh
70632,ליפא שמעלצר - זיידי ליפא'לע,סיון תשפה,סינגלים חדשים,1WU8U-ASIG8T06ErCL5piazujDJPpBefF
70633,בניה גרנות - ותשוב לשלום,סיון תשפה,סינגלים חדשים,1Vuy5HlNrHqoY4BYydZq5BTmk5z8Lqiqi
70634,חיים שלמה מאיעס - PROUD,סיון תשפה,סינגלים חדשים,1GshgJCrD37KllVPfeIvIDl2H7g39rQqx
70635,נתנאל - יבואו ימים,סיון תשפה,סינגלים חדשים,1ffH2-W151cbREkPGI5AnTPxOs9xNYhgU
70636,שמוליק סוכות - באותה השעה,סיון תשפה,סינגלים חדשים,1XyqB0NCfpfPvGgP0MGs8OFXdNgW1yv4W
70637,"זאנוויל ויינברגר, דודי קאליש, פנחס ביכלר, מקהלת מלכות, מקהלת חסידימלעך - הללוהו",סיון תשפה,סינגלים חדשים,1lHao7VJCM4woxtb8kHudBSUfy_lPhCGu
70638,ישראל סוסנה & תלמידי ת''ת בית רבן - אהבת תורה,סיון תשפה,סינגלים חדשים,15E5HxG93C1ibU_rcD-c6vzJKCebMmRaG
70639,נסים סאאל - ה' מלך,סיון תשפה,סינגלים חדשים,1GuvJP72-8XgPIERkJ5YACS29tRQRDtYe
70640,בני הורביץ - תלוי באמצע,סיון תשפה,סינגלים חדשים,1-VaPO2Br9bh4b11dK6TYQ4W1vb4-TW4x
70641,דוד חפצדי - בדרכים שהלכתי,סיון תשפה,סינגלים חדשים,152qSZKRCmXsILr_xaR3qd3S45G2fzvE1
70642,ציון גולן - ממעון שמיך,סיון תשפה,סינגלים חדשים,1p1TZrcd6_5-KdSEOPh6LigHTrtSkuwMd
70643,"שמוליק ויינריך, יאיר אדלר, מנדי גולדברג - לכה דודי אין לעלוב",סיון תשפה,סינגלים חדשים,1SHfCPkjNs3d-yucedugax9jX21JCsSQT
70644,יונתן רזאל - דוד Live,סיון תשפה,סינגלים חדשים,1wiJ-CuAQ1wLlai7xU4q4OifYiXAkJRJS
70645,צביקי רנד - מודים,סיון תשפה,סינגלים חדשים,1TspyaYYr9NSq-AG5lEE6SaN2P8odvG_r
70646,דודי לנדאו - מצווה טאנץ,תמוז תשפה,סינגלים חדשים,1RFn-y4V0lzkQqyeQmYiLqo2WNiZtOA9f
70647,צבי זילברשטיין & היום השמיני - Get It Done,תמוז תשפה,סינגלים חדשים,1mj8_M75lJ_aiscuzMOGHT7uyblSr-dWC
70648,איתן כ''ץ - ממקומך,תמוז תשפה,סינגלים חדשים,1Pqjlw8ZUk765D3zXKsTKCN6kD_T7NXWr
70649,"הערשי ויינברגר, שייע גרוס, יואלי קליין - די שיינקייט פון דער וועלט",תמוז תשפה,סינגלים חדשים,1GNacIkXciQ9k2srefUBmPGx4N348x5e8
70650,יעקב שוואקי & אליעד - שבת גן עדן,תמוז תשפה,סינגלים חדשים,1k-X19bhdwNjvaL6x9HDQL2Y8EDiy-wi6
70651,יעקב שוואקי - הכל יכול,תמוז תשפה,סינגלים חדשים,10CWzLzdo5nX7C-gkwrVf-dv6yRY0dv9S
70652,יעקב שוואקי - אני מאמין,תמוז תשפה,סינגלים חדשים,1Iftu54b7A5WZIYoyusiNR5Qf2fHXXczm
70653,יעקב שוואקי - לעולם לא ניפרד,תמוז תשפה,סינגלים חדשים,14Nd3QsiwMhxENWb0fadcDS2NyIH2Dnbu
70654,שי וינר - child of god,תמוז תשפה,סינגלים חדשים,1ap5eVwFtUrsTBrLq_cPjD1IegT_Gafne
70655,יעקב שוואקי & חיים ישראל - כולנו ילדים שלך,תמוז תשפה,סינגלים חדשים,1bWOm9CS_-QXTPxgppyG7MTeuHQR11dAD
70656,מרדכי שפירא - יהא רעוא,תמוז תשפה,סינגלים חדשים,1SpNd9YWeEbbr_Balsr-s5f9PM9TB0JG-
70657,חיים טווערסקי - באשיצט,תמוז תשפה,סינגלים חדשים,1WEiC6k_qdcSpa5e55bTtnuNHnCwqGQki
70658,"מענדי טווערסקי, BATMAZ, Sped-ed - For The Summer",תמוז תשפה,סינגלים חדשים,11YgN66cHF41x57kOYwnSssz5x57ZHkSC
70659,משה כהן - עוזר דלים,תמוז תשפה,סינגלים חדשים,1boQ-76IClIvIu2vhuYk8_JKlO5Duz2wS
70660,"ברוך לוין - מי אדיר, אודך, מי בון שיח",תמוז תשפה,סינגלים חדשים,1bM56Qu9M8MIBGwNM_G2S1eq71OAlaH8J
70661,יחזקאל ברעכער - אלוקי נשמה,תמוז תשפה,סינגלים חדשים,1fRUgjm1SK3HFWdsIoRXDBWmaLpclCV-D
70662,יניב בן משיח - ברך חתן וכלה,תמוז תשפה,סינגלים חדשים,1nJojuWWMSOidQOKQPLRrzt0pyLi8I4N2
70663,יניב בן משיח - אל תקצוף השם,תמוז תשפה,סינגלים חדשים,14bLppN_ZGBHPmjhJpLGJVEG4VUBoYnaO
70664,שיעלה רוט & מקהלת מלכות - אל תעזבני,תמוז תשפה,סינגלים חדשים,1oK9NYQCuexiykBtNjDTBf_ijOg_l2bYn
70665,עילי אבידני - עד הסוף איתך,תמוז תשפה,סינגלים חדשים,16Ogn0pRYIX5zq_3L_XMKp6ru_Hgi7DE0
70666,נפתלי כלפה ויוסף קרדונר - למענך,תמוז תשפה,סינגלים חדשים,1GAXUb6Hj05SsTsK9xW6fZW1s4E5nibqH
70667,אברמי שטרויס - איכה,תמוז תשפה,סינגלים חדשים,1yrZ3bSpAtjsZHXqW4Vn9N5sEnjKFJI-y
70668,בנצי שטיין & שמוליק סוכות - ויהיו רחמיך Live,תמוז תשפה,סינגלים חדשים,1WkAKdzi0MhQwmJPelwyAItPQJ7VH7mCd
70669,אברמי שטרויס & בנציון וועבערמאן - עוד ישמע,תמוז תשפה,סינגלים חדשים,1qv7oIhtuOaG6-FAmLMr-Rr7oMGWXh7EB
70670,אלי ביגון - מפי קל,תמוז תשפה,סינגלים חדשים,12zEHdd4WW_DTvy7Hv8NMLARlN5RM_TJy
70671,אבי מן & דוד שם טוב - אני מאמין,תמוז תשפה,סינגלים חדשים,1wHJVue9OXYW1fiYQPSFU0KNc42byS9VR
70672,שמואל & ישי ריבו - כל פעם מחדש,תמוז תשפה,סינגלים חדשים,1RMeVAxAVy68tBC4QCJ8BQcnKOiY4pZ92
70673,"מנדי גולדברג, מנדי ברנדווין, מקהלת מלכות - מחרוזת אם אשכחך",תמוז תשפה,סינגלים חדשים,1l-HbL7tbBnWkpQd67tc3qAWZtAqcylY1
70674,אלמוג חליבה & נהוראי אריאלי - עיני צופיה,תמוז תשפה,סינגלים חדשים,1H76f05n0b1YgGfPT_F3yGHLtcRUKESfD
70675,ישראל פרידמן & אליה חבה - אורות ממרחקים,תמוז תשפה,סינגלים חדשים,1TgLszaYVYR6edHVmsVf9BRL8vuweZPSk
70676,"עקיבא גרומן, אושי צייגר, מקהלת נשמה - מחרוזת דאנס",תמוז תשפה,סינגלים חדשים,1GtAosQhTDEisb49hLAvxxXci2Ha04G6r
70677,אלייצור - מלך הדור,תמוז תשפה,סינגלים חדשים,191K6xduJQX4_TFDSI9-T4YT7J7lTCuRS
70678,צביקי רנד - שבתי לירושלים,תמוז תשפה,סינגלים חדשים,1FQ4zAh9WIZhJ-HcOsQ48jFw8tTlv_UPC
70679,האחים ניילנדר - כל מקדש,תמוז תשפה,סינגלים חדשים,1OZrcCtxStZ4hlfza4swtMP7Gk6bZb22c
70680,שלמה שטאובר - ואני אשיר,תמוז תשפה,סינגלים חדשים,1oCxl2vxjH5SEO4Ip0FnmWOE4YamvUYqq
70681,מאיר גולדשטיין - איך וויל זיין א צדיק,תמוז תשפה,סינגלים חדשים,18DIDhT0jkEGPp0_U0kZVI1XXrSw7-sqa
70682,בצלאל שמיר - אבא שאוהב,תמוז תשפה,סינגלים חדשים,13CAUo3FeAwgxlrsa3xPUtiKbL3pmIcoC
70683,מאיר בנט & שיעלה הורוויץ - אם אשכחך ירושלים,תמוז תשפה,סינגלים חדשים,1wQxF8Y5BYtUKUZsK9M9K__u3n-Eep89K
70684,שמוליק סוכות - תדבר איתו Live,תמוז תשפה,סינגלים חדשים,1LKmUIRY__LIc6EKuyooUKT5rd4LmFoK1
70685,דניאל יטיב - רק רוצה לבוא Live,תמוז תשפה,סינגלים חדשים,1YugTiPBziiwfz_V701zpcDobYgWeZf0N
70686,HBS - מאמע לשון,תמוז תשפה,סינגלים חדשים,156PTHQKnOa5HV2lkKpJi7qQXO1VgUKgG
70687,שמעון בר יוחאי - ישקף,תמוז תשפה,סינגלים חדשים,1d59fg75xhqHVeThaN_aLRsDEmTdUlft2
70688,וואלף בער - במדת הרחמים,תמוז תשפה,סינגלים חדשים,1_SjFBY5n085nZVkTrNXKE3iZxqTOc2SJ
70689,הרמוניקה - פשטות,תמוז תשפה,סינגלים חדשים,1bAaDq_47thkgljK50IKwStRnQM-Fp1OC
70690,"עקיבא גרומן, יואלי יורוביץ, ארי קאליש, מקהלת קאפלה - אידישע מאמע",תמוז תשפה,סינגלים חדשים,1i0kdO8KM7zLAZVjD1VrR4cflGrSxiLu5
70691,בערי וועבער & הערשי ויינברגר - מחרוזת אל תירא,תמוז תשפה,סינגלים חדשים,1w4opVN67sUIsmCthx8-2sLiMAjFlid-8
70692,אלכס קלייר & אלי מרקוס - צמאה לך נפשי,תמוז תשפה,סינגלים חדשים,1pzaXFzF5BchCj1uyYG9fiN4jLOemENFf
70693,"סנדי שטיינר, יואלי קליין, שרוליק כהן - כהלל וכשמאי",תמוז תשפה,סינגלים חדשים,18zT-Ece1U0yxARS09hshFK6vKUbvzomB
70694,מוישי וייס & איצי וולדנר - הנני רופא לך,תמוז תשפה,סינגלים חדשים,1N9Z1VCn-kN4DcUFVJCSHxIrfcIw-UIm3
70695,שמוליק סופר - ניגון שמחה,תמוז תשפה,סינגלים חדשים,1D41is9xBx7rTyTD7xG8QrJcS-JZuZxly
70696,ר' יואל ראטה - א מחיה א גרויסע משפחה,תמוז תשפה,סינגלים חדשים,1ayGDPf0XLkFdZxc8D3uIgk7BRNOQumGm
70697,מאיר משעלי & מאור בן חיים - בת מלך,תמוז תשפה,סינגלים חדשים,1O1fERoW-Z1cMJzAPY7mfu93X6OcdXq_o
70698,משה מינץ - בוטח באחד,תמוז תשפה,סינגלים חדשים,1N-v0hrDQ2jQI-dF54e6l9oyaDm4HNOJS
70699,פרחי בית אל - יום זה מכובד,תמוז תשפה,סינגלים חדשים,1r9fksLYcybqnxrqNeN68-dlkM72c7kBh
70700,יובל טייב - מחרוזת חפלה 4 Live,תמוז תשפה,סינגלים חדשים,1k2oaouewmC4yo7kppcdQ8c_w7PCNl-K1
70701,אבי הס & אהרון זאב ברנשטיין - מקדש מלך Live,תמוז תשפה,סינגלים חדשים,1rDKYVLRcnx-SNC25CggMPmwGe15GWyQI
70702,שלוימל'ה קרישבסקי & יצחק פאמפ - אני מאמין,תמוז תשפה,סינגלים חדשים,1pXEa_H7N1TzeutUn4bRghkj3ApGTIjgH
70703,"יואלי דוידוביץ, שרוליק כהן, סנדי שטיינר, נחמן רוזנברג - גלות השכינה",תמוז תשפה,סינגלים חדשים,1wsb_MMukLW2adTyEFo3zMHuhrUl4ifnm
70704,מוטי ויזל - במעלות קדושים,תמוז תשפה,סינגלים חדשים,1Zs79Wh4T8YWrr9gO1idVq_5sBcI6HoLc
70705,אברומי איסלר - מה טובו,תמוז תשפה,סינגלים חדשים,1-EPXsau6gMYV06jKI4ku86BpD4jLa_-0
70706,ארי גולדוואג - Darkness To Redemption 6 - תקציר האלבום - ווקאלי,תמוז תשפה,סינגלים חדשים,19C1eqJwKkZhCOjQsCuMMl8_9frjj-5IG
70707,משה זרצקי - היה נא קרוב - ווקאלי,תמוז תשפה,סינגלים חדשים,1CQNUZt6ivGiugMiUir8_Ij_vAp3O3IxI
70708,לב טהור & מרדכי שפירא - גאולה - ווקאלי,תמוז תשפה,סינגלים חדשים,1l3p3rDZMeXrWwLGPvonmrudDQifY9Cvc
70709,יונתן שטרן & פנחס כהן - לאבא שלי יש סולם - ווקאלי,תמוז תשפה,סינגלים חדשים,10HEfimYrm8H6wU8P2QBzZts7Jinf5v48
70710,נחמן פילמר - סט ווקאלי חסידי תשפ''ה,תמוז תשפה,סינגלים חדשים,1KYGsPiDZ489C5vkbM8zqD_ly9TiySDGP
70711,אלי לוין - קל מסתתר - ווקאלי,תמוז תשפה,סינגלים חדשים,1jB3bZYx7Ih7G3t8m6Idd97hqIT5kF0kf
70712,אלעד שער - מי שאמר - ווקאלי,תמוז תשפה,סינגלים חדשים,1Bn5MKpzCZ8qC8PFBJMHEsrCVa0HUFvI2
70713,מאיר בן דרור - בקשו פני - ווקאלי,תמוז תשפה,סינגלים חדשים,1RVQjvzWkZ8KvOQAQDg-k-_kXIXHYxWkI
70714,אהרן בירק & ארי גולדוואג - הלב שלי - ווקאלי,תמוז תשפה,סינגלים חדשים,1pcgUdUQVuJ--6iKikebmRA6E3QmOO0yW
70715,ארי גולדוואג & רפאל קליין - שלח אהבתך - ווקאלי,תמוז תשפה,סינגלים חדשים,11g20A-m3zaBd9alYJ_PRKu9viD5hlkBN
70716,מאיר חג'בי & ליאור חג'בי - אני מאמין - ווקאלי,תמוז תשפה,סינגלים חדשים,15lKah1zJEvjaRy36qYaCHjBcdnQNC7RX
70717,עוזיאל דייטש - מתי תמלוך - ווקאלי,תמוז תשפה,סינגלים חדשים,1275gfW21qz67fmDkcbdN9rx1J3MuAh6w
70718,מקהלת ווקאל CHOIR - ובירושלים תנוחמו - ווקאלי,תמוז תשפה,סינגלים חדשים,18KcElR7HnE1zNpB3EI6aHCpujZ_NPaz2
70719,ארי גולדוואג & אלי קלמר - אמת מלכנו - ווקאלי,תמוז תשפה,סינגלים חדשים,1u2ZuBK5dwrxjtbFdT4lIXsIxNCrH7fCS
70720,איתן גדליה & ארי גולדוואג - אבא - ווקאלי,תמוז תשפה,סינגלים חדשים,19C7lLuiPVeK57w88lr3U90uP8nW4EKCK
70721,שלמה זמיק & ארי גולדוואג - אהבת חינם - ווקאלי,תמוז תשפה,סינגלים חדשים,1xOnadHpTTa2QOSJPNYz8QHRTGRpPgEMu
70722,איצי וולדנר & יחיאל שראן - מזמור לתודה - ווקאלי,תמוז תשפה,סינגלים חדשים,1pLEkUr9mJP6NE2it3H6oTntFT8-n-t-M
70723,יעקב שוואקי & מכביט'ס - קדיש - ווקאלי,תמוז תשפה,סינגלים חדשים,1UN1A7Ha3IgLjQQe9OXmo6VjUbq15V8yl
70724,משה קליין - להביט קדימה,אב תשפה,סינגלים חדשים,1MgZxn0ytpz777V_7ShtWNAJMz9qHN5XY
70725,טוביה אייכלר - פתח ליבי,אב תשפה,סינגלים חדשים,1hh4XbIrEyqs17ZikhSpb9teDInXDEGBX
70726,אביעד גיל & נריה אנג'ל - יתברך שמך,אב תשפה,סינגלים חדשים,1n6KRD4hNChtrrGE3aoA-qYfUgrLuVH1-
70727,אוהד מושקוביץ - לנצח,אב תשפה,סינגלים חדשים,1BpzesPHIOLrEhuVrELohaQtaqxO6TZKN
70728,יעקב שוואקי & אמיר דדון - גוף ונשמה,אב תשפה,סינגלים חדשים,1s66tpwj6i_bIyg0lXJEDHPY8VLvBL_M-
70729,שמוליק קליין - הלוואי,אב תשפה,סינגלים חדשים,1Tj7pX5Kv_tWZZ0h0pQmb9q3Pp6r7ngVk
70730,יעקב ישראל - לא שוכח להודות,אב תשפה,סינגלים חדשים,1dBjWxkyRI-EYnuZqaVxEn5_Z1AP4-QIY
70731,אהרל'ה וינטרוב - כ'אפטס אריין,אב תשפה,סינגלים חדשים,1FpwM0FY72qMGcB_st14AVTUUlmIBRrxD
70732,"אבי דויטש, ארי גולד, שמחה בירנהאק - מחרוזת להיטים",אב תשפה,סינגלים חדשים,139r6W63L8h-H6ZrEqjUfysF0grcRKTHY
70733,אודי דמארי - כמו גדול,אב תשפה,סינגלים חדשים,1SBMGebFHez-2HfZRZqrg8PCHFgw_ggPb
70734,איציק וינגרטן - יעננו,אב תשפה,סינגלים חדשים,1yq-JfRhl9bbYpMABCk_g7zjI5yBNDqre
70735,מקהלת שירה - שירים ושיעורים 5 - תקציר האלבום,אב תשפה,סינגלים חדשים,1TVIdPhmFHHq4CT4XNQgXlv90APF5VMm9
70736,יוסף גשטטנר - לבי - תקציר האלבום,אב תשפה,סינגלים חדשים,1UULssVNoGkeAIBlPBOHZuQurR4m3Ckx_
70737,אברהם מרדכי שווארץ & אנטשי פרידמאן - הייליגע שעפעלעך - תקציר האלבום,אב תשפה,סינגלים חדשים,1c4b_LSk4__x1tM3l6wT3byxXbJYrLYaK
70738,נחמן פילמר - סט רמיקסים קיץ 2025,אב תשפה,סינגלים חדשים,1LofMjhyF4YoWBgOjPBkbQh-3ev6KYOIR
70739,שמוליק שינדלר & מוישי כהנא - יודע תעלומות,אב תשפה,סינגלים חדשים,1ypFH-aKpGAfb_nuJlykj7mK9uF14I9lJ
70740,מני דיסקינד - לב נשבר,אב תשפה,סינגלים חדשים,1E-VMRRCIhf1uaQsGrhS3VzmuF2TdKir6
70741,יידל & מרדכי בן דוד - אתה השם,אב תשפה,סינגלים חדשים,1VkTYUHqlehU6Ixq7Yjdb-YkF8AQrbMnK
70742,זושא - איכה,אב תשפה,סינגלים חדשים,1ony1koL8dceWmJu1Sp5kse2n2tdMzDUp
70743,משה טישלר - והביאנו,אב תשפה,סינגלים חדשים,1DJ6FY9Fv66hbQGycruhcMOwqgq8FiBnS
70744,בנצי מרקוס - ונגלה,אב תשפה,סינגלים חדשים,1qqpNWcoEkA40e9N3kjf-neiG2UauXSGD
70745,ילד הפלא - בוני עולם,אב תשפה,סינגלים חדשים,1FI--6t1OsLUCYW_BBquz2VDXUhxBAFpg
70746,נסים סאאל - Ah! Mes Amis,אב תשפה,סינגלים חדשים,1-V7wttBuX2SlkL9usuo5EDHh5J4BHo5N
70747,מאט דאב & מרדכי שפירא - אנא עבדא,אב תשפה,סינגלים חדשים,1kmBGKtejqLJLonpqCGrMHiFS0pTU4KGQ
70748,בערי וועבער & מקהלת שירה - תדבר איתו,אב תשפה,סינגלים חדשים,11dGASph_2ZxJb7BNxBIG9OGEEPAT2Xge
70749,יוסף ניוקם & נפתלי קמפה - סלבודקא ניגון,אב תשפה,סינגלים חדשים,1JT_3568XEeuw-1LEdHK0Vf4gvQ8feROc
70750,נהוראי אריאלי - הלב שלי על דרייב,אב תשפה,סינגלים חדשים,1yghs6pz-CdSNlcrj8LY1a5ZuqpZcekLO
70751,"אייזיק האניג, ברוך שלום, מקהלת תנועה - קינדערלעך",אב תשפה,סינגלים חדשים,1qZ62jeo33xUswfgBSJ_7wbm7Wc-900h2
70752,אלחנן אלחדד - לצאת אל האור,אב תשפה,סינגלים חדשים,1NQ8KN-_nA6La_LssQ-FI04D0oRku7zYH
70753,הרשי אייזנבך - קל אחד,אב תשפה,סינגלים חדשים,1db6Yrr374KtxrK1NrHxcY1lOlLVjY13E
70754,יצחק צין - ברכת הבית,אב תשפה,סינגלים חדשים,1U9yLx2OdALrzFIcc4YlS_Yu-5at8rohH
70755,שמוליק פשקוס - די לעצטע מינוט,אב תשפה,סינגלים חדשים,1Xu1vsniJkQjbDyeUCuTRnURCTD6jCJkQ
70756,קובי ברומר & אברומי וינברג - לנגן & בלעדיך,אב תשפה,סינגלים חדשים,1jIBHYnPY8uHrQz_5IhYqb464tS8Jc2Dk
70757,חיים פורטל & קובי ברומר - עוד הכל יסתדר,אב תשפה,סינגלים חדשים,1WBVsED2HwDfQD9kNMxtxwSe0eJWMpha-
70758,קובי ברגר & יהודה פכטר - ותחזינה עינינו,אב תשפה,סינגלים חדשים,1dXzVgj3A7yRoCxmrbSUD7OvNeZUe3aBa
70759,"אברמי שטרויס, מאטי אטיאס, שייע גרוס - והוא כחתן",אב תשפה,סינגלים חדשים,1X1so9_QnKiBt_N3kIhgsqsBmeDX3qhE0
70760,עקיבא - אבא תודה,אב תשפה,סינגלים חדשים,10e9-QCKLmnecFB-k8wCjQWWqijTY4gLH
70761,פיני איינהורן - יד ביד,אב תשפה,סינגלים חדשים,1AMh_YSHRpiMnOIFwRQh0qRXbfLVF7ba0
70762,אהרן רזאל & בן ארצי - נפגש מחר,אב תשפה,סינגלים חדשים,1fT_RFwg4_Bg6BdB0rFv9gAObviUwl8mv
70763,שמחה אברמצ'יק - נפשי ישובב,אב תשפה,סינגלים חדשים,1f3gEwO9wvNAA4oCu5gT6Dlikm0t0iTbf
70764,ארי היימאן - אם אשכחך,אב תשפה,סינגלים חדשים,1OAwWezNRzRjwShdbHvMCFYHxREoGBd8t
70765,שמוליק גפנר - שלם ישלם,אב תשפה,סינגלים חדשים,1yvw5BG6HCQOakZ9DyTGvgH4VO2-B6LRm
70766,שלוימי דסקל - בעל הישועות,אב תשפה,סינגלים חדשים,1F_w0RbvujtDaeCKhs-DeeCzo2xbIeyUl
70767,מאיר אדלר - די שיפעלע פארט אין פארט,אב תשפה,סינגלים חדשים,1uRQzCKU4LYSULvBSYxcNWDhSzhRnmCNE
70768,יוסי רוטנר & רולי מנדלזון - המחרוזת,אב תשפה,סינגלים חדשים,1ymD_GY44UGZ0z2MfaizbbNWkRfUMHk-K
70769,יהודה נר - החיים שאחרי,אב תשפה,סינגלים חדשים,1UN5Nwh2Dp_bmPBtlAQkcHZOgEZ91EZRB
70770,ישראל פורטנוי - שיבנה,אב תשפה,סינגלים חדשים,17UMQkR-NvcTQj6t96gE7Xky7pN1Ik459
70771,הערשי בלייך - אויגעלעך,אב תשפה,סינגלים חדשים,1Vi-Mk4Hg99dQL9skji57WxQrzAkbsENV
70772,איצי וולדנר - נחמה,אב תשפה,סינגלים חדשים,1Kn9UKSdqkQ_e8mwbjd3I2vCmdKX2e0mW
70773,מקהלת משאלות & אהרן רזאל - מחרוזת אהרן רזאל,אב תשפה,סינגלים חדשים,1sLLqn197U8dbz0MVRi21DinZyTrQGGnZ
70774,יהושע מרקוביץ - אשת חיל,אב תשפה,סינגלים חדשים,1e39LcK_8txNOX6iPVff4mNTnae-lJdjM
70775,איצי קפלוביץ & ארי גולדוואג - תלמידי חכמים,אב תשפה,סינגלים חדשים,1tCUAZhNYINpll0DC4hn2zAT8be1Fmhu7
70776,זאבי ויינשטוק - נחמו,אב תשפה,סינגלים חדשים,1rD9X5arQ0fyJDVo6iCIlia5U6pMsa45H
70777,יוסף קרדונר - מלא טוב,אב תשפה,סינגלים חדשים,1sey3vOsxYURpsAR7z2o2SLv6UYbFpQWE
70778,יואל ושמואל אלהרר - שערי,אב תשפה,סינגלים חדשים,1cNjZw-0z_3v2aBLcDULMZFdr8lZ-Wg6W
70779,חילי וגשל - מיין זיידנ'ס אשת חיל,אב תשפה,סינגלים חדשים,1fZiwj2xDgJ0xvfpO73EsAHl6CzTBTZeU
70780,"אלייצור, איזי, בר צברי - תשמור עלי - Live",אב תשפה,סינגלים חדשים,1PZsJ5Nbv_QnrrPTlIC6-uppDofqjQkHs
70781,בערי וועבער - אשירה,אב תשפה,סינגלים חדשים,1vBSbO5hWcFeGAk-zgE8TPwGVPkPAWT0D
70782,בערי וועבער - לא לפחד,אב תשפה,סינגלים חדשים,1yOT02z8xak2vNAVsWzkajiKrb5iucUih
70783,בערי וועבער - ותשחק,אב תשפה,סינגלים חדשים,18u-XdZDzkPwk6w7gO4r0rpvtb2O2OIYH
70784,"בערי וועבער - אשירה, לא לפחד, ותשחק",אב תשפה,סינגלים חדשים,1XVl4t8tHImrf3UDQI7mCHAZRoZZUVB3Y
70785,שמחה פרידמן - מוכרחים לרקוד,אב תשפה,סינגלים חדשים,1S4N-xEaKzpvUi3GZcYC1duO_IZ0r9igq
70786,ארי גולד - מה רבו,אב תשפה,סינגלים חדשים,1o9cjt-6RJureK4a5f5TzIIKdd0OJjGoZ
70787,שי וינר - תן לעצמך לחלום,אב תשפה,סינגלים חדשים,1C_3CWMYbjAuB5B8P04p1y4jwO3_UwqoN
70788,שראל סופר - אני לא לבד,אב תשפה,סינגלים חדשים,1TdX5i7_riG29uBnC3W_vKu7Dp1AE27bk
70789,מוישי באדנסקי - לאמיר לערנען תורה,אב תשפה,סינגלים חדשים,1db9P34smZg5Pq8cwOAIlnygIlbca8gcM
70790,מוטי שטיינמץ - אמונה ובטחון - תקציר האלבום,אב תשפה,סינגלים חדשים,1AKhysuC1AwRtX3QWXFXDb4XCXGhTIl9e
70791,שוקי סלומון & שמוליק ברגר - שיר התקווה,אב תשפה,סינגלים חדשים,1U5eRp0PQszDnAvbgHyBX1IcTmHpy9TtH
70792,מוטי שטיינמץ - להודות,אב תשפה,סינגלים חדשים,1Q0zT0gYt0g8_rvEDDIL3gW2nRyWIcu3x
70793,"אברהם פריד, חיים ישראל, בנצי שטיין - נשמת",אב תשפה,סינגלים חדשים,1HpyzATt-6Vdlwg327Szj7irBCJxEjr1e
70794,מורדי ויינשטיין - אני מאמין,אב תשפה,סינגלים חדשים,1slNO14la1_PAX2ZaIObru7AjUrz5QuSJ
70795,אריה רובין - ומחה,אב תשפה,סינגלים חדשים,17qeIRDhcWsRCmCJ5XGRJivNWOvoz61go
70796,שלומי & מיילך משה פייג - ירושלים מיין קרוין,אב תשפה,סינגלים חדשים,1_vvy-JLTMpOvOocyFDO--d0VjFo19lyU
70797,נתן שוהם - בלעדיך,אב תשפה,סינגלים חדשים,1RZgf-JKK5MvPamSGANCViyiyZrDbM5VZ
70798,דניאל יטיב - לא צריך ת'סוף,אב תשפה,סינגלים חדשים,1DAKAacgMsA868lsGZpJYs6hvU028whGt
70799,"יואלי דוידוביץ, אהר'לע סאמעט, מקהלת מלכות, מקהלת חסידימלעך - בנים אתם",אב תשפה,סינגלים חדשים,1CF6BF_cIKIPogWvmI9hJw2NZYL30u_Xi
70800,שמעון קריימר & עקיבא קלר - ובחנוני,אב תשפה,סינגלים חדשים,1GbbUvAjqiya1IEf6anyryAaK3uMu0W2Z
70801,שרוליק מילר - חופה Live,אב תשפה,סינגלים חדשים,1SJHRW9ca3-vtTIZ-OG4AUvLDaAfOfYcN
70802,יניב בן משיח & עמי מימון - ככה השם רצה,אב תשפה,סינגלים חדשים,1olx0OikCdB46gTKt05iDpnJE87LfIcaW
70803,הערשי ויינברגר - פליגעלעך,אב תשפה,סינגלים חדשים,1RSnnC82qDUjliSOlMZR9pxVq-pwWJLVg
70804,משה דוויק - כולנו ילדים של מלך,אב תשפה,סינגלים חדשים,1mRVpZqtheq8LZ-YX-4_AVZbAHLhv7y3i
70805,ישי ריבו - עוד ישמע - גרסת החופה,אב תשפה,סינגלים חדשים,1xi-ZR49l7Fe5v3Pzh2zGbW-6HQxbkIGB
70806,נמואל - והיה ה',אב תשפה,סינגלים חדשים,1zFPfPVNnir0l1p8x-nk_hKeH7zaOvICK
70807,מקהלת נשמה & מונה רוזנבלום - זה היום,אב תשפה,סינגלים חדשים,1b6yHwxdpvRyp6--D8Y1CWj95NPaFKYNb
70808,"מרדכי בן דוד, יידל, שלומי גרטנר, נמואל - והכן Live",אב תשפה,סינגלים חדשים,1dstF4wHvjAjYTP4A9pp124jz9r85vVq6
70809,הערשי ויינברגר - א אינגעלע,אב תשפה,סינגלים חדשים,1w7h2X9K6f-rpOSjjYhRB4agUIxKpru3m
70810,נסים סאאל - La Donna E Mobile,אב תשפה,סינגלים חדשים,1gNsZSG_0EzEaHOgepgC1BVhiMEEv0DC0
70811,יודי ביאלוסטוצקי - מהרה,אב תשפה,סינגלים חדשים,10aIIJzYn4WaAT2a-9y3Vsw_i7WMZQlwU
70812,אידיש נחת - אשר יצר,אב תשפה,סינגלים חדשים,1yVMocXhgkJgezQZwl2_Vk21amMGSQzkd
70813,שמוליק סוכות - מתנות,אב תשפה,סינגלים חדשים,1lWc_tlpQ5D4qD3YE-yvXkCBitssP9c4q
70814,אפרים אטיאס - מעל הזמן,אב תשפה,סינגלים חדשים,1yJC_ZcTrPVxv1rMSrHjvkoMl58Ghp_Ox
70815,נחמן פילמר - סט רגאיי יהודי,אב תשפה,סינגלים חדשים,1bHKe_lkAaVQU2Zi_er9YwEHMbI7kC5Th
70816,אליה והב - עונת החתונות,אב תשפה,סינגלים חדשים,171AnIbL5oJDvCJmI0a0GX_mBDwQBnhhN
70817,אליה והב - אומן,אב תשפה,סינגלים חדשים,1pn42YtE8RQiZF4HQUaNnmaMX1tyN0yb9
70818,אבי הס - בשיר מזמור פרק ק׳ - מזמור לתודה,אב תשפה,סינגלים חדשים,1RbjBrAK1uMmRSvvNMZPI1IlK-zFIemO8
70819,לוי פאלקאוויטש & מקהלת שירה - מצוה,אב תשפה,סינגלים חדשים,1VRnWjhs5pEhip9rfJ7F-iiIfzqHDU2m0
70820,מקהלת TYH Boys - Finish Line,אב תשפה,סינגלים חדשים,1PySSD5jI06a-ONsoNCWWtX1PN_f-TE0T
70821,דוד חפצדי - מחרוזת אשיקסיין,אב תשפה,סינגלים חדשים,1Ir8haNUvEX24NxRWAvHkVSqcyvkkTEDc
70822,ישראל צוברי - ברכת כהנים,אב תשפה,סינגלים חדשים,1FVjD5PyQ99eR_lJ2QGSlQx1iOtcism33
70823,יענקי היל - שבת שלי,אב תשפה,סינגלים חדשים,1yn4UabVwZr-en7CFWMTv4ooDaY5G0rBD
70824,יובל טייב - תן בביט,אב תשפה,סינגלים חדשים,10ff_JG-NYiobqwQszMvI0dDTZUMQpuvv
70825,יצחק בן ארזה - למקדשך תוב,אב תשפה,סינגלים חדשים,1JiSQ9Cj-hD-Lws2D5qWUeUr2WLQdritg
70826,שעיה קיי - אני מאמין,אב תשפה,סינגלים חדשים,1JfWzJHn5HiEzFK3ecFhL9Q6SPk2FimFw
70827,יאיר משענייה - מהרה,אב תשפה,סינגלים חדשים,173AiolQ_Vt_3HIqz3e7cWm-TIJk52QRZ
70828,קובי מירסקי & ישיבת רש''י - מחרוזת תורה,אב תשפה,סינגלים חדשים,1-Ox9SRF8_BneYYuc8QVeOgoOsjxyUetS
70829,נותי פוקס - הללי נפשי,אב תשפה,סינגלים חדשים,1EFRjSycE8Thsmrtd7KmTGffqfA4I_IbU
70830,אביה שרמן & מוישי פרסברגר - יהודי פשוט,אב תשפה,סינגלים חדשים,1Z6ClDkKXOvXgve5QJuvqjOpSSOAeApgv
70831,אושי לנדסמן & מקהלת מלכות - א קאדאטשקע אין בני ברק,אב תשפה,סינגלים חדשים,1IFjm8-S7mKMQ2iXpNFfIuK3Eu7huiZdO
70832,מקהלת ידידים - מנאן,אב תשפה,סינגלים חדשים,1wZ1QJb0-jGQo7tPRtpNiq9ijeWlTFNPW
70833,HBS - טיק טאק,אב תשפה,סינגלים חדשים,1iPuLTrv35Xlzli7w4hclWJB2V06xPKX8
70834,גד אלבז & אבישי אשל - תקוות,אב תשפה,סינגלים חדשים,1EsG91IaloUiRifPdyfCDOxBojafW5o5Y
70835,"יואלי קליין, שרולי גרין, שייע גרוס, הערשי ויינברגר, מוישי שווארץ, חיים הורוויץ - ושכנתי בתוכם",אב תשפה,סינגלים חדשים,1WANILpmpiyF6JVjMpYe6-JhK47Yuub5F
